nome;lat;lng;descricao
A Buchadinha;-7.89696264266968;-34.9012489318848;Especialidade: buffet (rodízio). Avaliações elogiam o ambiente, o atendimento e o sabor da comida, com destaque para a buchada. Descrevem como ambiente familiar, com preços populares, onde se pode comer e beber à vontade. Uma avaliação classifica apenas como regular.
Açaí do rei;-7.90501832962036;-34.9074115753174;Especialidade: hambúrguer. A única avaliação elogia o atendimento por delivery e diz que o açaí é caprichado.
Aldeia Sushi Delivery;-7.90079402923584;-35.0634288787842;Especialidade: japonesa (sushi), japonesa. Avaliações mistas. Há quem ache tudo saboroso e recomende, mas há reclamações de peças frias, arroz empapado e doce, dúvida sobre a higiene do sushiman, mais arroz do que peixe, taxa de entrega alta, atrasos de mais de uma hora e pedidos incompletos. Um cliente antigo diz que a qualidade caiu e outro sugere melhorar o ambiente.
Altino´S Bar;-7.89784002304077;-34.8892650604248;Avaliações descrevem um lugar tranquilo e aconchegante, com diversas piscinas, bom para crianças se divertirem. Elogiam também a comida.
Bar Da Fava;-7.91569900512695;-34.9142017364502;Avaliações elogiam a fava, citada como a melhor de Abreu e Lima, com ingredientes de qualidade, porções bem servidas e preço em conta. Destacam o atendimento e o ambiente familiar. Um avaliador conta que passou só para comprar tira-gosto para acompanhar bebidas.
Bar de Castinho;-7.89501428604126;-34.8856983184814;Avaliações curtas e positivas, sem detalhes.
Batatinha Da Hora;-7.90677928924561;-34.9014892578125;Especialidade: lanchonete. Avaliações elogiam a batata frita, descrita como sequinha, crocante, sempre quentinha e com molhos caprichados, apontada como a melhor da cidade. Citam local limpo, preço bom para a quantidade e que aceita pix e cartão.
Boate Hawaii;-7.88988637924194;-34.9041137695312;Especialidade: pizza. Avaliações mistas. Elogiam a pizza feita na hora, os petiscos, a cerveja bem gelada e o ambiente agradável. Uma diz que o atendimento não é muito bom e outra o elogia. Um avaliador conta que o local era pizzaria e que não conhece o serviço de boate, e outro reclama que ligou e não foi atendido.
Bob's Shakes;-7.9213752746582;-34.8949108123779;Especialidade: fast-food. Avaliações elogiam sobretudo o atendimento de uma atendente, descrita como simpática, educada e atenciosa, e os milk-shakes e sorvetes. Uma mãe relata que o filho com TEA e seletividade alimentar foi atendido com muita paciência na explicação do cardápio.
Boi e Brasa;-7.89357995986938;-34.9035701751709;Especialidade: churrasco, drinks. Avaliações descrevem churrascaria com piano ao vivo, buffet de saladas, boa variedade de carnes e vinhos e estrutura para grupos grandes, com elogios ao serviço. Há reclamações de taxa cobrada na conta pela música sem aviso, de bebidas não pedidas lançadas na conta com demora para corrigir e de atendimento ruim.
Borges Pizzaria;-7.89178705215454;-34.9084911346436;Especialidade: pizza. Avaliações elogiam a pizza, a massa e o atendimento, feito pelo proprietário. Citam entrega rápida e promoção de pizza em dobro.
Boteco 55;-7.90555238723755;-34.9083881378174;Avaliações elogiam o ambiente confortável, a boa recepção, o atendimento e a comida. Um avaliador diz que é seu lugar preferido.
Boteco da Berna;-7.91300821304321;-34.9104404449463;Avaliações elogiam a comida, a bebida e o atendimento e descrevem ambiente familiar. Uma cita o preço da cerveja de 600 ml.
Boteco do Pizzaiolo;-7.92258262634277;-34.9330444335938;Especialidade: pizza. Avaliações descrevem lugar familiar e tranquilo, fora da avenida e por isso menos barulhento, com atendimento atencioso, pizza muito elogiada e preço bom. Uma reclamação relata que nada do cardápio estava disponível e que havia um só atendente dividido entre delivery e mesa. Outra diz que as informações nas redes sociais deixam a desejar.
Box China;-7.90779781341553;-34.9088916778564;Especialidade: chinesa, pizza. Avaliações elogiam a comida, o yakisoba, os preços populares e o custo-benefício, mas há várias reclamações de atendimento, tanto no balcão quanto no delivery: grosseria, deboche, antipatia, falta de informação, mensagens sem resposta e pedido que não chegou. Clientes antigos dizem ter deixado de pedir por isso.
Caldinho do Léo;-7.9178409576416;-34.9201641082764;Avaliações elogiam o caldinho, citado como o melhor da região, a cerveja gelada, o atendimento e os petiscos baratos. Uma avisa que não é o lugar mais apropriado para quem busca conforto.
Delícias da Véu;-7.89799976348877;-34.8976173400879;Especialidade: doces e padaria, doces. A única avaliação elogia sabores e texturas, diz que superou as expectativas e que virou cliente fiel.
Encontro dos amigos Bar;-7.90446710586548;-34.9191265106201;Especialidade: drinks.
Fábrica Frisabor;-7.92888498306274;-34.9220790863037;Especialidade: sorvete, doces. Avaliações descrevem a loja de fábrica ao lado da entrada da Frisabor, com sorvetes e picolés elogiados, preço mais acessível, mais de 45 sabores, bom atendimento e espaço para crianças.
Feijoada da Pri Comedoria;-7.9219913482666;-34.9166698455811;Especialidade: pizza, café. Avaliações elogiam a comida, o atendimento e o preço justo, e descrevem ambiente calmo com variedade de sabores.
Freds Pizza;-7.89974594116211;-34.9074573516846;Especialidade: pizza. Avaliações lidas são quase todas reclamações sobre o delivery: esperas de 2 a 3 horas, pedidos não entregues ou errados e telefone e WhatsApp que não respondem. Uma avaliação diz gostar muito da pizza e a considera uma das melhores da região, mas também aponta a demora na entrega.
Galeto Express;-7.90479850769043;-34.9035263061523;Especialidade: frango. Avaliações elogiam o galeto, de tempero suave e entregue quentinho, a costela no bafo, a qualidade dos produtos e a pontualidade da entrega. Um avaliador o chama de o melhor de Abreu e Lima.
Getuliu's restaurante;-7.92319965362549;-34.9123210906982;Especialidade: buffet (rodízio). Avaliações elogiam o almoço, com comida regional saborosa, preço bom, marmita bem servida e atendimento agradável. Há reclamações sérias sobre o delivery, com atrasos de cerca de 2 horas e um pedido que não foi entregue após longa espera.
Haro Sushi;-7.90668821334839;-34.9025936126709;Avaliações lidas são todas negativas. Quem foi ao local relata espaço sujo, sem lugar para sentar, e comida ruim no dia. No delivery há reclamações de atrasos, itens faltando, pedidos errados com frequência e atendimento que não responde. Um avaliador reconhece que a comida era boa em comparação a outros da região.
JC pastelaria gourmet;-7.90940380096436;-34.9097194671631;Especialidade: lanchonete. Avaliações elogiam os pastéis, apontados como os melhores da região, e o atendimento. Um avaliador diz ter visto o preparo de perto e destaca o cuidado no processo.
Lanchonete Presente de Deus;-7.90675163269043;-34.9015026092529;Especialidade: lanchonete. Avaliações descrevem lanchonete de ambiente familiar no centro, com variedade de lanches e caldo de cana gelado, tida como espaço tranquilo e seguro, com elogios ao dono. Há reclamações fortes de atendimento: funcionários mal-educados, recusa de atender perto da troca de turno e relato de que uma atendente só atende homens.
Lebella Pizzaria;-7.90849256515503;-34.9010906219482;Especialidade: pizza. Avaliações descrevem um barzinho aconchegante para ir com amigos, com música ao vivo nos fins de semana, cerveja bem gelada, pizza saborosa, bom atendimento e lugar para estacionar. Há uma crítica à qualidade dos petiscos, que fez o cliente deixar de ir, e um pedido de água corrente nos banheiros.
Long dog food truck;-7.89743709564209;-34.9057807922363;Avaliações elogiam a comida, em especial as batatas fritas, e destacam a higiene e a organização.
Mega Burguer;-7.92173957824707;-34.9312934875488;Especialidade: lanchonete, hambúrguer. Avaliações em sua maioria curtas e positivas, sem detalhes. Uma avaliação reclama que a comida já não é como antes e que não houve atendimento prioritário para um filho autista.
Mercadinho e Panificadora Renata;-7.89100027084351;-34.907735824585;Especialidade: padaria. Avaliações elogiam o pão, os salgados e o atendimento, e a apontam como a melhor padaria do bairro Desterro. Mencionam que aceita cartões.
Mr. Mix Milk Shake;-7.90639495849609;-34.9012908935547;Especialidade: sorvete, doces. Avaliações em sua maioria curtas e positivas, sem detalhes. Uma cliente diz gostar muito da franquia e lamenta que seus sabores preferidos de milk shake tenham saído de linha.
Nozomi Temakeria;-7.90556621551514;-34.9056148529053;Especialidade: japonesa (sushi), japonesa. Avaliações descrevem ambiente bonito, aconchegante e de fácil acesso, com elogios ao atendimento atencioso e rápido, aos preços acessíveis e à comida, como o rolinho primavera. Há uma crítica forte à qualidade: sushi com salmão congelado, kani com gosto de velho e yakisoba com frango cru e molho ácido.
O Rei da Carne de Sol;-7.91540479660034;-34.8985710144043;Especialidade: churrasco. Avaliações descrevem restaurante de ambiente familiar e ventilado, com elogios à carne de sol, aos pratos bem servidos e ao atendimento educado. Há críticas a estacionamento pequeno, preço acima da média, porções pequenas pelo valor, bebidas esquecidas e garçons que retiram os pratos antes de o cliente terminar.
Padaria Delizia Italiana;-7.92508316040039;-34.9258918762207;Especialidade: padaria. Avaliações elogiam a variedade, com tudo em um só lugar, os produtos e pratos gostosos e os funcionários educados e gentis. Um avaliador diz ser sua padaria preferida.
Padaria Dona Zizi;-7.8974814414978;-34.902307510376;Especialidade: padaria. Avaliações descrevem padaria pequena, aconchegante, limpa e bem organizada, com boa variedade e comida saborosa no café da manhã, almoço e jantar. Elogiam o atendimento atencioso, a temperatura agradável e os banheiros limpos. Citada como boa parada para café da manhã.
Padaria Nossa Senhora da Conceicao;-7.90514278411865;-34.901517868042;Especialidade: padaria. Avaliações são mistas e curtas. Há quem elogie o preço, o almoço e o atendimento e ache o lugar aconchegante. Outras reclamam de péssimo atendimento e de comida que veio estragada, ou dizem que o atendimento precisa melhorar.
Padaria Pão Mais;-7.90531539916992;-34.9179515838623;Especialidade: padaria. Avaliações são mistas. Uma elogia o pão, os produtos da lanchonete e o atendimento acolhedor. Outras reclamam de valor mínimo para cartão de débito, atendimento ruim, pão que piorou e produtos do mercadinho fora da validade ou de baixa qualidade. Uma das avaliações trata de outro lugar.
Padaria Pão Nosso;-7.92211484909058;-34.9317874908447;Especialidade: padaria.
Padaria Santa Rita;-7.90961265563965;-34.9040279388428;Especialidade: padaria. Avaliações descrevem padaria simples mas completa, onde se acha um pouco de tudo, com produtos gostosos e preços convidativos. Parte das avaliações é curta e positiva, sem detalhes.
Panlanches;-7.90938091278076;-34.9014263153076;Especialidade: padaria. Avaliações curtas e positivas, com poucos detalhes. Elogiam a comida e citam o café regional.
Parada certa;-7.91796255111694;-34.924144744873;Avaliações elogiam o atendimento, a comida saborosa e a cerveja bem gelada. As demais são curtas e positivas, sem detalhes.
Pizza Sette e Japa Sette;-7.90212059020996;-34.90114402771;Avaliações são mistas. Parte elogia a comida, a pizza, a variedade de opções, o preço e o atendimento, citando almoço em casal. Há reclamações sobre o valor da lata de refrigerante, taxa de serviço não informada com clareza e uma cobrança indevida que o restaurante reconheceu mas não teria ressarcido.
Pizzaria do Sérgio;-7.9177303314209;-34.9240322113037;Especialidade: pizza. Avaliações elogiam a pizza, apontada como a melhor da região, a sopa e a massa bem preparada. Descrevem ambiente aconchegante e familiar, com música ambiente, equipe atenciosa e bom serviço de delivery. Citado como bom lugar para o fim de noite em família e de fácil acesso.
Pizzaria Italiana;-7.91018724441528;-34.9039554595947;Especialidade: pizza. Avaliações elogiam o sabor da pizza, com destaque para a de Bauru, e a entrega que chega quente. O atendimento divide opiniões, com elogios e também uma crítica de que precisa melhorar muito. Uma pessoa relata que não encontrou o local em um sábado à noite e acha que pode ter fechado.
Pizzaria Varanda;-7.90817213058472;-34.9019756317139;Especialidade: pizza. Avaliações curtas e positivas, sem detalhes.
Point Da Tapioca;-7.90800714492798;-34.9014339447021;Especialidade: lanchonete. Avaliações apontam a tapioca como a melhor da região e elogiam o café, o guaraná do Amazonas, os preços baixos e o atendimento feito pela família dona do lugar. Clientes dizem frequentar quase diariamente. Uma avaliação lamenta que não aceitava cartão e outra, do próprio estabelecimento, diz que passaria a aceitar.
Popular Bar;-7.92192459106445;-34.9155139923096;Uma única avaliação lida, curta e negativa, sem detalhes.
Restaurante Catarinense;-7.91716051101685;-34.8973941802979;Avaliações descrevem um restaurante self service com buffet variado de saladas, carnes, frutos do mar, churrasco e sobremesa, elogiando a comida, a climatização e o preço justo. Há uma crítica forte de quem foi no Dia das Mães e achou o almoço caro, lotado e com comida fraca.
Restaurante Maria Bonita;-7.90775537490845;-34.902322769165;Avaliações elogiam a comida nordestina e o tempero, citando carne de sol, charque desfiada e parmegiana, além da decoração temática com canecas de alumínio e louça de barro. O ambiente é descrito como pequeno, bonito e confortável. Há críticas à demora dos pedidos, às porções pequenas e ao valor um pouco elevado, só com serviço à la carte.
Restaurante, Lanchonete e Loja de Conveniência Tempero Caseiro;-7.91412401199341;-34.8997898101807;Avaliações são em parte curtas e positivas. Uma elogia o atendimento, a comida com sabor caseiro, o ambiente limpo e o açaí de sobremesa. Outra diz que o atendente é simpático, mas que a comida não é saborosa, sempre falta algum item e que havia um só funcionário para muita gente.
Serpa Doceria;-7.90769529342651;-34.9064693450928;Especialidade: doces, padaria. Avaliações elogiam os doces, salgados e principalmente os bolos, além da dedicação e do bom atendimento aos clientes.
Sorvebis;-7.90696907043457;-34.9091548919678;Especialidade: sorvete, doces. Avaliações elogiam a qualidade e o sabor dos produtos, os preços baixos e acessíveis e o atendimento.
Sorvetes Frosty;-7.92010545730591;-34.9301700592041;Especialidade: sorvete, açaí. Avaliações elogiam a variedade e a qualidade dos sorvetes e açaís, com destaque para as paletas, e dizem haver opções até para quem tem restrições. Citam ambiente excelente e ótimo atendimento, sendo descrita como parada favorita de uma família.
Tapiokaria Gourmet;-7.90889024734497;-34.9018993377686;Especialidade: lanchonete. Avaliações elogiam a tapioca, os pratos, o atendimento e o ambiente aconchegante e familiar. Há uma reclamação de entrega pelo iFood, com uma hora de espera e pedido que não chegou ao endereço.
Tatá Amazonas;-7.91021013259888;-34.9082527160645;Especialidade: lanchonete. Avaliações têm tom misto. Elogiam o ambiente rústico, com cantinho para crianças e música ambiente. Há críticas de que a qualidade caiu, citando açaí, sucos e pão do hambúrguer diferentes do que eram, e uma reclamação de atendimento lento e de má vontade que levou o cliente a desistir do pedido.
Toca do Caranguejo;-7.91167593002319;-34.9032077789307;Avaliações descrevem um bar com sinuca, conhecido na região, de ambiente familiar e calmo onde se encontram amigos, com música em alguns dias que deixa o lugar mais animado.
V8 Tapiocaria;-7.91783571243286;-34.9234447479248;Especialidade: lanchonete. Avaliações elogiam a tapioca, citada como a melhor de Abreu e Lima, a sopa, o preço acessível, o lugar aconchegante e os donos receptivos. As opiniões divergem sobre a espera, com um elogio à rapidez e uma reclamação de cerca de 40 minutos por falta de funcionário.
Winha Refeições;-7.90969705581665;-34.9087162017822;Avaliações elogiam a comida, a variedade de pratos e o atendimento, com um cliente chamando de melhor restaurante de Abreu e Lima. A única ressalva é que o espaço é bem pequeno.
Zer081;-7.92282056808472;-34.9318790435791;Especialidade: hambúrguer, fast-food. Avaliações curtas e positivas, sem detalhes.
Ari Do Bar;-24.6570739746094;-49.0074615478516;Especialidade: lanchonete. Avaliações elogiam sobretudo os salgados, citados como os melhores da cidade, além do café e do atendimento personalizado. Também é descrito como bom lugar para tomar uma cerveja gelada.
Bar Brothers;-24.6575469970703;-49.0077819824219;Avaliações descrevem espaço e temática bem estruturados, com ótimo ambiente, e recomendam para quem gosta de balada.
Confeitaria & Padaria Efraim;-24.6569213867188;-49.0066375732422;Especialidade: doces e padaria, doces. Avaliação curta e positiva, sem detalhes.
Flat Beira Rio;-24.6589126586914;-49.0092391967773;Avaliações curtas e positivas. Uma delas destaca a vista para o rio e o ambiente agradável.
Lanchonete e Açaíteria Parada Obrigatória;-24.6568164825439;-49.0065994262695;Especialidade: lanchonete. Avaliações elogiam o atendimento e os itens do cardápio, citando porções, lanches, sorvetes e açaí. Um avaliador diz ser o melhor lugar para comer em Ribeira.
O Bistecao Restaurante;-24.6730537414551;-48.9850234985352;Avaliações descrevem buffet de comida caseira bom para paradas rápidas na estrada, com atendimento atencioso e rápido. É indicado como parada de almoço para quem faz o Rastro da Serpente. Sobre preço as opiniões divergem: uns acham razoável ou na média da região, outro achou um pouco caro pelo menu oferecido.
Ponto Café;-24.6646595001221;-48.9905281066895;Especialidade: café. Avaliações descrevem lugar aconchegante e respeitoso para uma parada e um café tranquilo, com atendimento elogiado. Destacam os salgados, os doces e o pastel, em especial o de costela. Uma avaliação observa que o espaço ainda é pequeno.
Restaurante Bela Vista - Parada 29;-24.8089790344238;-49.0419120788574;Avaliações descrevem restaurante de estrada no caminho do Rastro da Serpente, com almoço e jantar em buffet self service no fogão a lenha, comida fresca, boa salada e virado de feijão com ovos a qualquer hora. Elogiam atendimento e preço acessível. Há uma avaliação negativa dizendo que a comida e o atendimento são ruins.
Rota 476 - Bar E Petiscaria;-24.657527923584;-49.009593963623;Especialidade: drinks, pizza. Avaliações descrevem ambiente agradável, familiar e aconchegante ao lado da praça central, com ótimo atendimento, preço justo, cerveja gelada, pizza e caldinhos elogiados. Citam karaokê às quintas e som ao vivo nos fins de semana. Uma avaliação critica os drinks e caipirinhas, considerados aguados e sem sabor.
Serrano Hotel;-24.6586570739746;-49.008129119873;Avaliações descrevem hotel simples, com boas acomodações, bem limpo e organizado, quarto espaçoso, bons colchões e banheiro e café da manhã bom. Uma avaliação indica para estadia a trabalho.
Sorveteria Q-Delícia;-24.6627388000488;-48.990779876709;Especialidade: sorvete, doces. Avaliações descrevem lugar tranquilo, aconchegante e familiar, com muita variedade de sorvetes e açaí bem recheado. Elogiam o atendimento e o preço.
Sorveteria Verão Ribeira;-24.6580829620361;-49.0088996887207;Especialidade: sorvete, doces. Avaliações elogiam o açaí e o serviço. Uma delas reclama que o atendimento demora.
VÓ MARIA Padaria e Mercearia;-24.6570911407471;-49.0072135925293;Especialidade: padaria.
Bravios GastroPub;-25.9880657196045;-49.3370246887207;Especialidade: drinks. Avaliações elogiam o ambiente aconchegante e amplo, o atendimento atencioso e ágil e a comida, com destaque para os lanches, a carne bem assada, a salada de batatas e as porções generosas. Citam que aceita reservas e serve para ir com amigos ou família, inclusive em comemorações.
Hot Dog Da Praça;-25.989538192749;-49.3330764770508;Especialidade: cachorro-quente. Avaliações apontam o cachorro-quente como o melhor da cidade e da região, feito com capricho, com bom atendimento e bons preços. Há reclamações repetidas de demora na entrega, com a previsão sendo adiada de meia em meia hora mesmo em pedido antecipado.
Panificadora e Confeitaria Lulipan;-25.9898242950439;-49.3346557617188;Especialidade: padaria. Avaliações descrevem estabelecimento amplo, limpo e organizado, com ambiente agradável para um café da tarde. Elogiam salgados bem recheados, torta salgada e café moído na hora. Uma avaliação reclama de mau atendimento e pão seco, embora reconheça o ambiente bonito e limpo.
Panificadora Pão Delícia;-25.989839553833;-49.3360748291016;Especialidade: padaria. Avaliações elogiam o atendimento, o café e a qualidade dos produtos. Uma avaliação relata boa experiência mas diz que a coxinha comprada estava com o recheio azedo.
Piá do Pastel;-25.9888916015625;-49.3402404785156;Especialidade: lanchonete. Avaliações elogiam o pastel, descrito como fresquinho e bem recheado, com opções doces de fruta e salgadas, além do ótimo atendimento. O ambiente é citado como agradável e familiar.
Pousada Edinelson;-25.9882297515869;-49.3392219543457;Avaliações são mistas. Há elogios a quartos limpos e organizados, local simples e boa recepção. As críticas citam bar junto à pousada com conversa e música até tarde, falta de privacidade, ausência de ar condicionado, frigobar, toalha e sabonete, café da manhã modesto e só até as 7h, falta de placa na entrada e um quarto no subsolo com umidade e manchas na parede.
Primu's Pizzaria e Choperia;-25.988525390625;-49.3369064331055;Especialidade: pizza. Avaliações curtas e positivas na maioria. Uma descreve lugar aconchegante, familiar e hospitaleiro, com várias opções de pizzas doces e salgadas, lanches elogiados, chope gelado, ingredientes frescos e atendimento eficiente e educado.
Restaurante e Salão de Eventos HS;-25.9880619049072;-49.3368644714355;Avaliações descrevem hotel simples mas muito limpo, bem localizado, com estacionamento, ambiente agradável e atendimento elogiado. O buffet também é elogiado pelo tempero. Uma avaliação reclama da falta de café da manhã e de onde acomodar objetos no quarto.
Vô Nilo Restaurante;-25.9812927246094;-49.3365631103516;Avaliações descrevem restaurante de comida caseira saborosa, cuidado por uma família, com ambiente agradável, iluminado e arejado. Citam opções para vegetarianos e buffet livre com sobremesa inclusa. Uma avaliação nota que no sábado não havia opção por quilo, apenas buffet livre.
Açai Leste;-7.42535877227783;-34.9079914093018;Especialidade: açaí, sorvete. Avaliações elogiam o açaí, considerado muito bom e barato, e também os pastéis e o atendimento. Um avaliador diz ser o melhor de Alhandra.
Barracão 7 Portas;-7.39896440505981;-34.912088394165;Avaliações tratam o local como ponto de importância histórica para Alhandra, interessante para visitar e observar. Uma delas diz que não oferece conforto para quem quer passar tempo ali e outra gostaria de mais opções.
La Buena Pizzaria;-7.35404825210571;-34.9470539093018;Especialidade: pizza. Avaliações elogiam o ambiente bonito, bem decorado, confortável e acolhedor, e a pizza e demais itens do cardápio. Sobre o atendimento as opiniões divergem: vários elogiam, mas há relatos de demora, incluindo quase duas horas de espera pelo pedido e mesas da área externa sem atendimento. Uma avaliação acha o preço da pizza caro para a região.
Milk Shake Mix Alhandra;-7.43470573425293;-34.9121875762939;Especialidade: sorvete, doces. Avaliações indicam o milk shake como boa opção de gelados em Alhandra para ir com a família, com atendimento rápido e bons sabores. Há ressalvas ao espaço pequeno e a um milk shake de maracujá que veio com flocos de chantili endurecidos.
PANIFICADORA Ana Beatriz;-7.43450212478638;-34.9126873016357;Especialidade: padaria. Uma avaliação elogia o atendimento. Outra diz apenas que está fechado.
Panificadora Santos;-7.43508195877075;-34.9127540588379;Especialidade: padaria. Avaliações positivas elogiam o atendimento e a variedade de tortas, bolos, lanches e pães.
Papagaios Restaurante e Tapiocaria;-7.4014139175415;-34.95485496521;Especialidade: brasileira. Avaliações descrevem parada de beira de estrada que superou as expectativas, limpa, com boa comida e dono muito acolhedor. Citam papagaios no local, bem cuidados pelo proprietário, e dizem que é ótimo para crianças.
Pizza Já Alhandra;-7.43597555160522;-34.9133243560791;Especialidade: pizza. Avaliações elogiam a pizza bem recheada e os hambúrgueres, o ambiente limpo, tranquilo e bonito, os funcionários educados e a entrega rápida. Uma avaliação relata ida com a família.
Subway;-7.36302375793457;-34.9519519805908;Especialidade: fast-food. Avaliações curtas e positivas, sem detalhes.
Terraço Gril;-7.4237494468689;-34.9110889434814;Especialidade: churrasco. Avaliações são mistas. Há elogios ao self service, ao ambiente e a garçons prestativos e atenciosos. Uma avaliação diz não ter gostado da comida, da espera nem do preço. Uma das avaliações é texto sem sentido.
7 Lapa Bar e Lounge;-25.3122138977051;-49.2949104309082;Especialidade: espanhola. A única avaliação com texto descreve ambiente familiar e bom atendimento.
A Panificadora Gostinho do Pão;-25.3117370605469;-49.2985496520996;Especialidade: padaria. Avaliações divididas. Uma elogia doces e salgados de ótima qualidade, atendimento atencioso e preço justo, chamando de melhor panificadora da região. Outra relata encomenda de bolo e salgados para festa que foi esquecida e entregue com mais de uma hora de atraso, considerada falta de respeito. As demais são curtas e positivas, sem detalhes.
Açaí e Sorvetes Quinol Almirante Tamandaré Centro;-25.3106918334961;-49.2987060546875;Especialidade: sorvete, doces. Avaliações elogiam o açaí e o sorvete, o preço justo, o atendimento rápido e o ambiente confortável. Uma cliente antiga reclama de haver uma única atendente para anotar e montar os pedidos, o que fez o açaí chegar derretido.
Almirante Pizza;-25.3171520233154;-49.297550201416;Especialidade: pizza. Avaliações elogiam a pizza, a qualidade dos ingredientes, o atendimento e o preço. Citam entrega rápida, com a pizza chegando quente, e há quem a chame de melhor pizza de Tamandaré.
Amai Açaí;-25.3462734222412;-49.245475769043;Especialidade: sorvete, doces. Avaliações elogiam muito o açaí, descrito por mais de uma pessoa como o melhor que já comeu, além do atendimento e do preço acessível. Uma menciona também sorvete com baixo teor de açúcar.
Assados Adriano;-25.3134384155273;-49.286693572998;Especialidade: lanchonete. Avaliações elogiam as carnes assadas, como costela, coxa, frango recheado e espetinho, e o atendimento atencioso. Descrevem o lugar como prático para comprar assados e recomendam.
Assados do Veio;-25.3450794219971;-49.2432594299316;Especialidade: churrasco. Avaliações elogiam a carne, em especial as costelas e a de porco, e há elogio ao atendimento. Uma avaliação critica duramente o serviço e a organização, relatando que o dono não respeitou a fila e deixou clientes sem carne, e diz que não volta.
Assados Tamandare Disk Entrega;-25.3086643218994;-49.2969436645508;Avaliações majoritariamente negativas. Há reclamações de pedidos pagos e reservados que não foram guardados nem reembolsados, entregas que atrasaram horas ou não chegaram, falta de retorno e preços considerados abusivos na marmitex. Uma avaliação elogia a costela, macia e bem temperada.
Bailão Do Gaúcho;-25.2403144836426;-49.3375473022461;Avaliações descrevem lugar bom para curtir com amigos, com música, bebidas e espetinho, e ambiente familiar com donos atenciosos. Uma pessoa que só passa na frente elogia a localização e o estacionamento amplo.
Bapka Parque São Jorge;-25.3299770355225;-49.2738571166992;Especialidade: sorvete, doces. Avaliações elogiam o espaço amplo e aconchegante, a área kids, a variedade de sorvetes e açaí, o atendimento e o ambiente familiar. Há uma crítica ao calor dentro do local, com ventiladores insuficientes.
Bapka Tranqueira;-25.2614288330078;-49.2990875244141;Especialidade: doces. Avaliações elogiam o preço, o atendimento atencioso e o capricho nos sorvetes, e uma cita também a sopa. Há reclamação de a sorveteria não abrir aos domingos.
Bar 10:20;-25.3713359832764;-49.3073310852051;Avaliações destacam a feijoada de sábado e o bolinho de carne, citando também dias de dobradinha e de pastel. Descrevem espaço rústico e aconchegante, com atendimento familiar e tranquilo.
Bar Da Santina;-25.3258094787598;-49.3158950805664;Avaliações descrevem um bar raiz, com balcão, cerveja gelada, mesa de sinuca, conservas e o bolinho de carne da dona Santina. Elogiam o atendimento, o clima agradável e a música de modão.
Bar E Lanchonete Parada Obrigatória;-25.3211212158203;-49.3022270202637;Avaliações descrevem ambiente tranquilo, familiar e de respeito, com ótimo atendimento, bons lanches e porções. Citam como lugar para beber, se distrair e fazer amizades.
Bar e Mercearia Manfron;-25.2545108795166;-49.349609375;Avaliações descrevem uma mercearia à moda antiga que tem de tudo, de doces a peças de moto, usada como ponto de parada por quem faz enduro e pedala na região. Elogiam a gentileza de quem atende, incluindo relato de ciclistas perdidas que foram ajudadas.
BAr e Mercearia Nei;-25.3435096740723;-49.2985763549805;A única avaliação com texto descreve lugar agradável e ótimo atendimento.
Bem bom lanches;-25.310905456543;-49.2981834411621;Avaliações divididas quanto aos salgados. Parte chama de melhor lanchonete da cidade, com lanches frescos, e elogia o empadão e a coxinha de costela. Outras reclamam de salgados com muita massa e pouco recheio e de cachorro-quente seco. O atendimento é elogiado inclusive por quem criticou a comida.
Berry Veg;-25.3484134674072;-49.2680892944336;Avaliações de clientes vegetarianos e não vegetarianos elogiam o sabor e o tempero dos hambúrgueres e coxinhas, a qualidade das embalagens, o atendimento atencioso, a entrega e o preço acessível. Os relatos são de compras por encomenda e entrega.
Big Burguer Tanguá;-25.3700523376465;-49.305736541748;Especialidade: hambúrguer. Avaliações curtas e positivas, sem detalhes.
Bob Esponja Container Shawarma;-25.3267459869385;-49.2755317687988;Especialidade: lanchonete. Avaliações com texto trazem reclamações de entrega: pedido que demorou horas e chegou frio e com cabelo, e pedido que não foi entregue sem qualquer aviso. Uma diz que já foi muito bom e piorou. Há uma avaliação positiva que fala de cuidado com carro, aparentemente sobre outro serviço, e outras curtas sem detalhes.
Boteco da Marli;-25.3460483551025;-49.251708984375;Avaliações elogiam o atendimento, a comida caseira, os lanches, as carnes e assados de fim de semana, a variedade de bebidas e petiscos e a música no local. Descrevem ambiente confortável e bom custo-benefício para passar o fim de semana e se distrair.
Buena Pizza;-25.3133106231689;-49.3000373840332;Especialidade: pizza. Avaliações curtas e positivas, sem detalhes.
Buffet e Lanchonete São Jorge;-25.3266334533691;-49.2763748168945;Avaliações elogiam a comida caseira, o preço baixo e o atendimento, e citam que a cada dez marmitas se ganha uma.
Cabanha Do Inquieto Eventos;-25.2999610900879;-49.2998962402344;Avaliações elogiam o atendimento, a educação e a paciência da equipe e descrevem espaço amplo, limpo e a céu aberto, com aulas de equitação, laço, baliza e tambor, equoterapia, cavalgada e espaço para festas. Há crítica às ruas de acesso, ruins e esburacadas. Outras avaliações são curtas e positivas.
Cafes Bara;-25.3793449401855;-49.3094367980957;Avaliações elogiam o café de torra artesanal, fresco e saboroso, e uma diz que é recomendado por toda a equipe de uma empresa. Falam do produto, não de um ambiente para consumo no local.
Camarote do Hot Dog;-25.3126945495605;-49.2997169494629;Especialidade: hambúrguer. Avaliações elogiam o cachorro-quente, com bastante molho e purê, e o atendimento. Uma o chama de melhor dog de Tamandaré.
Cantinho Do Lanche;-25.3269309997559;-49.2736511230469;Uma avaliação chama de melhor dog da cidade e recomenda. A outra é um anúncio de serviço de terceiros, sem relação com o lugar.
Carioca's Bar;-25.3460273742676;-49.2600593566895;Avaliações descrevem lugar aconchegante e divertido, com ótimo atendimento, boas porções e cerveja bem gelada, bom para bater papo com amigos.
Celeste Churrascaria;-25.2632522583008;-49.3033180236816;Especialidade: churrasco. A única avaliação detalhada é crítica: buffet simples e com pouca variedade, churrasco fraco, ambiente sem decoração e preço que não compensa, embora os atendentes sejam educados e cordiais. As demais são curtas e positivas, sem detalhes.
Centro De Treinamento PD Training;-25.2612190246582;-49.2997245788574;A única avaliação com texto é de alguém que treina no local e elogia a atenção da equipe.
Chácara Refúgio do Vale;-25.3395118713379;-49.3019485473633;Avaliações descrevem espaço rústico para eventos e casamentos, com área coberta, bar, buffet, campo de futebol, trilhas e parquinho, e elogiam buffet, equipe e liberdade para decorar. Há queixa de atendimento grosseiro pelo WhatsApp, sem esclarecer dúvidas, e outra de que não fornecem material para trabalho.
Chás Real;-25.3237209320068;-49.3091239929199;Avaliações elogiam a qualidade dos chás da marca, citada como paranaense. Uma avaliação reclama de não encontrar o chá preto na sua cidade e relata decepção com um pacote de erva-mate para chimarrão. Algumas avaliações são curtas, sem detalhes.
Comiloso Burger Cia;-25.3434181213379;-49.2712059020996;Especialidade: hambúrguer.
Condomínio Colinas do Sol;-25.3722629547119;-49.3123397827148;Avaliações curtas e positivas, citando o condomínio como lugar tranquilo para morar.
D'Bronx Burger;-25.3496570587158;-49.2651710510254;Especialidade: hambúrguer, fast-food. Avaliações curtas e positivas, sem detalhes.
D'Vina Lanches;-25.3405323028564;-49.2700500488281;Especialidade: fast-food. Avaliações elogiam os lanches e o hot dog, citados como dos melhores da região, com ingredientes frescos e de qualidade e preparo cuidadoso. Também elogiam o atendimento atencioso e educado.
DI Marzotti Pizzaria;-25.3423614501953;-49.2696113586426;Especialidade: pizza. Avaliações elogiam a pizza, a variedade de sabores, as bordas recheadas e o preço, além do atendimento rápido. Há reclamação de erro repetido no sabor da borda em pedido e de falta de atenção no serviço.
Dom Marcelotte Pizzaria;-25.35085105896;-49.297908782959;Especialidade: pizza. Avaliações elogiam a pizza de massa fina e crocante, os ingredientes de qualidade e o atendimento, inclusive o retorno dado após um imprevisto na entrega. Uma avaliação reclama que o recheio diminuiu em relação ao preço.
Dom Veiga's Cachoeira;-25.3362045288086;-49.2754402160645;Especialidade: pizza. Avaliações elogiam a pizza bem recheada e com ingredientes de qualidade, o atendimento e a entrega no prazo e quentinha. Algumas avaliações são curtas, sem detalhes.
DonJhonn;-25.3106918334961;-49.2977561950684;Especialidade: pizza. Avaliações mistas. Parte elogia o sabor da pizza, o atendimento e a entrega rápida. Há reclamações de atraso de cerca de uma hora em pedido para retirada, descumprimento de prazos, bacon com gosto de velho e garçonete sarcástica.
Du Leo Pizzaria;-25.2611827850342;-49.2984619140625;Especialidade: pizza. Avaliações elogiam as pizzas, o atendimento atencioso, a entrega rápida, os preços e as promoções no delivery. Citam bom ambiente e vaga de estacionamento na frente.
Duznata;-25.3758716583252;-49.311824798584;Especialidade: padaria, café. Avaliações elogiam pães, bolos, tortas, sobremesas e salgados, sempre frescos, com destaque para o banoffee, e o atendimento. Há um relato de constrangimento em que uma atendente do caixa acusou sem provas a filha de uma cliente de abrir doces.
Emoji Pizzarias;-25.3548679351807;-49.2900581359863;Especialidade: pizza. Avaliações elogiam a pizza bem recheada, a massa saborosa, o catupiry de verdade e a entrega rápida pelo iFood. Clientes relatam pedir com frequência e manter a qualidade.
Empório Todos os Sabores;-25.3116703033447;-49.2973747253418;Avaliações descrevem loja de produtos naturais com boa variedade e elogiam o atendimento e a qualidade dos produtos.
Espetinho da Maria;-25.3185234069824;-49.2810974121094;Avaliações mistas. Parte elogia o bar para jogar sinuca, a variedade de lanches, o preço acessível e o tempero. Uma avaliação critica o tempero e o atendimento e diz que não volta.
Espetinho Do Diegueira;-25.3397808074951;-49.270809173584;Especialidade: churrasco. Avaliações elogiam os espetinhos e o hambúrguer, o tempero e a carne macia. Há várias reclamações de longa espera, pedidos entregues errados e atendimento grosseiro, presencial e online. Uma avaliação diz que o lugar está sempre cheio e que a espera valeu a pena.
Família da Pizza;-25.3756999969482;-49.3116722106934;Especialidade: pizza. Avaliações elogiam a pizza muito recheada, os ingredientes de qualidade e o atendimento, citando como a melhor pizzaria da região. Uma avaliação reclama de pizza de strogonoff salgada e do preço.
Família Salles Restaurante;-25.3130073547363;-49.2990303039551;Especialidade: buffet (rodízio). Avaliações elogiam a comida caseira e fresca, as marmitas de bom tamanho, o ambiente aconchegante e o atendimento, inclusive na entrega. Uma avaliação cita problemas pontuais com pedidos, atraso de marmita e carnes que nem sempre agradam. Algumas avaliações são curtas.
Family Machado Burgers & Hot Dogs;-25.3260688781738;-49.2715835571289;Especialidade: lanchonete. Avaliações curtas e positivas. Uma elogia os lanches, o atendimento e a variedade de bebidas e lanches.
Fish house;-25.3442554473877;-49.2425575256348;Especialidade: frutos do mar. Avaliações mistas, na maioria sobre delivery. Parte elogia o camarão e o peixe. Há reclamações de porções menores que o anunciado, comida fria, demora no atendimento e falta de resposta por mensagem. Uma avaliação acha a batata engordurada.
Fornalli Marmitaria E Pizzaria;-25.348747253418;-49.2954521179199;Avaliações na maioria elogiam a pizza bem recheada e o atendimento rápido e simpático. Uma avaliação negativa descreve pizza gordurosa, salgada e com pouco recheio, e taxa de entrega igual à de pizzaria mais distante.
Forno De Casa;-25.3452796936035;-49.2667770385742;Especialidade: padaria.
Gebon Cachoeira;-25.3395614624023;-49.2703323364258;Especialidade: sorvete, doces. Avaliações mistas. Elogiam os sorvetes e o açaí, o lugar limpo e os brinquedos para crianças. Há reclamações de atendimento grosseiro, cobrança pela colher, preço mais alto que o de concorrente, cheiro de esgoto e música ruim.
Giaretta Pães Almirante;-25.3082847595215;-49.2949142456055;Especialidade: padaria. Avaliações elogiam a qualidade dos produtos, mas a maioria reclama do atendimento, com atendentes de má vontade, cara fechada e demora. Uma avaliação elogia o atendimento de uma funcionária específica.
Hot Dog Padilhas;-25.3417739868164;-49.2537803649902;Especialidade: lanchonete. Avaliações elogiam o lanche e o atendimento e descrevem o lugar como muito legal.
J.C Kiosque;-25.3115482330322;-49.2948226928711;Especialidade: lanchonete. Uma única avaliação, que elogia a coxinha como uma das melhores que o avaliador já comeu e recomenda o lugar.
Jhon Jhon Hot Dog;-25.350830078125;-49.2975540161133;Especialidade: lanchonete. Avaliações mistas. Parte elogia o lanche como o melhor da cidade, saboroso, bem embalado e caprichado. Há reclamações de atraso recorrente na entrega, de mais de 30 minutos, e uma crítica forte a cachorros-quentes de promoção pedidos por aplicativo que vieram quase sem recheio, com resposta ruim da loja.
KDF Dog Express;-25.3407649993896;-49.2675628662109;Especialidade: lanchonete. Avaliações bem divididas. Há elogios ao cachorro-quente bem recheado, saboroso e com entrega rápida, citado como o lanche mais gostoso da região. Também há reclamações de pão seco e recheio com gosto estranho, lanche que veio diferente do anunciado, entrega com horas de atraso, lanche frio e atendimento grosseiro.
Kielo Pizza;-25.3433494567871;-49.2678833007812;Especialidade: pizza. Uma única avaliação, curta e positiva, sem detalhes.
Lanches Do Dinão;-25.2390632629395;-49.2981300354004;Especialidade: lanchonete. Avaliações elogiam os lanches saborosos, citados como os melhores da região, o ambiente limpo e higiênico e o atendimento gentil.
Lanchonete Bontorin;-25.3133449554443;-49.298656463623;Especialidade: lanchonete.
Lanchonete e Restaurante La'Realeza;-25.3127384185791;-49.2981376647949;Especialidade: brasileira. Uma única avaliação, que recomenda a comida caseira, gostosa e de preço bom, citando o prato feito e a limonada suíça.
Lanchonete Oca do Pastel;-25.3285102844238;-49.2741317749023;Especialidade: lanchonete, brasileira. Avaliações elogiam os salgados fresquinhos, com qualidade mantida há cerca de 30 anos segundo um cliente antigo, com destaque para o bolinho de carne e o café quente. Descrevem o local como simples e com bom atendimento. Outras avaliações são curtas e positivas.
Le Piege Motel Thèmatique;-25.3440322875977;-49.2838172912598;Avaliações curtas e positivas, sem detalhes.
Marmitas Carminha;-25.3371162414551;-49.2499961853027;Avaliações elogiam as marmitas de comida fresca, saudável e personalizada, bem temperada e com ingredientes de qualidade, além de pães, tortas, bolos e caldos. O atendimento é descrito como atencioso e caprichoso.
Mercearia do Português;-25.3490333557129;-49.3045463562012;Avaliações em geral positivas, elogiando pães fresquinhos, muitos doces, limpeza, produtos de qualidade e bom atendimento. Há uma reclamação de que o pão piorou, ficando cascudo e azedo, e de atendimento mal-educado da dona.
Moreno Pastelaria;-25.3421497344971;-49.2692832946777;Avaliações elogiam os pastéis e salgados, citando a coxinha de frango com catupiry, e o atendimento. É chamada de melhor pastelaria da região e recomendada para todas as idades.
Motel Napoleon;-25.3436698913574;-49.2830009460449;Avaliações mistas. Três são curtas e positivas. Duas são muito negativas, relatando quarto sujo, com cheiro de cigarro e teias de aranha, falta de lençol e cobertor, roupa de cama com mau cheiro, hidro e chuveiro que não esquentam, comida ruim e atendimento grosseiro na recepção.
New Point Pizzaria;-25.3145942687988;-49.3008270263672;Especialidade: pizza. Avaliações curtas e positivas, sem detalhes.
Nido's;-25.3390560150146;-49.2705307006836;Avaliações curtas e positivas, sem detalhes.
Nilson lanches;-25.2593517303467;-49.3025741577148;Especialidade: hambúrguer. Avaliações em geral positivas, chamando o lanche de o melhor da região metropolitana de Curitiba. Há uma reclamação de lanche extremamente salgado. As demais são curtas e positivas.
Nobre Família Panificadora e Confeitaria;-25.3452472686768;-49.242992401123;Especialidade: padaria. Avaliações elogiam os preços bons, a qualidade dos produtos, o pastel bem recheado e o café colonial com bom custo-benefício. O atendimento é elogiado por parte dos avaliadores, mas uma avaliação o descreve como grosseiro e ríspido e acha os preços um pouco altos.
Oba Gastronomia;-25.3786277770996;-49.3092575073242;Avaliações descrevem um lugar com boa música e boa comida, citando sarau e rodízio, com ambiente familiar e agradável e bom atendimento dos garçons.
Panificadora Deco;-25.333812713623;-49.26806640625;Especialidade: padaria. Avaliações elogiam o pão francês, os pães fresquinhos, os produtos e o atendimento.
Panificadora Doce Sabor;-25.3420791625977;-49.2756233215332;Especialidade: padaria, doces e padaria. Avaliações elogiam os produtos fresquinhos e de qualidade e o bom atendimento.
Panificadora e Confeitaria Arte do Pão;-25.3356533050537;-49.2686233520508;Especialidade: padaria. Avaliações curtas e positivas, sem detalhes.
Panificadora e Confeitaria Duznata;-25.3759422302246;-49.3118553161621;Especialidade: padaria, café. Avaliações elogiam o atendimento, as sobremesas, bolos, tortas e salgados, com destaque para o banoffee e o bolo de prestígio, e a clientela fiel. Há uma reclamação de uma mãe sobre uma atendente do caixa que acusou a filha, sem prova, de abrir doces, situação descrita como constrangedora.
Panificadora e Confeitaria Palladar;-25.3123188018799;-49.3100700378418;Especialidade: padaria. Avaliações elogiam pães, salgados e bolo confeitado, o atendimento educado e o ambiente confortável e organizado. Citam bons preços e custo-benefício e recomendam para café da manhã.
Panificadora Nova Morada;-25.3423557281494;-49.2485198974609;Especialidade: padaria. Avaliações elogiam salgados, bolos, pão quentinho e pão de queijo, além do atendimento gentil e dos preços. Uma avaliação observa que não há espaço para consumo no local.
Panificadora PaniPão;-25.3458557128906;-49.2514610290527;Especialidade: padaria. Avaliações mistas. Há elogios a doces, bolos, tortas, café com leite e ao atendimento. Há também críticas fortes: atendentes de cara fechada ou que zombam de clientes, pouca variedade, preço um pouco alto, vale-alimentação não aceito na máquina e um relato de coxinha com larvas.
Panificadora Pão e Arte;-25.3473491668701;-49.2656059265137;Especialidade: padaria. Avaliações elogiam os salgados, como empadão, hambúrguer e coxinha, e o atendimento educado e prestativo dos funcionários. Uma avaliação diz que é bom para ir acompanhado.
Panificadora Thabata;-25.3157253265381;-49.3101959228516;Especialidade: padaria. Avaliações elogiam o pão, o bolo de milho e os produtos frescos, além do atendimento receptivo e atencioso.
Panificadora Timoneira;-25.3090496063232;-49.2978057861328;Especialidade: padaria. Avaliações citam equipe acolhedora e hospitaleira. Uma descreve como bom lugar para encontro no fim do expediente com cerveja gelada e outra como opção de café da manhã aos domingos por abrir cedo.
Panificadora Vó Ni;-25.3467063903809;-49.297679901123;Especialidade: padaria. Avaliações em maioria positivas, elogiando lanches, pães, doces, atendentes e entrega rápida pelo iFood. Há uma crítica forte a salgado com massa dura e gosto de óleo velho e a um hambúrguer ruim.
Pizza do Rosa;-25.3132305145264;-49.2964477539062;Especialidade: pizza.
Pizzaria Amadiu;-25.3337421417236;-49.2647399902344;Especialidade: pizza, sorvete. Avaliações mistas. Elogiam sorvete, milk-shake, açaí e pizza recheada de massa fina, com entrega rápida e motoboy educado. Há críticas de pizza com muita massa e pouco recheio, batata que chegou congelada e atendimento ruim.
Pizzaria D'Mark's;-25.3339996337891;-49.2785263061523;Especialidade: pizza. Avaliações divididas. Algumas elogiam a pizza caprichada, as promoções e o atendimento alegre e personalizado. Uma relata atendimento horrível e não recomenda.
Pizzaria D'vini;-25.3206615447998;-49.2795066833496;Especialidade: pizza. Avaliações curtas e positivas, sem detalhes.
Pizzaria Diana Rocio;-25.3459377288818;-49.2466087341309;Especialidade: pizza. Avaliações elogiam a pizza de massa fina e bem recheada, os ingredientes de qualidade, os bons preços e a entrega rápida. Descrevem atendimento atencioso e ambiente familiar e tranquilo, bom para ir com a família.
Pizzaria Dom Divina;-25.3457431793213;-49.2424011230469;Especialidade: pizza. Avaliações majoritariamente negativas. Reclamam de pizza com massa crua e oleosa, pedido errado, combo anunciado não cumprido e entrega com quase duas horas de atraso, chegando fria. Uma avaliação diz que a pizza e o atendimento no balcão são bons.
Pizzaria Dom Segalla;-25.3562602996826;-49.2892303466797;Especialidade: pizza. Avaliações em maioria elogiam a pizza como macia, bem recheada e saborosa, apontada como a melhor da região. Uma avaliação reclama de pizza queimada e de recusa em fazer a troca.
Pizzaria e Esfiharia do Bairro;-25.3397083282471;-49.2728805541992;Especialidade: pizza. Avaliações curtas e positivas elogiam a pizza e o atendimento.
Pizzaria Estrela Guia;-25.3413982391357;-49.2507553100586;Especialidade: pizza. Avaliações mistas. Uma elogia sabor, tamanho, cobertura, preço e promoções. Várias reclamam de pedidos com sabores errados, pouco recheio, queda de qualidade e atendimento grosseiro ao resolver problemas.
Pizzaria Gonçalves;-25.2605667114258;-49.3006210327148;Especialidade: pizza. Avaliações divididas. Algumas elogiam a pizza saborosa e bem recheada. Outras dizem que a qualidade caiu nos últimos anos, citam pizza com pouco recheio e demora de mais de 50 minutos para ficar pronta.
Pizzaria La Patone;-25.3493690490723;-49.2373924255371;Especialidade: pizza. Avaliações elogiam a pizza saborosa e bem recheada, as atendentes simpáticas e a entrega rápida e quente. Uma avaliação reclama do comportamento do motoboy dentro de um condomínio, em alta velocidade e estacionando em local proibido.
Pizzaria Maná;-25.3391418457031;-49.2705154418945;Especialidade: pizza. Avaliações curtas e positivas. Uma pessoa que é cliente há 12 anos diz ser a melhor pizza da região e elogia o atendimento.
Polak Pizzaria;-25.3116149902344;-49.2922401428223;Especialidade: pizza. Avaliações em maioria elogiam a pizza, a porção de batata, o atendimento e o ambiente agradável. Uma avaliação critica pizza queimada, massa solada e espera de uma hora.
Pomerana Panificadora e Confeitaria;-25.3312206268311;-49.264347076416;Especialidade: padaria. Avaliações em maioria elogiam o atendimento atencioso, a confeitaria e os preços. Uma menciona café colonial e que a panificadora mudou de direção e nome recentemente. Há uma crítica de mosquitos e produtos velhos.
Ponto Da Gula;-25.2353610992432;-49.3011245727539;Avaliações elogiam o atendimento, os preços e a variedade. Uma cita encomenda de bolo de última hora.
Ponto da Pizza;-25.3476448059082;-49.265380859375;Especialidade: pizza. Avaliações dizem que a pizza é boa e a entrega costuma chegar no prazo, em local simples. Há reclamações fortes de atendimento ríspido e de motoboy grosseiro. Uma avaliação relata problemas antigos, mas diz que qualidade e atendimento voltaram ao normal.
Portal da Gulla;-25.3146743774414;-49.3011093139648;Avaliações elogiam o atendimento, a variedade de produtos, os preços e a localização. Duas alertam para produtos com validade vencida, e uma delas relata atendente grosseira ao ser questionada. Ambiente descrito como limpo, mas pequeno em horários de pico.
Qué Café;-25.3148918151855;-49.3009948730469;Especialidade: café. Avaliações elogiam os cafés, doces e salgados, o atendimento e o ambiente aconchegante, com preço justo. Uma avaliação critica coxinha e brownie requentados e banheiro entupido, mas elogia o cappuccino e o ambiente.
Quintal da Esfiha;-25.3754749298096;-49.3073959350586;Especialidade: lanchonete, árabe. Avaliações divididas. Há reclamações de pedidos cancelados sem justificativa, inclusive em promoções, e de atendimento ruim. Outras elogiam lanches, pizza e esfiha caprichados, preço justo e ambiente tranquilo e aconchegante.
Rancho do gaúcho;-25.3092613220215;-49.3003311157227;Uma única avaliação, que descreve lugar e ambiente familiar com comida ótima.
Recanto Pizzaria;-25.3396797180176;-49.2728614807129;Especialidade: pizza. Avaliações elogiam as pizzas, apontadas como as melhores da região, o ambiente e o atendimento. Há uma reclamação de atendimento péssimo e debochado pelo WhatsApp.
Restaurante Bonfim;-25.3450489044189;-49.282901763916;Especialidade: buffet (rodízio), brasileira. Avaliações curtas, na maioria positivas e uma que classifica como regular, sem detalhes.
Restaurante Brasileirinho;-25.3507213592529;-49.2655830383301;Especialidade: buffet (rodízio). Avaliações são mistas. Há elogios à feijoada, citada como a melhor da região, à comida da marmitex e ao atendimento. Há críticas a marmita cara e com pouco acompanhamento, a comida sem sabor, à dificuldade para estacionar e ao serviço bagunçado e mal distribuído.
Restaurante da Esquina;-25.3422584533691;-49.3016700744629;Especialidade: brasileira. Avaliações dizem que a comida é boa, mas há críticas ao banheiro e reclamações fortes sobre entregas: demora de mais de uma hora, pedidos anotados errado e atendimento ríspido e mal-educado, inclusive do proprietário.
Restaurante Do Arlei;-25.299617767334;-49.2923583984375;Avaliações descrevem um lugar simples, limpo e agradável, com comida caseira bem preparada em buffet que varia a cada dia, preço justo e estacionamento. Elogiam o atendimento cortês do dono e a lasanha de brócolis servida uma vez por semana.
Restaurante e Espetinho do Guto;-25.3124504089355;-49.296630859375;Avaliações elogiam o atendimento, as marmitas saborosas, com bom preço e entrega rápida, e os espetinhos feitos pelo proprietário. Citam cerveja gelada em ambiente familiar.
Restaurante e Lanchonete Parada Km17 do Caminhoneiro;-25.2970867156982;-49.3032417297363;Avaliações elogiam a comida de tempero caseiro e o atendimento, dizendo que foram bem recebidos. Sem críticas nas avaliações lidas.
Restaurante e Lanchonete Sartori;-25.3175277709961;-49.3006362915039;Especialidade: brasileira. Avaliações são mistas. Há elogios ao atendimento, à comida e ao salão amplo. Há reclamações de mesa com poeira limpa com pano malcheiroso, comida requentada, carne seca e queimada, e marmita cara com quase só arroz.
Restaurante Estaçao do Sabor;-25.3451709747314;-49.2431030273438;Avaliações elogiam a comida caseira, saborosa e bem temperada, e o ambiente aconchegante. Há críticas ao preço do buffet, considerado caro para a região e com poucas opções, e ao atendimento desorganizado.
Restaurante Evissima;-25.3495903015137;-49.3144340515137;Especialidade: buffet (rodízio). Avaliações são mistas. Uma elogia a comida e a equipe atenciosa e descreve o ambiente como rústico e legal, mas com falta de manutenção. Outras reclamam de preço alto para uma qualidade que caiu, refeição ruim e serviço fraco. Há também avaliações curtas e positivas.
Restaurante Luci Del;-25.3143348693848;-49.3099479675293;Avaliações curtas e positivas, citando comida caseira caprichada e chamando de melhor restaurante da região.
Restaurante Mãe e filhos;-25.3266010284424;-49.2777900695801;Especialidade: brasileira. Avaliações elogiam a comida saborosa e feita com capricho, o prato feito bem servido, o ambiente limpo e o preço bom.
Restaurante No Capricho;-25.3161678314209;-49.299488067627;Especialidade: brasileira. Avaliações curtas e positivas. Uma elogia a comida brasileira, a equipe simpática e a hospitalidade.
Restaurante Panela Véia.;-25.3433380126953;-49.2677879333496;Avaliações elogiam o atendimento atencioso e a comida bem servida e saborosa, com preço justo. Há reclamação sobre marmita por entrega: demora de 1h20, pedido diferente do solicitado e quase só arroz.
Restaurante Sabor Campeiro;-25.375904083252;-49.3133201599121;Avaliações descrevem almoço livre ou por quilo com comida caseira e fresca, sobremesa da casa e cafezinho de cortesia, em local limpo, arejado e aconchegante. Elogiam o atendimento, a marmita e o hambúrguer com batata. Uma avaliação nota poucas opções de salada.
Restaurante Vó Dida;-25.3134021759033;-49.3008232116699;Especialidade: brasileira. Avaliações são mistas. Há elogios à comida bem temperada, ao preço justo, ao ambiente e ao atendimento. Uma avaliação diz que o buffet livre tem poucas opções de carne para o valor e que não há estacionamento. Outra chama o lugar de caro, com comida ruim e péssimo atendimento.
Restaurante Vovó Rosalia;-25.2577610015869;-49.3017845153809;Especialidade: buffet (rodízio). Avaliações elogiam a comida simples e boa, a variedade de saladas, o preço e o estacionamento amplo. Uma avaliação critica o atendimento pouco cordial no caixa e a falta de guardanapos à disposição.
Sagadí Gourmet;-25.2618255615234;-49.3024406433105;Especialidade: padaria, doces e padaria. Avaliações descrevem uma panificadora de beira de estrada, com ambiente limpo, organizado e aconchegante e atendentes simpáticas. Elogiam a rosca de coco, a cuca de farofa e o X Salada. Há reclamação de preço alto em misto quente e refrigerante e de falta de produtos em algumas visitas.
Sorvetes Bapka;-25.3348369598389;-49.253849029541;Especialidade: sorvete, doces. Avaliações são mistas e tratam da fábrica e loja de sorvetes. Há elogios ao picolé de nata e ao lugar para tomar sorvete. Há reclamações de atendimento grosseiro ao tentar comprar no horário informado, de problema na entrega de freezer com picolés para um evento e de um sabor que deixou de ser fabricado.
Sorvetes Carlesso;-25.3089485168457;-49.2965278625488;Especialidade: sorvete, doces. Avaliações curtas, na maioria positivas e uma que classifica como regular, sem detalhes.
Sorvetes Paloma;-25.349100112915;-49.2380065917969;Especialidade: sorvete, doces. Avaliações elogiam os sorvetes, com vários sabores diferenciados e preço baixo, o açaí e o atendimento.
Sorvetes Schneider;-25.3329334259033;-49.2710418701172;Especialidade: sorvete, doces. Avaliações elogiam o atendimento, os preços, a qualidade dos sorvetes, a limpeza e o serviço de entrega. Uma avaliação comenta que às vezes falta conter outros clientes mal-educados.
Subway;-25.3142929077148;-49.300479888916;Especialidade: fast-food. Avaliações curtas e positivas, sem detalhes, e uma reclamação longa de cliente recorrente: a unidade não aderiu a uma promoção da rede, o atendimento é descrito como horrível e o lanche como muito mal feito, com poucos ingredientes.
The Best Açaí;-25.310188293457;-49.2981872558594;Especialidade: sorvete, açaí. Avaliações curtas e positivas. Uma descreve o lugar como aconchegante e com açaí muito gostoso.
Valdineypeixefresco;-25.3253536224365;-49.2695999145508;Avaliações descrevem uma peixaria, elogiando peixes e camarão frescos e de qualidade, o lugar limpo e organizado, o atendimento e o preço. Uma avaliação reclama de camarão vendido com grande parte do peso em gelo.
Valéria Buzzatto Bolos;-25.2902545928955;-49.3004112243652;Especialidade: padaria.
Via Dog;-25.3450660705566;-49.2434120178223;Especialidade: cachorro-quente. Avaliações elogiam o lanche e dizem que comer no local é bom. Há várias reclamações sobre pedidos por entrega: atrasos de horas, falta de resposta às mensagens e ao pedido de reembolso, e um relato de cabelo no lanche.
Victor e Ana Sorvete Italiano e Açaí;-25.3097248077393;-49.2972717285156;Especialidade: sorvete, doces.
606 Burger - A Casa do Burger;-30.0123863220215;-51.0840530395508;Especialidade: hambúrguer. Avaliações curtas são positivas. Uma avaliação detalhada diz que a casa é bem localizada e tem algumas vagas de estacionamento gratuito, mas fica no segundo piso com acesso só por escada, sem acessibilidade. Descreve dois ambientes, um muito barulhento e outro mais calmo, e critica o conforto térmico e as mesas e cadeiras.
Açaí da Lara;-29.9966011047363;-51.0680046081543;Especialidade: açaí, brasileira. Avaliações falam quase só de tele-entrega e são em maioria negativas: pedidos com tamanho ou ingredientes errados, entregas que levam de uma a duas horas, atendimento por WhatsApp preso no robô e dificuldade de reembolso. Alguns clientes dizem gostar muito do açaí e pedir com frequência, apesar da demora.
Adona Restaurante;-30.0222129821777;-51.0628242492676;A única avaliação elogia o almoço de sábado, a variedade de pratos, as carnes, a sobremesa e as bebidas.
Aqui Tem Frango;-29.9905796051025;-51.0751800537109;Especialidade: frango. Avaliações elogiam o frango assado, descrito como novo, bem molhado e com tempero diferenciado, e a maionese caseira e fresca. Um avaliador diz ser o melhor frango de Alvorada.
Arena Club;-30.0064430236816;-51.0841941833496;Avaliações descrevem como local de festas e balada, elogiando organização e atendimento. Também é citado como bom lugar para fazer eventos.
Bakery Valentina;-30.0000171661377;-51.070426940918;Especialidade: padaria. A única avaliação elogia os sabores e diz que vale a pena.
Bar Barella;-30.0308666229248;-51.0829811096191;Especialidade: pizza, lanchonete. Avaliações curtas e positivas, sem detalhes.
Bar Da Rose;-30.0317230224609;-51.0799751281738;Avaliações descrevem ambiente familiar, acolhedor e descontraído, com atendimento atencioso. Elogiam a comida caseira no almoço, os petiscos, os drinks e a cerveja gelada. Citam música ao vivo e espaço para dançar e reunir os amigos, e há elogios pessoais à dona.
Bar e Danceteria Nova Geração;-29.9980697631836;-51.0744476318359;Avaliações curtas e positivas, sem detalhes.
Bar e Lancheria Alto Astral;-30.0053787231445;-51.0479927062988;A única avaliação diz que é bom para se distrair com amigo.
Bar e Lancheria Baital;-29.9937877655029;-51.0696601867676;Especialidade: fast-food. Avaliações curtas e positivas, elogiando o atendimento, sem mais detalhes.
Bar Grenal;-29.9917316436768;-51.0860557556152;Avaliações são positivas e elogiam o bom atendimento, as pessoas receptivas e a cerveja sempre gelada. Um avaliador conta que levou a família e foi muito bem atendido.
Bar heningues;-29.9863739013672;-51.0472030639648;Avaliação curta e positiva, sem detalhes.
Bar novo taquareira;-30.0204811096191;-51.0838012695312;A única avaliação informa apenas que o local estava fechado no momento.
Bistro da 48;-29.9989910125732;-51.076042175293;Avaliações elogiam a comida caseira em buffet, com destaque para a massa de fabricação própria, e citam carne, suco e sobremesa livres por preço em linha com a concorrência. O ambiente é descrito como tranquilo, limpo e arejado, com wifi e ar condicionado, e o atendimento é elogiado.
Bistrô do Chalé Restaurante;-30.0331497192383;-51.0823516845703;Avaliações descrevem ambiente aconchegante de decoração rústica, com salão grande e palco para eventos, comida de sabor caseiro e bom atendimento. Elogiam as saladas e a alaminuta. Há críticas à pouca variedade de acompanhamentos e carnes no buffet e a uma entrega demorada, embora outro cliente elogie o delivery.
Boiadeira Lanches;-29.9943256378174;-51.0829277038574;Especialidade: lanchonete, fast-food.
Bom Gosto Pizzas e Lanches;-29.9965076446533;-51.0856094360352;Especialidade: lanchonete. Avaliações tratam de tele-entrega e são mistas. Parte elogia o lanche gostoso, que chega quente e rápido, e a educação do motoboy. Outras reclamam de pizza com recheio mal distribuído, pedido extraviado sem ressarcimento, atraso além do prazo e atendimento ríspido do dono ao telefone.
Boteco Braz;-29.9980506896973;-51.0720138549805;Avaliações recentes vêm de clientes antigos que diziam ser o melhor da cidade em pratos como picadão e carreteiro, mas reclamam de queda de qualidade, mudança de tempero, porções menores, preço mais alto e itens retirados do cardápio. Há várias queixas de tele-entrega com horas de atraso e falta de resposta por telefone e WhatsApp.
Boteco Pedrini | Jardim Algarve;-30.0289478302002;-51.0821914672852;Avaliações curtas e positivas, uma delas elogiando a comida, sem mais detalhes.
Brasa Burger Cheeseria;-30.0103950500488;-51.0478286743164;Especialidade: hambúrguer. Avaliações elogiam o hambúrguer e a alaminuta, as porções bem servidas, a entrega rápida e caprichada e o atendimento simpático. O local é descrito como agradável, limpo e tranquilo. Há uma reclamação de pedido pago por pix que nunca foi entregue e ficou sem resposta.
Cachorro do Bigode Alvorada;-29.9964256286621;-51.0711364746094;Especialidade: lanchonete. A maioria das avaliações é curta e positiva, sem detalhes. Uma avaliação reclama do cachorro-quente, com cebola queimada em excesso e salsicha pequena, e diz que o lanche já foi o melhor de Alvorada e hoje decepciona.
Cachurrasco Original;-30.0049781799316;-51.0804672241211;Especialidade: árabe, lanchonete. Avaliações são em maioria críticas e vêm de clientes antigos: reclamam de aumentos seguidos de preço, queda na qualidade do pão e dos ingredientes, carne sem sabor de churrasco e excesso de maionese. Também há queixas do pedido por site e robô no WhatsApp, sem opção de pix, e de limpeza do ambiente.
Cafeteria Aquarius Coffee;-30.0026473999023;-51.0797348022461;Especialidade: lanchonete. Avaliações elogiam o atendimento, os lanches, a alaminuta no almoço e o taco de frango. Citam café expresso com grãos torrados na hora e cafezinho tradicional, e um espaço mais reservado nos fundos, bom para uma reunião informal. Há elogio à proprietária.
Canto do Motociclista;-29.9961223602295;-51.0680313110352;Avaliações são positivas e elogiam o bom preço, a cerveja barata, o atendimento e o pessoal, descrito como educado e alegre.
Casa das Padarias Favorita;-30.004940032959;-51.0494651794434;Especialidade: padaria.
Casa De Carnes Santo Antônio;-30.0047817230225;-51.0496597290039;Avaliações tratam o lugar como açougue e elogiam a qualidade das carnes, o atendimento e principalmente os preços, descritos como mais baixos que os de mercados.
Casa de Massas Cecchin;-30.0320587158203;-51.0784912109375;Avaliações descrevem uma loja de massas caseiras para levar, com variedade de massas recheadas, massa folhada e salgados congelados, elogiando a qualidade e o atendimento. Há uma crítica ao recheio de presunto e queijo, considerado fraco para o preço, e opiniões divergentes sobre haver tele-entrega.
Casa Do Churrasco;-29.99880027771;-51.0785140991211;Especialidade: churrasco. As avaliações lidas são todas negativas e tratam de pedidos por delivery em aplicativos. Há reclamações de atrasos de duas a três horas, itens faltando ou trocados sem aviso, pedido não entregue e atendimento descrito como mal-educado. Avaliadores dizem que não recomendam.
Churrascaria e Pizzaria Santa Fé;-30.0035457611084;-51.0815238952637;Avaliações curtas e positivas, sem detalhes.
Churrasquinho;-29.9973468780518;-51.0649642944336;Especialidade: árabe, churrasco. Avaliações curtas e positivas, sem detalhes.
Churrasquinho do Alysson;-29.9978885650635;-51.0720481872559;Avaliações elogiam o churrasquinho, com carne macia e bem temperada e um molho especial, além do bom atendimento e das bebidas geladas. O lugar é descrito como limpo, bem cuidado, aconchegante e de família. Sem críticas nas avaliações lidas.
Churrasquinho do Cris;-30.0220947265625;-51.0626220703125;Avaliações elogiam o churrasquinho, citado como o melhor que já provaram, o preço justo e o local agradável na avenida, de fácil acesso e com banheiro. Há uma reclamação de fila longa e demora, com espetinhos em falta e o dono atendendo sozinho, o que fez o cliente desistir.
Churrasquinho do DUDU;-30.034688949585;-51.0764694213867;Especialidade: lanchonete. Avaliações elogiam o churrasquinho de picanha feito na hora, o de calabresa e o pãozinho com o suco da carne, além do atendimento simpático e atencioso, comparado a comprar de um velho amigo. Citam lugar para sentar na rua e dentro e ida com crianças. Sem críticas nas avaliações lidas.
Churrasquinho do Jonas;-29.9967994689941;-51.0505638122559;Especialidade: churrasco. Avaliações curtas e positivas elogiam o churrasquinho, descrito como saboroso e bem feito e o melhor da região, e também o atendimento.
Churrasquinho do Zeca;-30.0033226013184;-51.0724830627441;Avaliações elogiam o churrasquinho, chamado de o melhor de Alvorada, a cerveja sempre bem gelada, os pratos e o serviço. Citam que o local tem acomodações para comer ali. Sem críticas nas avaliações lidas.
Cia Do Bolo;-30.0071067810059;-51.0595283508301;Especialidade: doces e padaria, doces. Avaliações curtas e positivas. Uma cliente diz que é fã e encomenda ali os bolos de aniversário.
Cia dos Doces;-29.9979667663574;-51.0753784179688;Especialidade: doces. Avaliações curtas e positivas, sem detalhes.
Coala Mini Pasteis;-30.0038394927979;-51.0811882019043;Especialidade: brasileira, hambúrguer. Avaliações têm tom misto. Elogiam os pastéis, os cafés, os sorvetes e o ambiente climatizado, indicado para encontro casual, happy hour, família ou amigos. Há reclamações de demora por poucos funcionários, poucas mesas, pedidos errados e de o banheiro dos clientes ficar passando pela cozinha. Um avaliador diz que os mini pastéis já foram melhores.
Coffe Bear;-30.0067043304443;-51.0842704772949;Especialidade: café. Avaliações elogiam o atendimento atencioso, rápido e simpático e a variedade de cafés. O lugar é descrito como simples e bom para tomar um café e comer um lanche. Sem críticas nas avaliações lidas.
Coffee Point;-30.0291633605957;-51.0817985534668;Especialidade: café. Avaliações curtas e positivas elogiam os cafés e o atendimento e indicam a cafeteria para café da manhã ou da tarde.
Confeitaria Carvalho;-30.02712059021;-51.0828742980957;Especialidade: doces e padaria, doces. Avaliações elogiam os salgados, os bolos para festa por encomenda e o atendimento eficiente. Uma avaliação diz que a qualidade já esteve melhor.
Costelão Na Brasa;-29.9958877563477;-51.0705833435059;Avaliações descrevem buffet livre com churrasco e bebidas pagas à parte, e a maioria elogia a comida, as carnes à vontade no ponto e o atendimento. Um avaliador recomenda chegar na primeira hora do almoço. Há uma crítica forte dizendo que a comida parecia velha, com pouca variedade e carne dura.
Cremolatto Alvorada;-30.0059108734131;-51.0457420349121;Especialidade: coreana. Avaliações elogiam a variedade de sabores de sorvete, o atendimento e o ambiente familiar, bom para levar os filhos. Uma avaliação relata compra de picolés para evento, entregues em carrinho organizado e na temperatura certa. Sem críticas nas avaliações lidas.
CTG Bento Gonçalves da Silva;-29.9865245819092;-51.0751113891602;Avaliações descrevem um centro de tradição gaúcha com ambiente acolhedor e familiar, bom para ir em família, e destacam a tradição envolvida. Uma avaliação informa que a entidade foi fundada em 1993 e promove a cultura gaúcha com invernadas artísticas de dança. Sem críticas nas avaliações lidas.
D'gust Savor;-29.9917659759521;-51.0538635253906;Especialidade: açaí, brasileira. Avaliações elogiam o açaí, descrito como saboroso, bem recheado e com complementos do início ao fim, e o chamam de melhor da região. Há uma reclamação de pedido por entrega que não chegou nem teve resposta depois de mais de uma hora, e outra de falta de aviso sobre a chegada do motoboy.
Deia Camparra;-30.0043468475342;-51.0842323303223;Especialidade: doces e padaria, doces.
Delícia Padaria E Confeitaria;-30.0102996826172;-51.0825881958008;Especialidade: padaria. Avaliações curtas e positivas elogiam os doces e salgados. Um avaliador diz que não achou o estabelecimento no local.
Deliciart Pancheria E Açaiteria;-30.0075645446777;-51.0580444335938;Especialidade: cachorro-quente, açaí. Avaliações elogiam os lanches, descritos como bem temperados e os melhores da cidade, e o atendimento. Avaliadores dizem que indicam e que vão pedir de novo. Sem críticas nas avaliações lidas.
Delícias Da Fany;-29.9885768890381;-51.0820236206055;Especialidade: doces, padaria. Avaliações curtas e positivas elogiam os doces e as tortas.
Doce Mar Padaria and Confeitaria;-30.0207195281982;-51.0743179321289;Especialidade: padaria. Avaliações curtas e em geral positivas, dizendo que tudo é bem feito. Um avaliador comenta que poderia haver seguranças no entorno.
Doceria Degustar - Brigadeiros, Pão de Mel, Brindes Corporativos, Bake Box/Cesta;-30.0005493164062;-51.0752944946289;Especialidade: doces e padaria, doces.
Doceria engroff;-30.0307884216309;-51.0830841064453;Especialidade: doces e padaria, doces. Avaliações elogiam a qualidade, a apresentação e o sabor dos doces, além do atendimento e do preço. Há quem peça por entrega e quem tenha vindo de outra cidade buscar encomenda de Páscoa. O local é descrito como aconchegante e uma avaliação cita a massa caseira de pastelão.
Dog Aberto Da Pioneiro;-29.9940528869629;-51.0454902648926;Especialidade: lanchonete. Avaliações elogiam o xis calota e os lanches, citando pão grande, bacon e carne no ponto e ingredientes frescos e de qualidade. Uma avaliação diz que é bem bom mas não muito limpo.
Dog di família Alvorada;-30.0408306121826;-51.0832481384277;Especialidade: cachorro-quente. Avaliações elogiam o capricho, a simpatia e o atendimento, e chamam o dog aberto de o melhor da região. Citam lanche bem recheado, entrega rápida e quente, com opção de comer no local, buscar ou pedir tele.
Dog Gostosinho;-29.9978713989258;-51.0723762512207;Especialidade: fast-food, hambúrguer. A maioria das avaliações é curta e positiva. Uma descreve como lugar simples mas bom para um lanche, com cachorro-quente aberto, prensado, xis e outras opções, e critica o excesso de maionese no cachorro-quente, sugerindo pedir fritas junto.
Empório dos pasteis;-29.9930324554443;-51.0449104309082;Especialidade: brasileira. Avaliações são em maioria negativas: relatam pedidos errados, pizza fria, xis com pouco bacon, atraso na tele-entrega, falta de resposta no WhatsApp e atendimento ruim. Uma avaliação curta diz que o lugar é muito bom.
Equipe do Lanche;-30.0057830810547;-51.0574798583984;Especialidade: lanchonete, fast-food. Avaliações elogiam o lanche e a qualidade, chamando de o melhor da região. Uma cita entrega rápida e quente mesmo em dia de chuva.
Eskina do Kachurrasco;-29.9883365631104;-51.0471725463867;Especialidade: lanchonete. Avaliações curtas e positivas elogiam o churrasquinho e o chamam de melhor ka-churrasco de Alvorada, sem mais detalhes.
Espetinho Bem Bagual;-30.0099754333496;-51.073558807373;Especialidade: fast-food.
Espetinhos so Filé;-30.012731552124;-51.0826606750488;Especialidade: hambúrguer e grelhados, árabe. Avaliações elogiam atendimento, local, comidas e bebidas, recomendando para ir sozinho ou em grupo. Citam mesas internas e externas, chopp, espetinhos variados e bom preço, além de tele-entrega por aplicativo.
Esquina Do Frango Assado;-30.0217742919922;-51.0709991455078;Especialidade: drinks.
Estação Do Sabor;-30.0043659210205;-51.0806350708008;Especialidade: doces e padaria, doces. Avaliações elogiam tortas, salgados, bolos, mil-folhas e café, além do atendimento amigável. O ambiente é descrito como pequeno, decorado, aconchegante e acolhedor, bom para uma parada para um café. É citada como uma das melhores da cidade.
Expresso Dog;-29.9987392425537;-51.072696685791;Especialidade: cachorro-quente, lanchonete. Avaliações elogiam o cachorro-quente aberto, o atendimento, o preço e a rapidez da tele-entrega, chamando de o melhor de Alvorada. Há uma reclamação de cliente que não conseguiu pagar pelo aplicativo, que estava em manutenção, saiu sem o lanche e relata atrito com o gerente.
Expresso Mix Alvorada;-29.9975643157959;-51.0739097595215;Especialidade: sorvete, doces. Avaliações são em maioria negativas: relatam sorvete azedo ou estragado, pote com pouco sorvete, falta de higiene, pedido entregue em mau estado e motoboy grosseiro. Uma avaliação positiva descreve ambiente simples, limpo e organizado, produtos deliciosos e atendimento educado e funcional.
Expressos Lanches;-30.0026702880859;-51.0802726745605;Especialidade: fast-food. Avaliações mistas. Há elogios ao atendimento, à educação da equipe e à comida. Uma descreve o ambiente como pequeno e pouco aconchegante, com comida razoável, e outra relata problema de higiene em um lanche.
Farias Industria e Comercio de Alimentos;-29.9940795898438;-51.0215950012207;Avaliações tratam do pão de forma da fábrica e são em maioria negativas: relatam pão duro, com cheiro de azedo ou mofo antes do vencimento e embalagem trocada. Vários dizem que o produto já foi bom.
Fênix pizzaria;-30.0286808013916;-51.0846977233887;Avaliações elogiam a pizza, descrita como saborosa, de massa fina e bem recheada, com variedade de sabores. Chamada de melhor do bairro e de Alvorada.
Figueiras lanches;-30.0077686309814;-51.0766639709473;Especialidade: lanchonete. Avaliações divididas. Há elogios ao xis calota bem recheado, ao preço acessível, ao atendimento e ao entregador. Há reclamações graves de atraso de duas a três horas na entrega, falta de resposta às mensagens e formigas no lanche.
Floresta Legal;-30.0051040649414;-51.0598068237305;Avaliações descrevem como espaço para festas, em especial infantis, com brinquedos, decoração bonita, bom espaço e fácil acesso. Há críticas à copa e cozinha, a uma geladeira que não funcionava e ao local ser apertado.
Fominhas Xis;-30.021276473999;-51.0639381408691;Especialidade: lanchonete. Avaliações elogiam os lanches, descritos como caprichados, saborosos e com ingredientes de qualidade.
Frango Assado du Lê;-30.0017929077148;-51.081226348877;Especialidade: frango. Avaliações elogiam o frango assado, descrito como bem assado e suculento, o atendimento atencioso e o cuidado com o ambiente e os alimentos. Há uma reclamação de pedido por tele-entrega que não chegou e de telefone sem resposta.
Galpão Do Bugre Xucro;-29.9930534362793;-51.0536956787109;Avaliações descrevem ambiente familiar, amplo e aconchegante, de estilo gaúcho, com boliche, sinuca, pingue-pongue, lanches e bebidas. Elogiam o atendimento. Uma relata jantar baile com música gaúcha ao vivo, comida razoável e banda fraca mas animada, e diz que pode levar criança.
Garage 80's;-29.9981918334961;-51.072437286377;Especialidade: drinks, espanhola. Avaliações elogiam a comida, a equipe e o dono, descrito como alguém que faz as pessoas se sentirem bem-vindas. Citam shows ao vivo, música dos anos 80 e 90 e DJs.
Generoso;-30.002628326416;-51.0796928405762;Especialidade: café. Avaliações elogiam o espaço decorado e aconchegante, o atendimento gentil e ágil, o cappuccino, o quiche de frango e as tortas, com preços considerados bons. Uma avaliação reclama de não conseguir nota com CPF e de o creme de avelã não ser Nutella como informado.
Gi Doces & Salgados;-29.9988250732422;-51.0458450317383;Especialidade: padaria. Avaliações elogiam os salgados de festa, os bolos, o atendimento e a organização. Uma avaliação acha os salgados muito pequenos.
Good Hamburguer;-29.9958724975586;-51.0777359008789;Especialidade: hambúrguer, fast-food. Avaliações divididas. Há elogios aos hambúrgueres grandes e saborosos, ao molho, à opção vegetariana e ao atendimento atencioso. Há reclamações de pedido incompleto, comida fria, demora na entrega, falta de resposta e queda de qualidade recente.
Guardiões da Pizza;-29.9994697570801;-51.0727920532227;Especialidade: pizza. Avaliações curtas e positivas, sem detalhes.
Hotel Pousada Recanto Aconchegante;-30.0014762878418;-51.0629081726074;Avaliações são em maioria negativas: relatam quartos e roupas de cama sujos, mau cheiro, falta de limpeza, cobranças inesperadas e falta de educação dos proprietários. Uma diz que funciona como motel, com valores por hora. Há uma avaliação elogiando a recepção e o aconchego e outra que gostou mas sentiu falta de frigobar.
Império das Pizzas;-30.0046558380127;-51.0341377258301;Especialidade: pizza. Avaliações divididas. Há críticas à pizza, descrita como de massa pronta e pouco recheio, a um lanche de sabor comum e a um pedido trocado sem correção. Há elogios ao atendimento educado, à rapidez e, em outras avaliações, à pizza saborosa e bem recheada.
Império do açaí e lanches alv;-30.0086841583252;-51.0502090454102;Especialidade: açaí, brasileira. A única avaliação lida elogia o atendimento e a limpeza do lugar, sem mais detalhes.
IPUB Matriz;-29.9988574981689;-51.0812072753906;Avaliações descrevem uma igreja pentecostal, não um bar. Elogiam o pastor, a música, o ambiente acolhedor e a recepção atenciosa dos frequentadores, e falam de cultos, batismo e fortalecimento da fé.
Italia Restaurante;-30.0016841888428;-51.0785179138184;Avaliações descrevem restaurante de almoço com buffet e churrasco de tempero italiano. Elogiam variedade de saladas, lasanha, carnes macias, ambiente limpo e atendimento. Há críticas: um avaliador achou o buffet incompatível com o preço, com carnes secas e gordurosas e sem refrigerante zero, e outro reclamou de refrigerante quente.
JD Restaurante;-30.0035572052002;-51.052188873291;Avaliações descrevem local simples de almoço, com elogios ao atendimento e à qualidade da comida. Há reclamações sobre a entrega: atraso de mais de uma hora, marmita chegando misturada com porção pequena de carne e um pedido por aplicativo não entregue, sem resposta no chat ou telefone.
Joaquim Hamburgueria e Bar;-29.99684715271;-51.0771331787109;Especialidade: hambúrguer, fast-food. Avaliações curtas e positivas, sem detalhes.
Kabanas Pasteis;-30.0293521881104;-51.0780944824219;Especialidade: lanchonete, brasileira. Avaliações são mistas. Há elogio ao xis, ao ambiente agradável e ao atendimento. As críticas falam de falta de ordem no atendimento, comida mal preparada no almoço, xis queimado e lanches amassados na tele-entrega, um pedaço de madeira encontrado num xis e respostas pouco atenciosas às reclamações.
La Pane Cafeteria, Confeitaria e Padaria;-30.031042098999;-51.0769424438477;Especialidade: padaria, doces e padaria. Avaliações curtas e positivas, sem detalhes.
Lady Sushi;-29.9977073669434;-51.0680885314941;Especialidade: japonesa. Avaliações elogiam a qualidade e o frescor do sushi, o preço justo, a simpatia dos funcionários e os ambientes interno e externo limpos e aconchegantes, com boa playlist. Um avaliador destaca o buffet livre servido no meio da tarde. Há uma reclamação de propaganda enganosa, com menos salmão do que o anunciado.
LaFesta;-30.031717300415;-51.0752258300781;Especialidade: hambúrguer. Avaliações curtas e positivas, sem detalhes.
Lancheria 61;-30.0054798126221;-51.046932220459;Avaliações tratam de pedidos por aplicativo. Duas são negativas: item do pedido que não veio e espera de mais de uma hora, com açaí derretido e lanche frio, sem resposta do estabelecimento. Uma é positiva e elogia lanche e preço. Avaliadores dizem que o atendimento presencial fechou e que a casa agora usa outro nome.
Lancheria Bandeirantes;-30.0016498565674;-51.0773315429688;Especialidade: lanchonete. A única avaliação lida diz que a comida é simples, muito boa e bem barata.
Lancheria Bela Vista;-29.9955787658691;-51.0699996948242;Especialidade: lanchonete.
Lancheria Laredo;-30.0034999847412;-51.0813636779785;Avaliações descrevem um lugar acolhedor e familiar, com buffet, lanches e café elogiados. Destacam o atendimento educado, e um avaliador diz frequentar o local há anos.
Lanches Da Hora;-29.9873924255371;-51.0640029907227;Especialidade: fast-food, lanchonete. Avaliações elogiam o xis, o atendimento e a entrega rápida. Um avaliador considera um dos melhores lanches de Alvorada e outro relata um lanche agradável com as amigas.
Lapa;-30.0348663330078;-51.0731048583984;Especialidade: fast-food. Avaliações são majoritariamente negativas e tratam de tele-entrega: relatos de mais de duas horas de espera, lanche chegando frio e revirado, pão velho e ingredientes de má qualidade, além de atendentes culpando o motoboy. Uma avaliação diz que o lanche é bom, mas demora.
Lê Dog;-30.0344123840332;-51.0763053894043;Especialidade: cachorro-quente. Avaliações elogiam o cachorro-quente bem recheado, os preços acessíveis e o atendimento. Uma delas, embora goste do lanche, critica o fechamento às 22h, cedo para o fim de semana, e relata ter chegado perto do horário e não haver mais pão.
Lojas Taqi Alvorada;-30.004451751709;-51.0821952819824;Avaliações tratam de uma loja de móveis e material de construção, não de um restaurante. Parte elogia o atendimento de vendedores na compra de cozinha planejada. Há um relato negativo de vendedora sem disposição para mostrar produtos perto do fechamento. Uma avaliação fala de preços de alimentos num atacado.
Luflass Pizzas;-30.0015029907227;-51.0834884643555;A única avaliação lida elogia a pizza, sem detalhes.
Mania Lanches. Alvorada rs;-29.9975357055664;-51.0733451843262;Especialidade: fast-food, lanchonete. Avaliações curtas e positivas, sem detalhes.
Mega Pasteis Maria Regina;-30.0002212524414;-51.0587501525879;Especialidade: brasileira, lanches. Avaliações elogiam os pastéis bem recheados, de massa caseira levemente adocicada e sem gordura. Um avaliador acha que a massa poderia ser mais fina. Há menção de que a tele-entrega às vezes demora, sendo mais rápido retirar no local. As demais avaliações são curtas e positivas.
Mercado Hall;-30.0274677276611;-51.0640335083008;Especialidade: padaria, doces e padaria. Avaliações descrevem um mercado e elogiam o atendimento, a atenção da proprietária, a qualidade dos produtos e a facilidade de encontrar o que se procura. Uma avaliação tem tom de queixa, mas é pouco clara.
Mercado Padaria Ponto Dez;-29.9893207550049;-51.0521926879883;Avaliações são na maioria positivas e descrevem um mercado com padaria, elogiando salgados e cucas frescos, variedade, bebidas geladas, ambiente limpo e atendimento. Uma avaliação destoa fortemente: fala em ambiente escuro com aspecto de sujeira, perecíveis estragados comprados mais de uma vez e atendimento de má vontade.
Mestre do Frango Jardim Algarve;-30.0302333831787;-51.0764808654785;Especialidade: fast-food. Avaliações tratam principalmente de delivery de frango frito. Parte elogia o frango suculento e crocante, os molhos, as porções bem servidas e a entrega rápida. Outras reclamam de porção pequena e salgada em comparação com outra filial, atraso em pedido agendado e um cliente bloqueado no WhatsApp ao tentar pedir.
Mini Mercado E Bar Elaine;-30.0020408630371;-51.065258026123;A única avaliação lida descreve o lugar como muito relaxante, sem mais detalhes.
Miranda Bar;-29.9945011138916;-51.0772819519043;Avaliações elogiam o ambiente e as pessoas e descrevem um bom lugar para tomar uma cerveja e ouvir música. As demais são curtas e positivas.
mix açai alvorada;-30.0011901855469;-51.0717353820801;Especialidade: sorvete, doces.
Motel maktub;-30.0197410583496;-51.0836181640625;Avaliações elogiam o custo-benefício, instalações novas, quartos limpos, ar-condicionado, hidromassagem quente e a receptividade no atendimento. Há quem aponte a falta de frigobar nos quartos e uma reclamação de quarto sem TV, sem som e sem coberta, com a coberta entregue cheirando a cigarro.
Néctar;-30.0315551757812;-51.0752792358398;Avaliações descrevem uma loja de produtos, inclusive a granel, e a maioria elogia o atendimento atencioso, a qualidade dos produtos e os preços. Há uma crítica destoante que relata atendimento distante, expositores longe do cliente com etiquetas difíceis de ler, preços pouco econômicos e um produto a granel vencido.
Nilke Bar;-29.99880027771;-51.0710678100586;Uma única avaliação, curta e positiva, sem detalhes.
Norteli Sorveteria;-30.02121925354;-51.0638732910156;Especialidade: sorvete, doces.
Nostra Pizza Alvorada;-29.9925022125244;-51.082820892334;Especialidade: pizza, árabe. Avaliações elogiam pizzas e esfihas bem recheadas, massa fina e bem assada, atendimento gentil no local e no delivery e entrega cuidadosa. O ambiente é descrito como aconchegante, confortável e limpo. Há uma reclamação de quem pediu pizza de chocolate duas vezes e recebeu doce de leite, achando o preço alto para o erro.
O Franguito;-29.9989700317383;-51.0823402404785;Especialidade: churrasco, lanchonete. Avaliações são majoritariamente negativas e tratam de pedidos por entrega: relatam atraso de horas, comida gelada, churrasco com sal em excesso e atendimento considerado desrespeitoso diante das reclamações, com questionamento sobre higiene. Uma avaliação destoa, de cliente antigo que elogia atendimento, comida fresca e motoboys educados.
Oficina do Pão;-29.9975051879883;-51.0732383728027;Especialidade: padaria, doces e padaria. Avaliações descrevem padaria com consumo no local, ambiente aconchegante, comida e café elogiados e atendimento em geral cordial. Há críticas pontuais: demora por falta de funcionários, uma atendente com má vontade que não quis esquentar salgados e um relato de responsável grosseira pedindo a mesa por causa da fila de espera.
Oliveira Lanches;-29.9969692230225;-51.0650367736816;Avaliações elogiam o hambúrguer, o xis e o cachorro-quente, apontados como dos melhores de Alvorada, e o atendimento. Há uma reclamação antiga de frango assado vendido requentado do dia anterior, considerada falta de respeito com o cliente.
Padaria;-29.9929981231689;-51.061408996582;Especialidade: café. Avaliações elogiam a qualidade dos produtos, em especial o pãozinho, e descrevem um local simples e barato. Apontam que é pequeno, serve mais para comprar e levar e às vezes tem fila do lado de fora. Há uma crítica pedindo mais transparência nos valores e balança visível ao cliente.
Padaria Belpão;-30.000358581543;-51.0594902038574;Especialidade: padaria, doces e padaria. Avaliações curtas e positivas, sem detalhes.
Padaria do Jardim;-30.0236072540283;-51.0847587585449;Especialidade: padaria. Avaliações elogiam os pães, as cucas e os salgados, descritos como novinhos e crocantes, além do bom preço e do bom atendimento.
Padaria e Confeitaria Bandeirantes;-30.0033206939697;-51.0776557922363;Especialidade: padaria, doces e padaria. Avaliações em maioria curtas e positivas, sem detalhes. Uma avaliação reclama de péssimo atendimento, com arrogância e falta de respeito, e de salgados de má qualidade.
Padaria e Confeitaria Doce Sabor;-30.0057926177979;-51.045768737793;Especialidade: padaria. Avaliações elogiam pães, salgados, doces e a cuca fresquinha, além do pessoal simpático e do preço normal. Uma avaliação reclama da falta de telefones de contato.
Padaria e Confeitaria Makropão;-29.999605178833;-51.0545692443848;Especialidade: padaria, doces e padaria. Avaliações curtas e positivas, citando bons produtos, preços acessíveis e ótimo atendimento.
Padaria e Confeitaria Tio Claudio e Tio Juarez;-29.9928188323975;-51.0831756591797;Especialidade: padaria, doces e padaria. Avaliações curtas e positivas, sem detalhes.
Padaria e Mercearia Sabores do Sul;-30.0350093841553;-51.072925567627;Especialidade: padaria. Avaliações elogiam os salgados, com destaque para o enroladinho de salsicha com queijo e o croquete de carne, o café expresso a preço acessível e o bom atendimento. Citam também itens de conveniência e bebidas e preço em conta, servindo como parada rápida para lanche.
Padaria Espanha;-30.0031356811523;-51.0739212036133;Especialidade: padaria. Avaliações elogiam atendimento, preços e a qualidade dos produtos, e destacam que funciona até tarde e faz pão até tarde, sendo opção para quem perdeu o horário do mercado. Uma avaliação fala em funcionamento 24 horas.
Padaria Rofran;-30.004358291626;-51.0485763549805;Especialidade: padaria, doces. Avaliações elogiam salgados grandes e saborosos, servidos aquecidos para consumo no local, e tortas bem recheadas e não muito doces. Citam visita em família e sugerem mais opções vegetarianas, elogiando a empadinha de brócolis. Há reclamação sobre a dificuldade de estacionar em frente no horário de pico.
Pança burger delivery;-30.0006160736084;-51.0591735839844;Especialidade: hambúrguer, lanches. Avaliações são em maioria negativas sobre o delivery: atrasos de até duas horas, frango cru, batatas frias, pedido errado sem troca e dificuldade de contato. Uma avaliação de quem foi ao local relata rodízio com entradas gostosas, hambúrgueres suculentos, açaí e fondue à vontade, mas com poucas opções de hambúrguer.
Papa lanches Alvorada;-29.9974250793457;-51.0730361938477;Especialidade: lanchonete, hambúrguer. Avaliações curtas e positivas. Uma delas detalha que o alaminuta é grande o bastante para duas pessoas, com bons preços, ar-condicionado e serviço rápido.
Pappasito's Restaurante e Casa de festas;-30.0029315948486;-51.0783081054688;Uma única avaliação, curta, dizendo que a comida é muito boa.
Passaritos New House;-29.9955673217773;-51.0700263977051;Especialidade: drinks. Avaliações são em maioria negativas: atendimento desatento, troca de acompanhamentos sem aviso, feijão frio e azedo, demora mesmo com o local vazio, falta de pão de hambúrguer e pedido de entrega que nunca foi enviado. Uma avaliação positiva descreve lugar aconchegante e tranquilo, prato bem servido e cardápio variado com bom preço.
Pastelaria Pimpolho - Alvorada;-29.998161315918;-51.0724296569824;Especialidade: brasileira. Avaliações elogiam o atendimento, inclusive pelo WhatsApp e na correção de um pedido feito errado, o ambiente e os pastéis, descritos como grandes e muito recheados. Uma avaliação menciona que a casa passou a ter hambúrguer também.
Paulada Burger Alvorada;-30.0186901092529;-51.0782165527344;Especialidade: hambúrguer.
pedrinho_lanches.oficial;-29.9973526000977;-51.0727195739746;Especialidade: lanches. Avaliações são em maioria reclamações sobre pedidos: erros repetidos no lanche, itens faltando, refrigerante entregue quente, cobrança acima do valor anunciado e mensagens ignoradas. Um cliente antigo diz que o lanche é bom e elogia a maionese, mas critica a forma como trataram a reclamação.
Petyskos Lanches;-29.9973201751709;-51.0734825134277;Especialidade: fast-food. Avaliações elogiam o xis, o picadão e a alaminuta, o atendimento atencioso e a agilidade. Citam que o local foi ampliado, tem um espaço bonito nos fundos e dias com música ao vivo e karaokê. Há opiniões divergentes sobre o preço: uma considera acessível e outra acha alto para o que o lanche entrega.
PIT STOP Pizzas;-29.9981250762939;-51.0724868774414;Especialidade: pizza. Avaliações elogiam o atendimento, as pizzas saborosas e muito recheadas, inclusive a borda, e descrevem o lugar como bom para momentos em família. Há um relato negativo de pedido por aplicativo em que a pizza chegou revirada e com um pedaço de plástico, seguido de cobrança do motoboy após o reembolso.
Pizzaria Do Alemão;-30.0010471343994;-51.0588607788086;Especialidade: pizza. Avaliações curtas e positivas, sem detalhes.
Pizzaria La Mafia;-30.001220703125;-51.0486221313477;Especialidade: pizza. Avaliações tratam de pedidos por entrega e são mistas. Há reclamações fortes de atraso de mais de duas horas, pizza que não chegou e pedido cancelado por falta de bag adequada. Outras elogiam a rapidez, a qualidade e o preço considerado justo, com ressalva de que a pizza doce precisa melhorar.
Pizzaria Vitória;-30.003490447998;-51.0425796508789;Especialidade: pizza. Avaliações dizem que a pizza é boa, mas concentram críticas na tele-entrega: atrasos de duas a três horas, pizza trocada com a de outro cliente, pizza chegando fria repetidas vezes e dificuldade de contato por telefone e mensagem. Recomendam a pizza apenas para quem puder retirar no local.
Ponto48Lanches;-30.0027294158936;-51.078556060791;Especialidade: lanchonete, fast-food. Avaliações curtas e positivas em sua maioria, sem detalhes. Uma avaliação elogia a nova aparência do local e diz que os lanches continuam maravilhosos.
Produpão;-30.0228900909424;-51.082447052002;Especialidade: lanches, padaria. Avaliações curtas e positivas, elogiando a qualidade dos produtos e os preços justos.
Quintal 48;-29.9973030090332;-51.0786476135254;Especialidade: francesa, doces. Avaliações descrevem ambiente rústico, limpo e aconchegante, com decoração de materiais reaproveitados, música e espaço kids. Elogiam o atendimento atencioso e acolhedor, as massas e os crepes, a boa apresentação dos pratos e o preço justo. Citado como bom para ir em família e para um chope com boa música.
Recanto da Lagoa;-30.0181179046631;-51.0752601623535;Avaliações curtas e positivas, descrevendo um lugar muito tranquilo e com ótimo atendimento.
Rei da quentinha;-30.0097026824951;-51.0753021240234;Avaliações são divididas. Há elogios ao almoço caseiro, à comida e ao serviço de entrega, e um ex-prestador de serviço diz que o proprietário é exigente com prazo e qualidade. Há também reclamações de atendimento péssimo, ambiente duvidoso, entrega com quase uma hora de espera sem contato por telefone e problemas que não são resolvidos.
Rei Do Espeto;-30.0309505462646;-51.082706451416;Avaliações elogiam a pizza e o xis, mas a maioria critica o atendimento, descrito como mal educado e de má vontade tanto nas mesas quanto por telefone e WhatsApp. Há reclamações de entrega demorada, pedidos enviados errados, porção com excesso de batata frita e cobrança de pizza mais cara que a pedida.
Restaurante da Figueira;-30.0059337615967;-51.0456161499023;Especialidade: buffet (rodízio). Avaliações elogiam o atendimento, o ambiente aconchegante, a comida caprichada e o preço justo. Citam salão organizado e banheiros limpos. Um avaliador relata ter feito um evento para 90 pessoas com comida e lanches aprovados por todos.
restaurante da ti lu;-30.0331783294678;-51.0809326171875;Avaliações elogiam a comida caseira bem servida e bem temperada, com destaque para as a la minutas, além do atendimento rápido e educado pelo WhatsApp e das entregas em cerca de 30 minutos. Há uma reclamação de comida e feijão gelados, sem tempero e com pouca salada.
Restaurante Napolitano;-30.0049514770508;-51.0503387451172;Avaliações elogiam a comida saborosa, as sobremesas e o valor justo, e parte delas destaca o atendimento do proprietário. Há uma crítica forte ao atendimento do proprietário e à tele-entrega, com demora, comida chegando bagunçada e preço que muda de um dia para o outro. Um avaliador acha o ambiente bom, mas sente falta de ar condicionado.
Restaurante piatto;-30.028829574585;-51.0821418762207;Avaliações elogiam a comida bem temperada, a variedade de carnes, verduras e frutas à vontade e o atendimento. Um avaliador diz que o buffet livre inclui sobremesas variadas, refrigerante, água e sucos naturais.
Restaurante Santa Clara;-30.0043182373047;-51.0807762145996;A única avaliação com texto diz que o almoço é muito bom e bem servido pelo preço cobrado, com ótimo atendimento.
Restaurante Tio Dave;-29.9993000030518;-51.0586853027344;Avaliações descrevem um lugar agradável e aconchegante, com donos atenciosos, drinks, cerveja gelada e preços acessíveis. Elogiam o xis, a a la minuta e o bauru, além do atendimento e da rapidez na entrega. Há uma avaliação negativa dizendo que o bauru estava gorduroso, e outra sugere vender refrigerante de 2 litros.
Restaurante Três Marias;-30.0014057159424;-51.0773849487305;Especialidade: brasileira. Avaliações elogiam a comida caseira farta e saborosa, com destaque para o feijão, o atendimento gentil e rápido para servir e o preço. Um avaliador menciona que aceitam diversas formas de pagamento.
Rey do Açaí;-29.9845409393311;-51.0644187927246;A única avaliação elogia o açaí e a qualidade mantida a cada pedido, diz que a tele-entrega costuma ser rápida e que a equipe é prestativa quando necessário.
Rock Garage Hamburgueria;-30.00612449646;-51.0391044616699;Especialidade: hambúrguer. Avaliações curtas e positivas, sem detalhes. Uma delas descreve o lugar como muito agradável, com banda de rock tocando e clima bom.
Rota 47 Pastelaria & Sorveteria;-30.0023593902588;-51.0798110961914;Especialidade: sorvete, brasileira. Avaliações elogiam os pastéis grandes e bem recheados, os sorvetes variados, os preços justos e o atendimento simpático e rápido. O local é descrito como compacto, agradável e acolhedor, bom para ir com filhos. Há uma avaliação negativa relatando lanche encharcado de óleo e sem sabor.
Rota das Pizzas;-29.9920425415039;-51.0835266113281;Especialidade: pizza. Avaliações elogiam as pizzas saborosas e os preços baixos, incluindo os combos. Um avaliador informa que trabalham apenas com delivery e retirada. Há uma crítica ao atendimento por não haver lugar adequado para consultar o cardápio, que é indicado pelo Facebook.
Salgados da Liane;-30.0296020507812;-51.0673980712891;Especialidade: padaria. Avaliações curtas e positivas, elogiando o sabor, o capricho, a qualidade e o preço justo.
Salgados da Rô;-29.9881687164307;-51.0743942260742;Especialidade: café.
SandBurguer Delivery;-29.9964504241943;-51.0735473632812;Avaliações são mistas. Há elogios ao xis e ao hambúrguer bem recheados, à entrega rápida, ao preço justo, aos funcionários atenciosos e ao fato de entregar depois da meia-noite. Há reclamações de lanche frio e muito salgado após longa espera, atendimento ruim pelo WhatsApp, pedido entregue incompleto e cobrança extra para trocar a carne por hambúrguer vegano.
Santo Gole;-30.0286483764648;-51.0677337646484;Especialidade: hambúrguer e grelhados. Avaliações curtas e positivas, descrevendo um ambiente familiar, amplo e agradável, com pessoas simpáticas.
Sede da Sociedade União;-29.9968166351318;-51.0712852478027;A única avaliação com texto diz que ali acontece o melhor baile, citando o baile do Joãozinho.
Skina Lanches;-30.0043621063232;-51.0824851989746;Especialidade: fast-food, lanchonete. Avaliações elogiam a a la minuta farta, o feijão bem temperado, o xis, o bom atendimento e o preço justo, descrevendo o lugar como aconchegante e bom para almoçar. Uma avaliação reclama que o ambiente é muito quente e sugere ventiladores. Demais avaliações são curtas e positivas.
Só Comes Pub Bar;-30.0293788909912;-51.0822105407715;Avaliações quase todas de uma palavra e positivas. Uma elogia a cerveja bem gelada com preço baixo no litro e a meia porção bem servida. Outra cita apenas sushi.
Sorvetes Dani;-29.9981842041016;-51.014289855957;Especialidade: sorvete, doces. Avaliações mistas e voltadas à marca e seus produtos. Há reclamações de que o açaí Polpa Nativa tem gosto ruim, de falta de retorno ao reclamar por telefone e de atendimento péssimo a alguém que trabalhou com a marca e ficou meses sem vendedor. Outras elogiam o açaí, o produto e o pessoal atencioso.
Square Beer & Beef;-30.0071868896484;-51.0423622131348;Especialidade: drinks, brasileira. Avaliações elogiam comida, pastéis variados, bebidas e chope gelados e o atendimento da equipe. Destacam o espaço kids perto e visível das mesas, bom para famílias e aniversários. Há um relato negativo de criança que ficou presa numa máquina de ursinhos, com crítica à postura de um funcionário do salão.
Super Burguer;-29.9891719818115;-51.0640678405762;Avaliações curtas e positivas, sem detalhes.
Super Cris Lanches;-30.0080051422119;-51.0662498474121;Avaliações descrevem lugar simples, com pessoal atencioso e simpático. Elogiam o xis caprichado, bem servido e de preço justo, a cerveja no ponto e a variedade de comidas e bebidas. Citam também facilidade para estacionar, aceitação de cartões e banheiro limpo.
Super Pao;-30.0071487426758;-51.082405090332;Especialidade: padaria. Avaliações descrevem padaria pequena e pouco sinalizada, com produtos caprichados. Elogiam salgadinhos, pães, bolos, lanches, café e o atendimento simples mas bom, e citam café quase colonial aos domingos. Há uma reclamação de meia hora de espera por um café que chegou frio.
Supremo Lanches;-30.0047492980957;-51.0460243225098;Especialidade: lanchonete. Avaliações divididas e curtas. Uma reclama de atendimento péssimo, lanche frio e sem sabor e de o entregador não querer entrar no bloco. As demais são positivas e recomendam, sem detalhes.
Tabacaria Duque;-30.0008144378662;-51.0736961364746;Avaliações curtas, em geral positivas, dizem que se encontra tudo o que precisa e que o atendimento é agradável e atencioso. Uma avaliação diz que não tem cigarros.
Temakeria Japesca;-30.0289611816406;-51.0821914672852;Especialidade: japonesa, japonesa (sushi). As avaliações lidas são todas negativas. Reclamam de temakis com quase só arroz e pouco peixe, arroz cozido demais, salmão com cheiro e gosto de velho, pedido que chegou frio e gorduroso e preço alto para a qualidade. Um cliente relata mal-estar após comer e outro diz que já foi bom mas deixou de consumir.
Tempero da vovó;-29.9914073944092;-51.0845489501953;Avaliações curtas e positivas elogiam o strogonoff, o arroz soltinho, a qualidade, o sabor e o custo-benefício.
Terraço Bowling Bar;-30.0123825073242;-51.084056854248;Especialidade: sorvete, brasileira. Avaliações curtas e positivas. Uma descreve como excelente lugar para jantar em família e elogia o atendimento de quem serviu a mesa.
Território do Açaí II;-29.9990406036377;-51.0803604125977;Especialidade: açaí, brasileira. As avaliações lidas são todas negativas. Reclamam de pedido não entregue apesar do código informado, recusa de cancelamento com atendimento arrogante, entrega com duas horas de atraso e fruta passada, crepe queimado e mal recheado e açaí caro e de má qualidade.
Tio e Tia do Cachorrinho;-29.9982414245605;-51.0723838806152;Avaliações mistas. Elogiam o cachorro-quente e o atendimento, com quem diga ser o melhor de Alvorada. Há reclamação de pedidos que chegam com ingredientes que o cliente pediu para retirar, inclusive em caso de alergia, e outra dizendo que o lugar já foi muito bom mas decaiu, com molho ralo.
Trufas da Dio;-30.0241317749023;-51.0793685913086;Especialidade: doces, padaria. Avaliações só com elogios aos doces e trufas, descritos como deliciosos e feitos com dedicação e cuidado na escolha dos ingredientes, e ao atendimento. Uma cliente diz ter virado freguesa fixa.
Uniãozinho Bar;-30.0009346008301;-51.0559272766113;Especialidade: drinks. Avaliações curtas e positivas, sem detalhes.
Usina do Frango Alvorada;-29.9992427825928;-51.0782318115234;Uma única avaliação lida, curta, elogia o frango.
X-Kome Kome;-29.9923667907715;-51.0512542724609;Uma única avaliação lida, curta e positiva, sem detalhes.
Xis Bem Lanches;-30.0081920623779;-51.077995300293;Avaliações em maioria positivas elogiam ambiente, lanches caprichados, bebida gelada, bom atendimento e entrega rápida. Há um relato bem negativo de pedido errado em que o local não refez o lanche nem devolveu o dinheiro, e uma avaliação que considera mediano.
Xis Big Burguer;-29.9944763183594;-51.0514030456543;Uma única avaliação lida, curta e positiva, sem detalhes.
Xis do Luciano;-29.9964656829834;-51.0585861206055;Especialidade: lanchonete. Avaliações mistas. Uma diz que o xis estava muito bom mas reclama de confusão entre sem salada e sem grãos. Outra critica fortemente o xis, com pão seco, carne dura e sem maionese. Há reclamação de horário desatualizado no Google, com o local fechado num domingo indicado como aberto.
Xis do Sérgio Minério Pizza;-29.9922218322754;-51.0523567199707;Especialidade: pizza. Avaliações só com elogios às pizzas, descritas como bem recheadas, de massa fina e borda saborosa, com capricho no preparo, atendimento personalizado e preço justo. Mais de uma diz ser a melhor pizza de Alvorada.
Xis Extreme;-29.9896507263184;-51.0801277160645;As avaliações lidas são todas negativas. Vários relatam pedidos pelo iFood aceitos e nunca entregues, sem resposta às mensagens e com telefones que não funcionam. Há também reclamação de comida requentada e de serviço desorganizado, com longa espera e pratos de baixa qualidade.
Xis Pegadão;-29.998851776123;-51.0584335327148;Especialidade: fast-food, lanchonete. Avaliações curtas e positivas, sem detalhes.
yellow pastéis;-30.0059280395508;-51.0842628479004;Especialidade: brasileira. Avaliações divididas. Elogiam pastéis sequinhos, fresquinhos e bem recheados, promoções com suco, combos, café e o pedido pelo iFood. Duas avaliações criticam duramente o atendimento, descrevendo a dona como mal-educada e debochada e relatando preço cobrado no local maior que o informado pelo WhatsApp.
Zap Burguer;-30.0057392120361;-51.0456504821777;Especialidade: lanchonete. Uma única avaliação lida elogia o lanche, o tempero e o atendimento rápido.
A Cabana Pastelaria;-10.9987287521362;-37.0682811737061;Especialidade: brasileira. Avaliações curtas e positivas, sem detalhes.
A Caverna;-10.9020442962646;-37.0589122772217;Especialidade: lanchonete. Avaliações descrevem casa tradicional de sopas, de gestão familiar, com destaque para a sopa de mocotó, citada como tradição de décadas e por um avaliador como a melhor de Aracaju. Elogiam o local limpo e tranquilo, o atendimento educado e a qualidade dos ingredientes. Uma avaliação comenta que o mocotó poderia ter cozinhado mais naquele dia.
A Fabrica;-10.9335985183716;-37.0511054992676;Especialidade: italiana. Avaliações descrevem restaurante italiano de ambiente descontraído, com área interna e externa ventiladas. Elogiam ingredientes frescos, pratos bem servidos, drinks caprichados, arancini, lasanha e nhoque, com preço considerado acessível. Há críticas ao atendimento, que demora e falha em dias cheios, relato de pedido esquecido e de filé servido frio, além de vagas difíceis na rua.
A Paulista;-10.8892045021057;-37.0801010131836;Especialidade: pizza. Avaliações curtas e positivas, sem detalhes.
Abraço;-10.9845237731934;-37.0531368255615;Especialidade: pizza. Avaliações descrevem pizzaria de ambiente amplo e aconchegante, indicada para grupos grandes. Elogiam a pizza de massa fina e leve de fermentação natural, os ingredientes frescos, as combinações de sabores e o atendimento educado. Um avaliador a chama de melhor pizza da cidade e outro recomenda comer no local, com a pizza quente.
Abrazo;-10.9320116043091;-37.0575275421143;Avaliações descrevem bar de estilo alternativo, com clima animado e música em volume agradável, indicado para happy hour. Elogiam bastante a carta de drinks, a comida saborosa, com opções veganas, e a equipe atenciosa. Há quem ache alguns drinks caros e o cardápio de comida enxuto, e uma avaliação diz não ter gostado do lugar, da comida nem do atendimento, só dos drinks.
AÇAÍ & CIA;-10.941689491272;-37.0798091888428;Especialidade: lanchonete. Avaliações têm tom misto. Há elogios ao açaí, com opção self-service, e ao sanduíche natural. Há reclamações de entrega demorada com açaí chegando mole ou quase derretido e de um cliente que não conseguiu pagar com vale-refeição depois de a loja confirmar que aceitava.
Açai Aju;-10.9754495620728;-37.0391159057617;Especialidade: açaí, sorvete. Avaliações curtas e positivas. Elogiam o açaí, citado por um avaliador como o melhor da cidade, o atendimento rápido e as opções saborosas.
Açaí Aju;-10.9901218414307;-37.0500049591064;Especialidade: açaí, brasileira. Avaliações curtas e positivas. Elogiam o açaí, citado como um dos melhores da cidade, e a variedade de pratos. Uma avaliação diz que a loja é pequena mas confortável e que os preços são normais.
Açaí Aju - Salgado Filho;-10.9260101318359;-37.0558910369873;Especialidade: açaí, sorvete. Avaliações curtas e positivas, sem detalhes.
Açaí Concept Atalaia | Aracaju;-10.993992805481;-37.0526924133301;Especialidade: sucos. Avaliações são em maioria críticas. Há relato de entrega por aplicativo com mais de uma hora de atraso e resposta irônica da loja, de pedido de açaí zero enviado com tudo misturado e peso bem abaixo do comprado, de funcionários sem paciência para explicar a montagem, de preço alto pela quantidade e de pouco estacionamento. Uma avaliação menciona a possibilidade de misturar o açaí com vários itens.
Acai Concept Jardins;-10.9384937286377;-37.0614833831787;Especialidade: sucos. Avaliações são em maioria negativas e tratam de delivery. Há relatos de pedidos com horas de atraso, cancelamentos, contato ruim e itens pagos que não vieram. Um avaliador diz que o açaí é aguado e cheio de gelo, o pior de Aracaju. Outro afirma que o açaí é bom e que há sempre cupons, mas não recomenda pedir por entrega.
Açai da Tia Augusta;-10.9752569198608;-37.0492343902588;Especialidade: açaí, brasileira. Avaliações descrevem o lugar como ponto de compra de açaí e complementos para levar, com um cliente citando o pote de 5 litros para ter em casa. Elogiam a qualidade dos produtos e o bom atendimento. Uma avaliação comenta que os preços estão elevados.
Açaí do Risada;-10.9084396362305;-37.072582244873;Especialidade: lanchonete. Avaliações elogiam o açaí, citado como o melhor da região, montado ao gosto do cliente com frutas frescas e muitos acompanhamentos, além de salgados e sorvetes. Destacam o preço acessível, o atendimento personalizado e o ambiente limpo, arejado e familiar. Uma avaliação reclama de ter encontrado o local fechado no horário informado no Google.
Açaí House self service;-10.9699625968933;-37.0452709197998;Especialidade: sorvete, doces. Avaliações têm tom misto. Há elogios ao açaí, citado como o melhor da Coroa do Meio, aos sabores com ninho, chocolate, morango e doce de leite, ao ambiente agradável e ao atendimento. Uma avaliação negativa reclama de açaí muito congelado, de local mal conservado e de atendente distraído em vez de atender.
Acai Mais;-10.9294891357422;-37.0591793060303;Especialidade: sorvete, doces.
Açaí Mais Burguer;-10.9730615615845;-37.0688877105713;Especialidade: lanchonete. Avaliações elogiam os hambúrgueres e o açaí, o preço acessível, o ambiente organizado e limpo e a atenção da funcionária. Há reclamações recorrentes sobre o delivery, com entregas que passam de uma hora e meia sem aviso e açaí que chega derretido.
Açaí Mais Expresso Novo Paraíso;-10.9102582931519;-37.0846996307373;Especialidade: sorvete, doces. Avaliações elogiam o açaí cremoso, comparado favoravelmente a outros considerados aguados, o atendimento e a rapidez das entregas. Um avaliador diz passar todo dia depois do trabalho e menciona discordar de reclamações feitas por outros clientes.
Açaí Mais Expresso Orla;-10.9881982803345;-37.0485305786133;Especialidade: açaí, brasileira. Avaliações têm tom misto. Há elogios ao açaí, ao custo e ao atendimento de funcionários específicos. Há reclamação de ambiente sujo com mesas pegajosas e de grosseria da equipe ao receber a queixa, e outra de pedido não entregue com telefone que não atende.
Açaí Moderno;-10.9760985374451;-37.0661087036133;Especialidade: sorvete, açaí. Avaliações descrevem local pequeno e arrumado, com mesas na parte externa, onde o cliente monta o próprio açaí. Elogiam o açaí cremoso e sem gosto artificial, a variedade de sorvetes e acompanhamentos e o atendimento atencioso. Uma avaliação comenta que dá para ouvir a música de um bar vizinho.
Açai Na Tigela Tia Augusta;-10.9267730712891;-37.0436935424805;Especialidade: lanchonete. As avaliações lidas são em maioria críticas. Dois clientes dizem que o açaí vendido por quilo veio com peso menor que o cobrado e recomendam conferir na balança. Há reclamação de atendimento ruim, com espera de quase 40 minutos para saber que o item do cardápio não estava disponível, e de açaí muito doce.
Acai Paulista;-10.9122076034546;-37.0491771697998;Especialidade: açaí, brasileira. Avaliações têm tom misto e várias são curtas. Há elogio aos lanches e à equipe simpática e atenciosa. Uma cliente antiga reclama de salgado sem recheio e de ter sido mal atendida, com arrogância, por uma funcionária ao tentar reclamar.
Açaí Show;-10.9749116897583;-37.0391712188721;Avaliações elogiam o açaí, citado como um dos melhores da cidade, servido com cremes e farofinha de tapioca, e o atendimento atencioso e acolhedor, com relato de água oferecida ao cachorro de um cliente sem ele pedir. Há também pastéis e sanduíches. Críticas apontam o pastel como ruim e o cardápio como confuso e mal feito.
Açaí Turbinado;-10.933069229126;-37.0620441436768;Especialidade: sucos, pizza. Avaliações curtas e positivas, sem detalhes.
Açaí X-Power;-10.9255237579346;-37.0504665374756;Especialidade: açaí, brasileira. Avaliações elogiam a qualidade do açaí e dos sorvetes, com vários sabores, o atendimento e o espaço limpo, organizado, arejado e climatizado por dentro. Um avaliador conta que sentou na parte de fora tomando açaí e achou relaxante.
Acaiteria O Garotinho;-10.8894491195679;-37.077356338501;Especialidade: sorvete, doces. Avaliações elogiam o açaí e os sorvetes, com bastante opção de sabores e acompanhamentos, o preço e o ambiente fresco e arejado, citado como bom para ir com crianças e família. Uma avaliação elogia o atendimento mas reclama que pararam de fazer o sabor beijinho e que o creme de leite ninho não é de leite ninho.
Acarajé da Ana e Hamburgueria;-10.9725985527039;-37.0712985992432;Avaliações curtas e positivas, sem detalhes, uma delas elogiando o lugar e a comida.
Acarajé da Gil;-10.9773988723755;-37.0496768951416;Avaliações elogiam o acarajé, descrito como saboroso e com camarões grandes sem casca, os preços acessíveis e o atendimento, com menção à simpatia e atenção da dona.
Acarajé da Jaíra;-10.9424366950989;-37.0671787261963;Avaliações são mistas. Parte elogia muito o acarajé, crocante, sequinho e saboroso, comparado aos famosos de Salvador e considerado o melhor da região. Há reclamações de demora, inclusive mais de uma hora de espera, de caruru e camarão ruins em um pedido, de recheio em quantidade desigual e de cobrança de taxa de serviço mesmo após o cliente pedir para não incluir.
Acarajé da Magna;-10.9159293174744;-37.0501594543457;Avaliações em geral elogiam o acarajé, leve por dentro e crocante por fora, chamado por alguns de melhor de Aracaju, o atendimento e os preços justos. Uma avaliação mais crítica diz que o tempero é bom mas não é o sabor tradicional, com dendê misturado, acompanhamentos frios e salada com tomate maduro, elogiando apenas o camarão.
Acarajé da Nana;-10.9254188537598;-37.0635986328125;Avaliações elogiam o acarajé, com destaque para a massa sequinha e crocante, boa tanto pura quanto com os recheios, e recomendam a compra pela qualidade.
acarajé da nara;-10.9134006500244;-37.0602340698242;Especialidade: brasileira. Avaliações curtas e positivas, elogiando o sabor da comida feita pela dona e a boa localização.
Acarajé da Nete;-10.8984117507935;-37.0597324371338;Avaliações são mistas. Há elogios ao acarajé saboroso, com massa crocante, recheios frescos e variedade no cardápio, ao delivery e às mesas para comer no local. Há reclamações fortes de desorganização na fila e nos pedidos, espera de mais de uma hora, falta de acarajé, acarajé frio ou com metade crua e vatapá e caruru ruins.
Acarajé da Paula;-10.9339113235474;-37.0634670257568;Avaliações elogiam bastante o acarajé, de massa leve, aerada, crocante e sequinha, além do vatapá e do caruru, do preço e do fácil acesso. As críticas se concentram no atendimento, descrito como demorado, com poucas pessoas atendendo e atendentes pouco cordiais, e na quantidade pequena e irregular dos acompanhamentos.
Acarajé da Rita;-10.9671449661255;-37.0430488586426;Especialidade: lanchonete. Avaliações curtas e positivas. Uma delas cita um acarajé vegano muito bom e preços bem baixos.
Acarajé Do Marcelo;-10.9738960266113;-37.0643215179443;Avaliações elogiam o acarajé, gostoso, bem temperado e bem servido, com preço justo, chamado por um avaliador de melhor de Aracaju. Há reclamações de delivery que levou duas horas e de horário divulgado nas redes que não confere, com o local encontrado fechado em dois sábados no início da noite.
Acarajé e Abará da Mica;-10.944748878479;-37.0874137878418;Avaliações curtas e positivas, sem detalhes.
Acarajé ponto quente;-10.910521030426;-37.083667755127;Avaliações elogiam o acarajé, saboroso e visto como tradição, e o ambiente arejado e familiar. Uma avaliação critica o atendimento de uma funcionária, descrita como ríspida e de cara fechada, mas elogia as outras atendentes.
Acarajé Sabor Da Bahia;-10.9336404800415;-37.0525035858154;Especialidade: lanchonete. Avaliações são divididas. Algumas chamam o acarajé de um dos melhores de Aracaju, com preço justo, ambiente limpo, cerveja gelada e bom vatapá e camarão. Outra acha razoável, com bolinho pequeno e pouco camarão, mas bom atendimento. Uma reclamação forte relata preço cobrado na retirada diferente do cardápio divulgado e constrangimento ao cliente.
Acaraxe;-10.9411706924438;-37.0583553314209;Avaliações curtas e positivas, sem detalhes.
Aconchego do Papai Carlos Bar;-10.9196696281433;-37.0605144500732;Poucas avaliações. Uma diz que é apenas um depósito de bebidas, sem mistérios. Outra elogia o atendimento e a cerveja gelada.
Açucena;-10.9695029258728;-37.0563507080078;Especialidade: brasileira. Avaliações descrevem ambiente bonito e agradável, bom para celebrações, com espaço kids amplo, e elogiam pizza e drinks. Há críticas de comida muito salgada, pastéis pequenos e com pouco recheio, pizza esquecida com quase duas horas de espera e um relato de itens não consumidos lançados na comanda, com mau trato da atendente do caixa e de um garçom.
Adega Café;-10.9447569847107;-37.0477848052979;Uma avaliação descreve o lugar como tranquilo e aconchegante e diz que serve tapioca. A outra é um comentário político sem relação com o estabelecimento.
Adonai Delicatessen;-10.9702472686768;-37.0583248138428;Especialidade: lanches.
Africans Burger;-10.9697923660278;-37.0577144622803;Especialidade: hambúrguer, africana. Avaliações elogiam os hambúrgueres, incluindo um de carne de avestruz e um vegetariano de grão de bico, a batata, o lugar aconchegante e o atendimento pessoal e atencioso. Um avaliador acha o preço um pouco caro e a carne de avestruz um pouco dura, mas recomenda. Citado como vizinho à Unit e fácil de localizar.
Afro Lanches;-10.9358196258545;-37.0808048248291;Especialidade: hambúrguer. Avaliações curtas e positivas, elogiando o atendimento e os lanches, com menção ao hambúrguer de bacon especial como preferido de um cliente.
Aguas Douradas;-10.9712181091309;-37.0375576019287;Avaliações descrevem uma pousada familiar, amigável e acolhedora, a um quarteirão da praia e perto de restaurantes e lojas. Elogiam os quartos grandes e limpos, ar-condicionado e TV funcionando, recepção 24 horas com entrada trancada e o café da manhã incluso com muita variedade.
Aju Hostel e Pousada;-10.9923243522644;-37.0546817779541;Avaliações elogiam a equipe simpática e prestativa, a limpeza, a decoração e as áreas comuns com bar e piscina, a cozinha, o café da manhã com ovos feitos na hora e a localização tranquila a cinco minutos a pé da praia. Um hóspede elogia a suíte com cama de casal e o preço, mas sugere levar protetor de ouvido por causa do barulho e aponta uma instalação elétrica duvidosa.
Ajubeer;-10.9383149147034;-37.0537662506104;Avaliações são majoritariamente negativas. Reclamam de atendentes desatentos, debochados ou grosseiros, pedidos errados, mesa suja, comida fria, carne dura e passada do ponto e talher de plástico. Uma avaliação positiva elogia a costela, o ambiente bom para conversar e o atendimento educado. O ambiente é citado como agradável mesmo em avaliação crítica.
Akasha Tabacaria;-10.8983879089355;-37.0616436004639;Avaliações curtas e positivas. Citam atendente simpática e dizem que a loja tem variedade, com todo tipo de produto.
Alagoas pizza;-10.9026346206665;-37.0650157928467;Avaliações elogiam o bom atendimento, a comida saborosa e fresca e o preço acessível, resumido como bom, bonito e barato. Uma avaliação critica o fato de não aceitar cartão.
Algas Marinhas Hotel;-10.9934482574463;-37.0523777008057;Avaliações curtas e positivas. Uma descreve hotel agradável e informal, com excelente localização e equipe muito simpática.
Algo Mais Soparia e Pizzaria;-10.903829574585;-37.0719699859619;Avaliações elogiam as sopas e o atendimento, citando wi-fi para clientes e opções de jantar como cuscuz recheado e inhame. Uma reclamação relata espera de mais de 50 minutos por um caldo verde que nunca foi lançado e que já tinha acabado, com o casal saindo frustrado. As demais são curtas e positivas.
Allan Burger & Cia;-10.9713749885559;-37.0738391876221;Especialidade: lanchonete. Avaliações elogiam os lanches, saborosos e bem recheados, os preços justos e o atendimento. A crítica recorrente é a demora no preparo. Um avaliador menciona desconforto com o barulho de uma pequena reforma no dia da visita.
Alto da Praia Hotel;-10.9947390556335;-37.0592288970947;Avaliações curtas e de tom misto, entre elogios breves e notas neutras. Uma não recomenda o hotel, dizendo que o site anuncia serviço que não existe, que não há estacionamento privativo e que o chuveiro não funciona bem.
Amakase Nikkei Sushi;-10.9326734542847;-37.0588455200195;Especialidade: japonesa, japonesa (sushi). Avaliações divididas sobre o rodízio japonês. Parte elogia peças frescas e de qualidade, serviço rápido, atendimento atencioso e ambiente tranquilo. Outras dizem que é bom mas nada surpreendente, caro pelo que entrega, com sobremesa ruim, acústica péssima, ambiente pouco confortável e pouca liberdade para escolher as peças no rodízio.
Amanda Bar e Restaurante;-10.9942941665649;-37.0530567169189;Só duas avaliações, opostas. Uma elogia o caranguejo com molho de tomate e cebola, os acompanhamentos, o atendimento e o ambiente agradável. A outra relata péssimo atendimento, garçons que ignoram e demoram mesmo com a casa vazia, e diz ter passado mal depois de um pastel de caranguejo.
Amazon Açaí e Café;-10.9136018753052;-37.0889263153076;Especialidade: lanchonete, açaí. Maioria das avaliações é negativa. Reclamam do atendimento, de não levarem o pedido à mesa, da demora de cerca de 10 minutos por um expresso com um só atendente e de uma coxinha seca e cara. Uma pessoa diz ter sido tratada de forma diferente pela atendente do caixa. Há quem ache o local agradável e uma avaliação que elogia local, atendimento e comida.
Amsterdan;-10.975869178772;-37.0584316253662;Especialidade: drinks. Avaliações descrevem um barzinho com música ao vivo, palco e espaço externo confortável, bom para comemorar aniversário. Elogiam petiscos, cerveja gelada, shots, som e ar-condicionado. Há críticas a porções pequenas, calor quando lota e um relato de recepcionista ríspida e garçom grosseiro ao recusarem os 10%.
Anauê;-10.9912347793579;-37.0540561676025;Avaliações descrevem um hostel perto da praia, limpo, com camas confortáveis, donos e atendentes prestativos, clima amigável e café da manhã elogiado. Uma avaliação acha o quarto apenas ok e reclama da falta de sabonete no chuveiro.
Âncora BEACH;-11.0245060920715;-37.0740489959717;Avaliações descrevem um bar de praia bonito, com boa estrutura, banheiros limpos e equipe simpática, bom para passar o dia. Há críticas a serviço muito lento em feriado, música alta demais e com letras consideradas vulgares, e um relato de casal que se sentiu mal acolhido ao ter recusada uma mesa mais confortável com a casa quase vazia.
André Lanches e Açaí;-10.8932237625122;-37.0537357330322;Especialidade: lanchonete.
Anna Cereja Delicatessen;-10.9926538467407;-37.0706634521484;Especialidade: café. Avaliações tratam como a melhor padaria e delicatessen do bairro, elogiando pães, pães doces recheados, doces, bolos caseiros e bolos sem lactose, além de manteiga e queijo coalho. Também elogiam o atendimento e a gentileza dos proprietários.
Aquarios Praia Hotel;-10.9771747589111;-37.0409374237061;Avaliações divididas. Há elogios ao serviço, à comida e à vista de frente para a praia de Atalaia. As críticas falam em hotel com aparência muito antiga, quarto e elevadores ruins e portas que não abrem com o cartão, com o café da manhã como única parte boa, e uma avaliação recomenda não se hospedar.
Ará Sorvetes e Açai;-10.9724817276001;-37.0693111419678;Especialidade: sorvete, doces. Avaliações elogiam o sorvete e o açaí, a variedade de sabores, o ambiente aconchegante, limpo e bem cuidado, os preços acessíveis e a equipe simpática e prestativa. Descrevem como bom lugar para ir com amigos, família ou em encontros.
Aracaju Corais Hotel;-10.9784798622131;-37.0438385009766;Avaliações em geral positivas: quartos confortáveis, camas boas, chuveiro quente, equipe muito gentil e eficiente e localização prática perto do calçadão da orla, com bom custo-benefício. O café da manhã é descrito como modesto e o estacionamento como apertado quando cheio. Uma avaliação diz para não perder tempo nem dinheiro.
Aracaju Praia Hotel;-10.9805266;-37.0434379;Avaliações curtas e positivas, com poucos detalhes. Citam comida e serviço bons e a vista.
Arcus Hotel;-10.9786491394043;-37.0441284179688;Avaliações descrevem um hotel funcional, limpo e confortável, a poucas quadras da praia, com quartos silenciosos, equipe simpática e estacionamento gratuito. As críticas citam quartos muito básicos, sem mesa ou cadeiras na varanda e sem copos, internet ruim, café da manhã mais fraco, comida um pouco cara e funcionários que prometem resolver pedidos e não resolvem.
Aribé Lanches;-10.9068431854248;-37.0718250274658;Especialidade: lanchonete, fast-food. Avaliações curtas e positivas, sem detalhes.
Armandola’S;-10.9365482330322;-37.0686626434326;Especialidade: italiana. Avaliações elogiam as massas, de excelente qualidade, e as empanadas bem recheadas, em especial o combo de três, pedido para retirada. Também citam variedade de sabores e atendimento ótimo e rápido.
Armazénn;-10.970085144043;-37.0560607910156;Poucas avaliações e de tom misto. Uma relata experiência péssima, com banda principal cancelada no meio da noite, falta de petiscos e de estrutura de banheiros. Outra diz que curtiu e que o espaço foi bem aproveitado, mas não gostou tanto do atendimento. Uma avaliação diz apenas que está fechado.
Arraiá do Povo;-10.9745969772339;-37.037691116333;Avaliações tratam do evento de São João: festa com várias bandas simultâneas toda noite, apresentações de quadrilhas e muitas opções de comidas e bebidas juninas, em ambiente descrito como tranquilo e seguro. Dizem que a estrutura melhorou em relação a anos anteriores, mas falta espaço coberto para os dias de chuva.
Aru Food Park;-11.0187048912048;-37.0729808807373;Avaliações descrevem um food park amplo, arejado, bem iluminado e organizado, com pizzaria, sanduíches e comida regional, banheiros climatizados e limpos, área kids e música ao vivo em volume que permite conversar. Ambiente apontado como familiar. Críticas: poucas vagas para estacionar e um relato de encontrar fechado numa segunda apesar de anunciado como aberto.
Aruanã Eco Praia Hotel;-11.0273852348328;-37.0769329071045;Avaliações elogiam a localização em frente à praia de Aruana, o café da manhã farto, o jardim e a área de piscina, a cama confortável, a comida do restaurante e a equipe prestativa e educada. Há ressalvas de que o quarto precisa de alguma atenção e de que as instalações poderiam ser melhores pelo preço.
Astro Experience;-10.9950895309448;-37.0535411834717;Avaliações descrevem uma experiência sensorial em espaço muito bonito e diferenciado na Orla, com welcome drink, drinks diferentes, pratos individuais fartos e bem apresentados e som ambiente agradável. Elogiam o atendimento dos garçons. Uma avaliação, sem detalhes, diz que a experiência foi muito ruim.
Atalaia Apart Hotel;-10.9691786766052;-37.0537586212158;Avaliações elogiam o serviço, o café da manhã, a limpeza e o preço do quarto. As críticas citam barulho de carros da rua à noite, cama de casal formada por duas de solteiro juntas e vazamento do ar-condicionado que molhou objetos sobre a mesa.
Atelier Doces e Doçuras;-10.9332685470581;-37.0790176391602;Especialidade: lanchonete.
Atual Sushi;-10.9734792709351;-37.0656261444092;Especialidade: japonesa (sushi), japonesa. Avaliações elogiam a qualidade e o frescor dos sushis, a apresentação dos pratos, o ambiente limpo com música agradável e o atendimento simpático e atencioso. Citado como opção para comemorar aniversário, com preço considerado ok. Há uma reclamação forte de pedido com mais de duas horas de atraso e sem resposta do restaurante.
Australia Burger and Buffet;-10.9440498352051;-37.0603733062744;Especialidade: buffet (rodízio), hambúrguer. Avaliações elogiam a grande variedade de comidas, saladas e frutas, descritas como saborosas e boas para quem busca alimentação saudável. A equipe é citada como gentil. Demais comentários são curtos e positivos.
Babbo;-10.9315056800842;-37.0494556427002;Especialidade: italiana. Avaliações descrevem ambiente agradável e bem decorado em estilo italiano, tranquilo no almoço durante a semana, com pratos de massa, camarão e frango e sobremesas elogiados, além de atendimento simpático. Há uma crítica dura de visita no dia dos namorados: prato bonito mas sem gosto, atendimento lento por poucos garçons, sobremesa ruim e custo-benefício baixo.
Baião Dois;-10.9241094589233;-37.0500164031982;Avaliações descrevem self-service a quilo simples e familiar, pequeno e não climatizado, com comida caseira, churrasco diário, preço acessível e atendimento cordial. Há críticas à higiene no manuseio de refeições, a detalhes de manutenção e banheiro, à falta de estrutura quando enche e ao tempero pesado. Serve para almoço farto do dia a dia.
Bakery Emporium San Antonio;-10.9162187576294;-37.0528469085693;Especialidade: padaria. Avaliações descrevem padaria pequena, agradável e organizada, com boa variedade, sanduíches e sucos elogiados e preço justo. Funcionárias são citadas como educadas, mas há queixas de atendimento demorado e de corredor apertado que congestiona. Um relato diz que o atendente, possivelmente o dono, foi rude e cancelou o pedido de um cliente.
Bali Restaurante e Bar;-10.9911775588989;-37.0506954193115;Especialidade: frutos do mar. Avaliações elogiam o ambiente, a localização, a cerveja gelada e pratos como risoto com salmão e casquinha de caranguejo, com boa apresentação. O atendimento é elogiado por alguns e considerado demorado por outros. Um avaliador achou a música ao vivo alta a ponto de impedir a conversa na mesa e reclamou do ponto da carne.
Bambu;-11.0138468742371;-37.0671672821045;Avaliações descrevem bar de praia em Aruana com vista para o mar, elogiando o tempero, os preços em conta, a limpeza e a simpatia da equipe. Há um relato negativo de cliente que achou indelicado ser avisado perto das 17h de que as cadeiras seriam recolhidas por causa de furtos.
Bar & Lanchonete Do Fabio;-10.9070405960083;-37.0559711456299;Especialidade: fast-food. Avaliações descrevem bar agradável para tomar cerveja com amigos e assistir futebol, com cerveja muito gelada, petiscos elogiados, boa dobradinha, preço justo e ótimo atendimento. Um avaliador parabeniza a reforma do local.
Bar Aruamar;-11.0142860412598;-37.0676689147949;Avaliações descrevem bar calmo e de ambiente agradável, com comida boa e preços competitivos em relação a outros bares, bom para almoçar com a família. Um grupo relata se encontrar ali aos sábados antes do futebol. O atendimento é elogiado.
Bar Beira Rio;-11.0410051345825;-37.1161689758301;Avaliações descrevem ambiente familiar e agradável, com atendimento muito bom, inclusive para grupos grandes. Elogiam a comida, de qualidade e em porções fartas, a ponto de um prato para dois servir quatro pessoas.
Bar Caliente El Sol;-11.0673360824585;-37.1035327911377;Avaliações descrevem bar de praia de ambiente familiar, limpo e arejado, com boa estrutura e bons banheiros. Elogiam a cerveja gelada, os tira-gostos, os preços justos ou abaixo da média e o atendimento rápido e atencioso de garçons e donos. Citado como receptivo com crianças.
Bar Churrasquinho Do Bocão;-10.8958883285522;-37.0829372406006;Especialidade: churrasco. Avaliações descrevem bar de bairro animado e acolhedor na zona norte, arejado, com shows ao vivo, especialmente aos domingos. Elogiam o atendimento, a qualidade dos produtos e a dobradinha. Citado como ponto de encontro do pessoal do bairro.
Bar da Amendoeira;-10.9432744979858;-37.0734043121338;Avaliações descrevem ambiente tranquilo, bom para conversar com amigos, com pratos caseiros e cerveja bem gelada. Um avaliador estranhou que tudo o que se consome é pago na hora e achou a porção de carne de sol com fritas saborosa, mas pequena para o preço. Os demais comentários são curtos e positivos.
Bar da Bisteca;-10.9141540527344;-37.0598106384277;Avaliações descrevem bar familiar e tranquilo, bom para ir com amigos e parentes, com tira-gosto elogiado, cerveja bem gelada, ótimo atendimento e preços justos. Há também comentários curtos, um deles classificando o lugar como regular.
Bar da Codorna Frita;-10.9441041946411;-37.0866546630859;Avaliações descrevem boteco simples e familiar, bom para conversar com amigos, famoso pela codorna frita. Elogiam também peixe frito, dobradinha e frango a passarinho, a cerveja muito gelada, o bom preço e o atendimento alegre e solícito do dono.
Bar da Galera;-10.9728841781616;-37.0709934234619;Avaliações mistas. Elogiam o ambiente agradável à sombra de árvore, bom para cerveja gelada, assistir jogos e curtir samba em alguns dias. Há críticas à falta de papel higiênico, ao preço das doses, a uma porção de tripinha pequena e sem crocância e ao atendimento insuficiente, com um garçom para várias mesas. Um avaliador resume como cerveja barata e nada além disso.
Bar da Kikiu;-11.0736904144287;-37.134729385376;Avaliações descrevem lugar simples e arejado, com jeito de interior, comida saborosa, cardápio variado, preço atrativo e atendimento acolhedor. A moqueca com pirão de camarão é citada como bom custo-benefício, embora um avaliador tenha achado o caldo aguado. Há críticas à falta de conforto do ambiente e pedido para aceitarem cartão de crédito.
Bar da Luz Verde;-10.97389793396;-37.0618896484375;Avaliações descrevem bar simples para cerveja bem gelada a preço justo, com destaque para os pastéis de costela e de pernil, o caldinho e as porções de batata frita, e recomendado para universitários. Há um relato de atendimento grosseiro e desrespeitoso por parte do senhor que atende, ao perguntar o preço de um cigarro.
Bar da Mirian;-11.0295419692993;-37.07741355896;Avaliações descrevem bar de praia tocado pela dona, com música ao vivo, mesas comuns e lounge com bancos acolchoados e rede, bom para passar o dia. A maioria elogia a comida farta, o preço justo, o atendimento rápido e hospitaleiro e os banheiros limpos. Há uma crítica forte: ambiente pouco limpo, comida cara e de baixa qualidade e caranguejo mal cozido.
Bar da sopa;-10.9114761352539;-37.0630435943604;Avaliações descrevem bar simples e tradicional de Aracaju, conhecido pela sopa de mocotó, hoje com outros sabores, e com clientes de longa data. Há uma reclamação de atendimento ruim de uma funcionária, descrita como mal-educada e desatenta, que deixou o cliente constrangido diante de amigos convidados. Os demais comentários são curtos e positivos.
Bar do Alves;-10.9718796;-37.0358753;Avaliações curtas e em geral positivas, sem detalhes. Uma delas diz que a comida parece um pouco sem sabor.
Bar do Bel;-10.924388885498;-37.0595092773438;Avaliações curtas e positivas, sem detalhes. Uma delas descreve o lugar como restaurante e bar muito bom.
Bar Do Boca;-10.9653739929199;-37.0815715789795;Avaliações descrevem bar em praça tranquila e policiada, com espetinhos, caldinho de mocotó elogiado, cerveja gelada, preço justo, atendimento simpático e música ao vivo quinzenal. Há reclamação de vizinho sobre som muito alto até a madrugada em bairro residencial e crítica aos banheiros, descritos como precários e sem descarga.
Bar do Cabeça;-10.9877891540527;-37.053539276123;Avaliações descrevem barzinho de rua descontraído em frente a uma praça, reformado, com cerveja sempre gelada, espetinhos variados, preço justo e donos simpáticos. Indicado para ir sozinho ou em família, já que as crianças brincam na praça. Ressalvas: sol forte sobre as mesas à tarde e um espetinho com gosto de fumaça.
Bar do Caldinho Santa Rita;-10.9912781715393;-37.0507030487061;Avaliações curtas e positivas, sem detalhes. Uma delas elogia o lugar como muito bom e autenticamente brasileiro.
Bar do Chiquinho;-10.9021730422974;-37.0580711364746;Avaliações descrevem barzinho tradicional de esquina, simples e fora do roteiro turístico, com pastéis e torresmo fritos na hora, caranguejo todos os dias, cerveja bem gelada e ótimo atendimento. Os demais comentários são curtos e positivos.
Bar do Dody;-10.9162969589233;-37.0852565765381;Avaliações elogiam o ambiente bem ventilado, o atendimento e os petiscos. As demais são curtas e positivas, sem detalhes.
Bar Do França;-11.0146450996399;-37.0679416656494;Avaliações descrevem uma barraca simples de praia com atendimento rápido e educado, cerveja bem gelada e porções saborosas. Elogiam pastéis, caldinhos de camarão e sururu, peixe frito e caranguejo, além do bom custo-benefício e da ducha para lavar os pés na saída.
Bar do Gama;-10.9374465942383;-37.0618801116943;Avaliações descrevem um bar raiz e tradicional do Grageru, tranquilo, com cerveja gelada, caldinhos e dobradinha elogiados. Um avaliador diz evitar ir à noite por causa do som alto de um estabelecimento vizinho.
Bar do Guaiamum;-10.9069395065308;-37.075891494751;Avaliações indicam o lugar para comer mariscos, frutos do mar e pescados, em ambiente ventilado, com som ambiente e TV, frequentado por clientes tranquilos. Há reclamações de atendimento pouco educado, banheiro precisando de limpeza e preços considerados altos, com guaiamum abaixo do esperado.
Bar Do Itabaiana;-10.9679594039917;-37.0881309509277;Avaliações em sua maioria curtas e positivas, com uma classificando como regular. Uma descreve como boteco raiz simples, com bom atendimento, cerveja gelada e petiscos, bom para sentar com amigos.
Bar do Joel;-10.9892520904541;-37.0491695404053;Avaliações elogiam o ambiente familiar, a comida caseira, o espetinho de filé mignon, casquinhas, pastel de caranguejo e caldinho de sururu, além dos garçons corteses. Um avaliador encontrou o local vazio e escuro, sem música ambiente, com cardápio voltado a pratos para duas pessoas ou mais e preços no padrão de beira-mar.
Bar do Jota;-10.9725638;-37.0358171;Avaliações curtas e positivas, sem detalhes.
Bar Do Manoel;-10.9002728462219;-37.0663795471191;Avaliações curtas e positivas citam cerveja e bebidas sempre geladas, boa localização e que é um bom lugar para assistir a jogos de futebol.
Bar do Nelsinho;-11.0282316207886;-37.0767936706543;Especialidade: drinks. Avaliações elogiam a comida e descrevem um bar de praia agradável para ir com a família, com banheiro limpo e chuveiro na areia. As opiniões sobre o atendimento divergem: há quem o elogie muito e há reclamação de demora de até duas horas no pedido e garçons que não dão retorno.
Bar do Nelson;-11.0192227363586;-37.0707454681396;Poucas avaliações. Uma diz que o lugar é legal, mas que os garçons não são simpáticos, a outra é curta e positiva.
Bar do Nivaldo;-10.9732227325439;-37.0846366882324;Avaliações descrevem ambiente simples e arejado, com cerveja gelada, petiscos a preço justo, pastéis e caldinho de sururu elogiados e TV para assistir a jogos. Há críticas ao atendimento disperso, a um peixe menor que o oferecido e cobrado caro, e a haver apenas um banheiro em dia cheio.
Bar Do Osvaldo;-10.9681663513184;-37.0683841705322;Avaliações descrevem um barzinho familiar, tranquilo e arejado, com cerveja bem gelada, espetinhos, preços acessíveis e bom atendimento. Citam música ao vivo em alguns dias e recomendam chegar cedo.
Bar Do Paulista;-11.0140981674194;-37.0674934387207;Avaliações descrevem uma barraca à beira-mar com preços bons e, em geral, atendimento elogiado, considerado melhor que o das barracas vizinhas. Um cliente antigo relata ter sido mal atendido na última visita por funcionários novos, apesar de elogiar o ambiente.
Bar do Simeão;-10.9312438964844;-37.0782260894775;Avaliações elogiam a cerveja gelada, os petiscos e o caranguejo, e destacam que o volume do som permite conversar.
Bar Do Vaqueirinho;-10.9886593818665;-37.060152053833;Avaliações elogiam o peixe, citado como muito bem temperado e servido na brasa às quintas-feiras, a comida e a cerveja gelada. Uma menciona música de forró e vaquejada.
Bar e Mercearia do Luciano;-10.8938633;-37.0667849;Avaliações curtas e positivas elogiam a cerveja muito gelada e o pastel.
Bar E Restaurante Bode Veio;-10.9780731201172;-37.0490207672119;Especialidade: brasileira. Avaliações descrevem um restaurante simples, arrumado e ventilado, de almoço bom e barato, com comida a quilo ou prato comercial bem servido e churrasco elogiado, incluindo bode e cupim. Elogiam o atendimento rápido mesmo com casa cheia, a presença dos proprietários e a ausência de taxa de serviço.
Bar e Restaurante da Família;-11.0265350341797;-37.0752811431885;Especialidade: frutos do mar. Avaliações descrevem um bar de praia agradável e sem som alto, com comida farta, cerveja gelada, preço justo e bom atendimento. Citam espaço sombreado, cadeiras perto da água, ducha no banheiro feminino e banheirinhas para crianças. Uma menciona atendimento um pouco afetado pelo movimento de carnaval.
Bar e Restaurante da Ninha;-10.891095161438;-37.0540599822998;Avaliações elogiam a comida caseira, a moqueca de peixe bem servida, a cerveja gelada e o atendimento simpático, rápido e educado. Descrevem o ambiente como simples, fresco, arejado e agradável.
Bar e Restaurante do Camilo;-10.9513940811157;-37.0464553833008;Especialidade: brasileira. Avaliações curtas e positivas, uma delas elogiando a comida, sem mais detalhes.
Bar e Restaurante do China;-10.9309797286987;-37.0779056549072;Avaliações descrevem um bar e restaurante familiar, ao ar livre e arejado, com clima de praia, bom para almoço em grupo, happy hour e fim de tarde. Elogiam petiscos, caranguejo, queijo na chapa, cerveja gelada, preço justo e o dono atencioso. Uma avaliação reclama de demora dos atendentes.
Bar e Restaurante do Peixe Mania;-10.8986511230469;-37.0487041473389;Especialidade: frutos do mar, drinks. Avaliações curtas e positivas, sem detalhes.
Bar e Restaurante Maré Mansa Beach;-11.0323495864868;-37.0795383453369;Avaliações descrevem um bar pé na areia, de estrutura simples, com música ao vivo, clima familiar, ducha e brinquedos para crianças. Elogiam os preços, os caldos e o peixe frito. Há reclamações recorrentes de demora no serviço e erro na conta, e uma diz que o caranguejo vem pequeno e esfria rápido.
Bar e Restaurante o Caldeirao;-10.976806640625;-37.0643939971924;Especialidade: brasileira. Avaliações descrevem um restaurante simples de comida caseira, com self-service sem balança a preço acessível, variedade de pratos e sobremesas e bom atendimento. Indicado nas avaliações para um almoço rápido.
Bar e Restaurante Paraíso do Baixinho O Rei do Sirí;-11.0260286331177;-37.0751934051514;Especialidade: drinks, frutos do mar. Avaliações descrevem como bom lugar para passar o dia na praia, com mesas e guarda-sóis grandes, frutos do mar frescos e bebidas geladas. Uma avaliação considera os preços altos e relata espera maior que a esperada pelos pratos.
Bar e Restaurante Recanto do Chorinho;-10.88853931427;-37.0544395446777;Avaliações descrevem um lugar aconchegante dentro do parque, com boa música, bons preços e atendimento educado. Elogiam o prato feito bem servido e barato e recomendam para almoço e visita em família.
Bar e Restaurante Santo Antonio;-10.9911947250366;-37.0506801605225;Avaliações elogiam a comida caseira bem servida, os caldos, em especial o de camarão, o peixe vermelho, a cerveja gelada e o atendimento. Há críticas a um peixe frito gorduroso, a uma moqueca cara com pouco camarão e a mau cheiro ocasional de um bueiro nas mesas da frente.
Bar Leão de Chacara;-10.9223608970642;-37.0948390960693;Avaliações curtas e positivas, sem detalhes.
Bar Nova Opção;-11.0184640884399;-37.070384979248;Avaliações curtas e positivas descrevem o lugar como maravilhoso e adorável, com pessoas acolhedoras, e como uma experiência autêntica de Aracaju.
Bar Papo Furado;-10.9722642;-37.0358842;Avaliações descrevem um bar em frente ao mar com boa estrutura, boa música, serviço rápido e atendimento cordial, bom para ir com amigos ou família. Elogiam a comida e o pastel de picanha. Uma avaliação critica pastéis oleosos e diz que o cardápio e o serviço na areia precisam melhorar.
Bar Pastelão Casa de Praia;-10.971677;-37.0357139;Especialidade: brasileira. Avaliações elogiam a comida em quantidade e qualidade, o atendimento educado e atencioso e a cerveja gelada, com preços razoáveis. Descrevem o ambiente como agradável mas muito simples, com opção de ficar dentro, em redes, na área externa ou na praia. Citam a porção de mini pastéis como boa para grupos e mencionam que o local estava em reforma.
Bar Pé Sujo;-10.9245562553406;-37.0481052398682;Avaliações curtas e positivas, com poucos detalhes. Uma menciona show com música e outra descreve o bar como agradável para uma cerveja gelada.
Bar Ponto de Espera;-10.9083299636841;-37.0388927459717;Avaliações descrevem um bar familiar e aconchegante à beira do rio Sergipe, com vista do pôr do sol. Elogiam a comida caseira, os petiscos, pastéis e empadinha, a cerveja gelada, a limpeza e o banheiro. O atendimento é elogiado pela maioria, mas uma avaliação cita parte da equipe mal-humorada e preços um pouco altos. Outra sentiu falta de pirão no cardápio.
Bar Restaurante e Churrascaria Arabatana do Caranguejo;-10.9243125915527;-37.0594253540039;Especialidade: frutos do mar, churrasco. Avaliações curtas e positivas na maioria. Uma mais detalhada elogia o atendimento solícito e a comida, cita caranguejo e codorna e relata crianças comendo no local.
Bar Rivaldo;-10.9759864807129;-37.0538883209229;Avaliações elogiam o atendimento dos garçons, o caranguejo, o pastel, as ostras frescas, a cerveja bem gelada e o banheiro limpo, em ambiente agradável. Uma avaliação reclama de uma caipirosca de morango aguada e sem álcool.
Bar Toca do lula;-10.9318208694458;-37.071081161499;Avaliações descrevem um típico bar de bairro, simples e familiar, com grande variedade de cachaças e cerveja gelada a preços acessíveis. Citam mesas na praça como boa pedida para o fim de tarde e um frequentador de 40 anos.
Barão da Praia;-11.0279340744019;-37.0768299102783;Avaliações descrevem uma barraca de praia na Praia de Aruana, com cara de praia e não de bar requintado. Elogiam bastante o atendimento dos garçons, a cerveja gelada, o pirão, a comida e o preço justo, com guarda-sol e mesas grandes. Citada como boa para ir em família. Uma avaliação achou o pastel de caranguejo um pouco salgado.
Barbaridade lanches;-10.9200325012207;-37.0656242370605;Especialidade: drinks. Avaliações descrevem um lugar simples, bem localizado e de ambiente familiar. Elogiam o atendimento, o espetinho com farofa e vinagrete, o caldinho de mocotó, o cardápio enxuto, os preços justos e as promoções de cerveja. Citam telão para acompanhar futebol.
BARbudos;-10.9925265312195;-37.0713787078857;Avaliações curtas e positivas, sem detalhes. Uma descreve o lugar como pequeno, com mesas dividindo espaço na calçada.
Bari Bistrô Café;-10.9307746887207;-37.0547866821289;Especialidade: café. Avaliações concordam que o lugar é bonito, confortável e charmoso, mas a maioria critica o atendimento demorado e confuso, a recusa em ligar o ar-condicionado com a área vazia e o banheiro externo fechado. Opiniões divididas sobre a comida: doces fracos para o preço, salgados e cafés bons. Uma avaliação elogia a comida e o atendimento e reclama só do som alto.
Bariloche;-10.9086022377014;-37.0726470947266;Especialidade: padaria. Avaliações curtas e positivas, sem detalhes.
Barraca da Família;-10.9741020202637;-37.0367488861084;Avaliações elogiam a comida, com destaque para o cuscuz e os pastéis, e o atendimento simpático dos donos e funcionários. Um avaliador conta que comeu lá três noites seguidas.
Barzin;-10.9314618110657;-37.0615558624268;Avaliações dizem que o bar é bonito e tem boa música ao vivo, mas a maioria critica o atendimento desorganizado e lento, a falta de estrutura em dia de chuva, cozinha fechando antes do horário divulgado, preços altos e promoção do Instagram não honrada. Citam reabertura sob nova direção. Uma avaliação elogia petiscos, atendimento, estacionamento fácil e o clima tranquilo.
Baviera Haus;-10.9105567932129;-37.0500221252441;Especialidade: lanchonete. Avaliações são na maioria críticas. Há reclamações de preços altos para salgados e sucos, coxinha com gosto de massa crua, pão de batata com pouco recheio, torta azeda, doce velho, pedido para viagem trocado e atendimento ruim. Uma avaliação comenta que a lasanha parece sair bastante.
Baviera Haus;-10.9204816818237;-37.0531101226807;Especialidade: café, doces. Avaliações curtas e positivas na maioria. Uma mais detalhada a descreve como uma das melhores e mais antigas casas de café e chá de Aracaju, com grande variedade de bolos, tortas, salgados, doces e pratos de almoço, para consumo no local ou encomenda.
Beco Mágico Aracaju;-10.9790592193604;-37.0438709259033;Especialidade: hambúrguer. Avaliações descrevem uma hamburgueria temática inspirada em Harry Potter, com decoração bonita e atendimento elogiado. As opiniões sobre a comida se dividem: alguns gostaram do hambúrguer, outros relatam entradas ruins, como onion rings e pipoca de frango, e drinks caros, doces e fracos. Parte diz que vale pela experiência e pelo ambiente, não pela comida.
Beer House;-10.9780826568604;-37.0399837493896;Avaliações curtas e positivas, sem detalhes.
Beija Flor;-10.9303770065308;-37.0509262084961;Especialidade: brasileira. Avaliações elogiam a comida, o ambiente familiar e o atendimento atencioso, citando funcionários pelo nome, e também a quentinha por delivery em quantidade e sabor. Uma avaliação destoa: achou o preço por quilo bom, mas a comida razoável e o ambiente e o atendimento fracos, e diz que não voltaria.
Beira Rio;-10.9049997329712;-37.0394039154053;Especialidade: espanhola. Avaliações destacam a vista do pôr do sol às margens do Rio Sergipe, o ambiente amplo, os telões com futebol e a música ao vivo com couvert artístico. Elogiam os pratos bem apresentados e os preços acessíveis. Sobre o atendimento as opiniões se dividem: alguns acham os garçons atenciosos, outra avaliação o considera deficiente e desorganizado. Citado como bom para happy hour.
Bella Castelo;-10.9346919059753;-37.07594871521;Especialidade: pizza. Avaliações curtas e positivas na maioria. Uma elogia a pizza por delivery, bem recheada, quente e com entrega rápida. Outra acha a pizza boa mas reclama do atendimento online.
Bella Massa;-10.9643864631653;-37.0789108276367;Especialidade: pizza. Avaliações mistas sobre a pizzaria. Há reclamações de pedido que não chegou sem reembolso, entrega muito demorada, pizza fria e diferente do pedido, com sabor e apresentação ruins. Por outro lado, um cliente antigo a considera a melhor pizza, caseira e artesanal, em ambiente simples, e outra avaliação diz apenas que a pizza é boa.
Benjamim Estofados;-10.9129166603088;-37.0643882751465;Avaliações tratam de um serviço de estofados, não de um restaurante. Elogiam a reforma de sofás e cadeiras, a qualidade do material, o preço justo, a entrega no prazo ou antes dele e o atendimento educado e atencioso.
Bergamo Cucina;-10.9483675956726;-37.0605354309082;Especialidade: italiana. Avaliações descrevem um restaurante de ambiente elegante, intimista e sofisticado, indicado para encontros românticos, com amigos e aniversários. A maioria elogia as massas, as carnes, a sobremesa e o serviço. Há ressalvas: preços acima de outros locais equivalentes e uma avaliação que achou a comida boa mas não excepcional e o atendimento ruim em duas visitas.
