nome;lat;lng;descricao
A Buchadinha;-7.89696264266968;-34.9012489318848;Especialidade: buffet (rodízio). Avaliações elogiam o ambiente, o atendimento e o sabor da comida, com destaque para a buchada. Descrevem como ambiente familiar, com preços populares, onde se pode comer e beber à vontade. Uma avaliação classifica apenas como regular.
Açaí do rei;-7.90501832962036;-34.9074115753174;Especialidade: hambúrguer. A única avaliação elogia o atendimento por delivery e diz que o açaí é caprichado.
Aldeia Sushi Delivery;-7.90079402923584;-35.0634288787842;Especialidade: japonesa (sushi), japonesa. Avaliações mistas. Há quem ache tudo saboroso e recomende, mas há reclamações de peças frias, arroz empapado e doce, dúvida sobre a higiene do sushiman, mais arroz do que peixe, taxa de entrega alta, atrasos de mais de uma hora e pedidos incompletos. Um cliente antigo diz que a qualidade caiu e outro sugere melhorar o ambiente.
Altino´S Bar;-7.89784002304077;-34.8892650604248;Avaliações descrevem um lugar tranquilo e aconchegante, com diversas piscinas, bom para crianças se divertirem. Elogiam também a comida.
Bar Da Fava;-7.91569900512695;-34.9142017364502;Avaliações elogiam a fava, citada como a melhor de Abreu e Lima, com ingredientes de qualidade, porções bem servidas e preço em conta. Destacam o atendimento e o ambiente familiar. Um avaliador conta que passou só para comprar tira-gosto para acompanhar bebidas.
Bar de Castinho;-7.89501428604126;-34.8856983184814;Avaliações curtas e positivas, sem detalhes.
Batatinha Da Hora;-7.90677928924561;-34.9014892578125;Especialidade: lanchonete. Avaliações elogiam a batata frita, descrita como sequinha, crocante, sempre quentinha e com molhos caprichados, apontada como a melhor da cidade. Citam local limpo, preço bom para a quantidade e que aceita pix e cartão.
Boate Hawaii;-7.88988637924194;-34.9041137695312;Especialidade: pizza. Avaliações mistas. Elogiam a pizza feita na hora, os petiscos, a cerveja bem gelada e o ambiente agradável. Uma diz que o atendimento não é muito bom e outra o elogia. Um avaliador conta que o local era pizzaria e que não conhece o serviço de boate, e outro reclama que ligou e não foi atendido.
Bob's Shakes;-7.9213752746582;-34.8949108123779;Especialidade: fast-food. Avaliações elogiam sobretudo o atendimento de uma atendente, descrita como simpática, educada e atenciosa, e os milk-shakes e sorvetes. Uma mãe relata que o filho com TEA e seletividade alimentar foi atendido com muita paciência na explicação do cardápio.
Boi e Brasa;-7.89357995986938;-34.9035701751709;Especialidade: churrasco, drinks. Avaliações descrevem churrascaria com piano ao vivo, buffet de saladas, boa variedade de carnes e vinhos e estrutura para grupos grandes, com elogios ao serviço. Há reclamações de taxa cobrada na conta pela música sem aviso, de bebidas não pedidas lançadas na conta com demora para corrigir e de atendimento ruim.
Borges Pizzaria;-7.89178705215454;-34.9084911346436;Especialidade: pizza. Avaliações elogiam a pizza, a massa e o atendimento, feito pelo proprietário. Citam entrega rápida e promoção de pizza em dobro.
Boteco 55;-7.90555238723755;-34.9083881378174;Avaliações elogiam o ambiente confortável, a boa recepção, o atendimento e a comida. Um avaliador diz que é seu lugar preferido.
Boteco da Berna;-7.91300821304321;-34.9104404449463;Avaliações elogiam a comida, a bebida e o atendimento e descrevem ambiente familiar. Uma cita o preço da cerveja de 600 ml.
Boteco do Pizzaiolo;-7.92258262634277;-34.9330444335938;Especialidade: pizza. Avaliações descrevem lugar familiar e tranquilo, fora da avenida e por isso menos barulhento, com atendimento atencioso, pizza muito elogiada e preço bom. Uma reclamação relata que nada do cardápio estava disponível e que havia um só atendente dividido entre delivery e mesa. Outra diz que as informações nas redes sociais deixam a desejar.
Box China;-7.90779781341553;-34.9088916778564;Especialidade: chinesa, pizza. Avaliações elogiam a comida, o yakisoba, os preços populares e o custo-benefício, mas há várias reclamações de atendimento, tanto no balcão quanto no delivery: grosseria, deboche, antipatia, falta de informação, mensagens sem resposta e pedido que não chegou. Clientes antigos dizem ter deixado de pedir por isso.
Caldinho do Léo;-7.9178409576416;-34.9201641082764;Avaliações elogiam o caldinho, citado como o melhor da região, a cerveja gelada, o atendimento e os petiscos baratos. Uma avisa que não é o lugar mais apropriado para quem busca conforto.
Delícias da Véu;-7.89799976348877;-34.8976173400879;Especialidade: doces e padaria, doces. A única avaliação elogia sabores e texturas, diz que superou as expectativas e que virou cliente fiel.
Encontro dos amigos Bar;-7.90446710586548;-34.9191265106201;Especialidade: drinks.
Fábrica Frisabor;-7.92888498306274;-34.9220790863037;Especialidade: sorvete, doces. Avaliações descrevem a loja de fábrica ao lado da entrada da Frisabor, com sorvetes e picolés elogiados, preço mais acessível, mais de 45 sabores, bom atendimento e espaço para crianças.
Feijoada da Pri Comedoria;-7.9219913482666;-34.9166698455811;Especialidade: pizza, café. Avaliações elogiam a comida, o atendimento e o preço justo, e descrevem ambiente calmo com variedade de sabores.
Freds Pizza;-7.89974594116211;-34.9074573516846;Especialidade: pizza. Avaliações lidas são quase todas reclamações sobre o delivery: esperas de 2 a 3 horas, pedidos não entregues ou errados e telefone e WhatsApp que não respondem. Uma avaliação diz gostar muito da pizza e a considera uma das melhores da região, mas também aponta a demora na entrega.
Galeto Express;-7.90479850769043;-34.9035263061523;Especialidade: frango. Avaliações elogiam o galeto, de tempero suave e entregue quentinho, a costela no bafo, a qualidade dos produtos e a pontualidade da entrega. Um avaliador o chama de o melhor de Abreu e Lima.
Getuliu's restaurante;-7.92319965362549;-34.9123210906982;Especialidade: buffet (rodízio). Avaliações elogiam o almoço, com comida regional saborosa, preço bom, marmita bem servida e atendimento agradável. Há reclamações sérias sobre o delivery, com atrasos de cerca de 2 horas e um pedido que não foi entregue após longa espera.
Haro Sushi;-7.90668821334839;-34.9025936126709;Avaliações lidas são todas negativas. Quem foi ao local relata espaço sujo, sem lugar para sentar, e comida ruim no dia. No delivery há reclamações de atrasos, itens faltando, pedidos errados com frequência e atendimento que não responde. Um avaliador reconhece que a comida era boa em comparação a outros da região.
JC pastelaria gourmet;-7.90940380096436;-34.9097194671631;Especialidade: lanchonete. Avaliações elogiam os pastéis, apontados como os melhores da região, e o atendimento. Um avaliador diz ter visto o preparo de perto e destaca o cuidado no processo.
Lanchonete Presente de Deus;-7.90675163269043;-34.9015026092529;Especialidade: lanchonete. Avaliações descrevem lanchonete de ambiente familiar no centro, com variedade de lanches e caldo de cana gelado, tida como espaço tranquilo e seguro, com elogios ao dono. Há reclamações fortes de atendimento: funcionários mal-educados, recusa de atender perto da troca de turno e relato de que uma atendente só atende homens.
Lebella Pizzaria;-7.90849256515503;-34.9010906219482;Especialidade: pizza. Avaliações descrevem um barzinho aconchegante para ir com amigos, com música ao vivo nos fins de semana, cerveja bem gelada, pizza saborosa, bom atendimento e lugar para estacionar. Há uma crítica à qualidade dos petiscos, que fez o cliente deixar de ir, e um pedido de água corrente nos banheiros.
Long dog food truck;-7.89743709564209;-34.9057807922363;Avaliações elogiam a comida, em especial as batatas fritas, e destacam a higiene e a organização.
Mega Burguer;-7.92173957824707;-34.9312934875488;Especialidade: lanchonete, hambúrguer. Avaliações em sua maioria curtas e positivas, sem detalhes. Uma avaliação reclama que a comida já não é como antes e que não houve atendimento prioritário para um filho autista.
Mercadinho e Panificadora Renata;-7.89100027084351;-34.907735824585;Especialidade: padaria. Avaliações elogiam o pão, os salgados e o atendimento, e a apontam como a melhor padaria do bairro Desterro. Mencionam que aceita cartões.
Mr. Mix Milk Shake;-7.90639495849609;-34.9012908935547;Especialidade: sorvete, doces. Avaliações em sua maioria curtas e positivas, sem detalhes. Uma cliente diz gostar muito da franquia e lamenta que seus sabores preferidos de milk shake tenham saído de linha.
Nozomi Temakeria;-7.90556621551514;-34.9056148529053;Especialidade: japonesa (sushi), japonesa. Avaliações descrevem ambiente bonito, aconchegante e de fácil acesso, com elogios ao atendimento atencioso e rápido, aos preços acessíveis e à comida, como o rolinho primavera. Há uma crítica forte à qualidade: sushi com salmão congelado, kani com gosto de velho e yakisoba com frango cru e molho ácido.
O Rei da Carne de Sol;-7.91540479660034;-34.8985710144043;Especialidade: churrasco. Avaliações descrevem restaurante de ambiente familiar e ventilado, com elogios à carne de sol, aos pratos bem servidos e ao atendimento educado. Há críticas a estacionamento pequeno, preço acima da média, porções pequenas pelo valor, bebidas esquecidas e garçons que retiram os pratos antes de o cliente terminar.
Padaria Delizia Italiana;-7.92508316040039;-34.9258918762207;Especialidade: padaria. Avaliações elogiam a variedade, com tudo em um só lugar, os produtos e pratos gostosos e os funcionários educados e gentis. Um avaliador diz ser sua padaria preferida.
Padaria Dona Zizi;-7.8974814414978;-34.902307510376;Especialidade: padaria. Avaliações descrevem padaria pequena, aconchegante, limpa e bem organizada, com boa variedade e comida saborosa no café da manhã, almoço e jantar. Elogiam o atendimento atencioso, a temperatura agradável e os banheiros limpos. Citada como boa parada para café da manhã.
Padaria Nossa Senhora da Conceicao;-7.90514278411865;-34.901517868042;Especialidade: padaria. Avaliações são mistas e curtas. Há quem elogie o preço, o almoço e o atendimento e ache o lugar aconchegante. Outras reclamam de péssimo atendimento e de comida que veio estragada, ou dizem que o atendimento precisa melhorar.
Padaria Pão Mais;-7.90531539916992;-34.9179515838623;Especialidade: padaria. Avaliações são mistas. Uma elogia o pão, os produtos da lanchonete e o atendimento acolhedor. Outras reclamam de valor mínimo para cartão de débito, atendimento ruim, pão que piorou e produtos do mercadinho fora da validade ou de baixa qualidade. Uma das avaliações trata de outro lugar.
Padaria Pão Nosso;-7.92211484909058;-34.9317874908447;Especialidade: padaria.
Padaria Santa Rita;-7.90961265563965;-34.9040279388428;Especialidade: padaria. Avaliações descrevem padaria simples mas completa, onde se acha um pouco de tudo, com produtos gostosos e preços convidativos. Parte das avaliações é curta e positiva, sem detalhes.
Panlanches;-7.90938091278076;-34.9014263153076;Especialidade: padaria. Avaliações curtas e positivas, com poucos detalhes. Elogiam a comida e citam o café regional.
Parada certa;-7.91796255111694;-34.924144744873;Avaliações elogiam o atendimento, a comida saborosa e a cerveja bem gelada. As demais são curtas e positivas, sem detalhes.
Pizza Sette e Japa Sette;-7.90212059020996;-34.90114402771;Avaliações são mistas. Parte elogia a comida, a pizza, a variedade de opções, o preço e o atendimento, citando almoço em casal. Há reclamações sobre o valor da lata de refrigerante, taxa de serviço não informada com clareza e uma cobrança indevida que o restaurante reconheceu mas não teria ressarcido.
Pizzaria do Sérgio;-7.9177303314209;-34.9240322113037;Especialidade: pizza. Avaliações elogiam a pizza, apontada como a melhor da região, a sopa e a massa bem preparada. Descrevem ambiente aconchegante e familiar, com música ambiente, equipe atenciosa e bom serviço de delivery. Citado como bom lugar para o fim de noite em família e de fácil acesso.
Pizzaria Italiana;-7.91018724441528;-34.9039554595947;Especialidade: pizza. Avaliações elogiam o sabor da pizza, com destaque para a de Bauru, e a entrega que chega quente. O atendimento divide opiniões, com elogios e também uma crítica de que precisa melhorar muito. Uma pessoa relata que não encontrou o local em um sábado à noite e acha que pode ter fechado.
Pizzaria Varanda;-7.90817213058472;-34.9019756317139;Especialidade: pizza. Avaliações curtas e positivas, sem detalhes.
Point Da Tapioca;-7.90800714492798;-34.9014339447021;Especialidade: lanchonete. Avaliações apontam a tapioca como a melhor da região e elogiam o café, o guaraná do Amazonas, os preços baixos e o atendimento feito pela família dona do lugar. Clientes dizem frequentar quase diariamente. Uma avaliação lamenta que não aceitava cartão e outra, do próprio estabelecimento, diz que passaria a aceitar.
Popular Bar;-7.92192459106445;-34.9155139923096;Uma única avaliação lida, curta e negativa, sem detalhes.
Restaurante Catarinense;-7.91716051101685;-34.8973941802979;Avaliações descrevem um restaurante self service com buffet variado de saladas, carnes, frutos do mar, churrasco e sobremesa, elogiando a comida, a climatização e o preço justo. Há uma crítica forte de quem foi no Dia das Mães e achou o almoço caro, lotado e com comida fraca.
Restaurante Maria Bonita;-7.90775537490845;-34.902322769165;Avaliações elogiam a comida nordestina e o tempero, citando carne de sol, charque desfiada e parmegiana, além da decoração temática com canecas de alumínio e louça de barro. O ambiente é descrito como pequeno, bonito e confortável. Há críticas à demora dos pedidos, às porções pequenas e ao valor um pouco elevado, só com serviço à la carte.
Restaurante, Lanchonete e Loja de Conveniência Tempero Caseiro;-7.91412401199341;-34.8997898101807;Avaliações são em parte curtas e positivas. Uma elogia o atendimento, a comida com sabor caseiro, o ambiente limpo e o açaí de sobremesa. Outra diz que o atendente é simpático, mas que a comida não é saborosa, sempre falta algum item e que havia um só funcionário para muita gente.
Serpa Doceria;-7.90769529342651;-34.9064693450928;Especialidade: doces, padaria. Avaliações elogiam os doces, salgados e principalmente os bolos, além da dedicação e do bom atendimento aos clientes.
Sorvebis;-7.90696907043457;-34.9091548919678;Especialidade: sorvete, doces. Avaliações elogiam a qualidade e o sabor dos produtos, os preços baixos e acessíveis e o atendimento.
Sorvetes Frosty;-7.92010545730591;-34.9301700592041;Especialidade: sorvete, açaí. Avaliações elogiam a variedade e a qualidade dos sorvetes e açaís, com destaque para as paletas, e dizem haver opções até para quem tem restrições. Citam ambiente excelente e ótimo atendimento, sendo descrita como parada favorita de uma família.
Tapiokaria Gourmet;-7.90889024734497;-34.9018993377686;Especialidade: lanchonete. Avaliações elogiam a tapioca, os pratos, o atendimento e o ambiente aconchegante e familiar. Há uma reclamação de entrega pelo iFood, com uma hora de espera e pedido que não chegou ao endereço.
Tatá Amazonas;-7.91021013259888;-34.9082527160645;Especialidade: lanchonete. Avaliações têm tom misto. Elogiam o ambiente rústico, com cantinho para crianças e música ambiente. Há críticas de que a qualidade caiu, citando açaí, sucos e pão do hambúrguer diferentes do que eram, e uma reclamação de atendimento lento e de má vontade que levou o cliente a desistir do pedido.
Toca do Caranguejo;-7.91167593002319;-34.9032077789307;Avaliações descrevem um bar com sinuca, conhecido na região, de ambiente familiar e calmo onde se encontram amigos, com música em alguns dias que deixa o lugar mais animado.
V8 Tapiocaria;-7.91783571243286;-34.9234447479248;Especialidade: lanchonete. Avaliações elogiam a tapioca, citada como a melhor de Abreu e Lima, a sopa, o preço acessível, o lugar aconchegante e os donos receptivos. As opiniões divergem sobre a espera, com um elogio à rapidez e uma reclamação de cerca de 40 minutos por falta de funcionário.
Winha Refeições;-7.90969705581665;-34.9087162017822;Avaliações elogiam a comida, a variedade de pratos e o atendimento, com um cliente chamando de melhor restaurante de Abreu e Lima. A única ressalva é que o espaço é bem pequeno.
Zer081;-7.92282056808472;-34.9318790435791;Especialidade: hambúrguer, fast-food. Avaliações curtas e positivas, sem detalhes.
Ari Do Bar;-24.6570739746094;-49.0074615478516;Especialidade: lanchonete. Avaliações elogiam sobretudo os salgados, citados como os melhores da cidade, além do café e do atendimento personalizado. Também é descrito como bom lugar para tomar uma cerveja gelada.
Bar Brothers;-24.6575469970703;-49.0077819824219;Avaliações descrevem espaço e temática bem estruturados, com ótimo ambiente, e recomendam para quem gosta de balada.
Confeitaria & Padaria Efraim;-24.6569213867188;-49.0066375732422;Especialidade: doces e padaria, doces. Avaliação curta e positiva, sem detalhes.
Flat Beira Rio;-24.6589126586914;-49.0092391967773;Avaliações curtas e positivas. Uma delas destaca a vista para o rio e o ambiente agradável.
Lanchonete e Açaíteria Parada Obrigatória;-24.6568164825439;-49.0065994262695;Especialidade: lanchonete. Avaliações elogiam o atendimento e os itens do cardápio, citando porções, lanches, sorvetes e açaí. Um avaliador diz ser o melhor lugar para comer em Ribeira.
O Bistecao Restaurante;-24.6730537414551;-48.9850234985352;Avaliações descrevem buffet de comida caseira bom para paradas rápidas na estrada, com atendimento atencioso e rápido. É indicado como parada de almoço para quem faz o Rastro da Serpente. Sobre preço as opiniões divergem: uns acham razoável ou na média da região, outro achou um pouco caro pelo menu oferecido.
Ponto Café;-24.6646595001221;-48.9905281066895;Especialidade: café. Avaliações descrevem lugar aconchegante e respeitoso para uma parada e um café tranquilo, com atendimento elogiado. Destacam os salgados, os doces e o pastel, em especial o de costela. Uma avaliação observa que o espaço ainda é pequeno.
Restaurante Bela Vista - Parada 29;-24.8089790344238;-49.0419120788574;Avaliações descrevem restaurante de estrada no caminho do Rastro da Serpente, com almoço e jantar em buffet self service no fogão a lenha, comida fresca, boa salada e virado de feijão com ovos a qualquer hora. Elogiam atendimento e preço acessível. Há uma avaliação negativa dizendo que a comida e o atendimento são ruins.
Rota 476 - Bar E Petiscaria;-24.657527923584;-49.009593963623;Especialidade: drinks, pizza. Avaliações descrevem ambiente agradável, familiar e aconchegante ao lado da praça central, com ótimo atendimento, preço justo, cerveja gelada, pizza e caldinhos elogiados. Citam karaokê às quintas e som ao vivo nos fins de semana. Uma avaliação critica os drinks e caipirinhas, considerados aguados e sem sabor.
Serrano Hotel;-24.6586570739746;-49.008129119873;Avaliações descrevem hotel simples, com boas acomodações, bem limpo e organizado, quarto espaçoso, bons colchões e banheiro e café da manhã bom. Uma avaliação indica para estadia a trabalho.
Sorveteria Q-Delícia;-24.6627388000488;-48.990779876709;Especialidade: sorvete, doces. Avaliações descrevem lugar tranquilo, aconchegante e familiar, com muita variedade de sorvetes e açaí bem recheado. Elogiam o atendimento e o preço.
Sorveteria Verão Ribeira;-24.6580829620361;-49.0088996887207;Especialidade: sorvete, doces. Avaliações elogiam o açaí e o serviço. Uma delas reclama que o atendimento demora.
VÓ MARIA Padaria e Mercearia;-24.6570911407471;-49.0072135925293;Especialidade: padaria.
Bravios GastroPub;-25.9880657196045;-49.3370246887207;Especialidade: drinks. Avaliações elogiam o ambiente aconchegante e amplo, o atendimento atencioso e ágil e a comida, com destaque para os lanches, a carne bem assada, a salada de batatas e as porções generosas. Citam que aceita reservas e serve para ir com amigos ou família, inclusive em comemorações.
Hot Dog Da Praça;-25.989538192749;-49.3330764770508;Especialidade: cachorro-quente. Avaliações apontam o cachorro-quente como o melhor da cidade e da região, feito com capricho, com bom atendimento e bons preços. Há reclamações repetidas de demora na entrega, com a previsão sendo adiada de meia em meia hora mesmo em pedido antecipado.
Panificadora e Confeitaria Lulipan;-25.9898242950439;-49.3346557617188;Especialidade: padaria. Avaliações descrevem estabelecimento amplo, limpo e organizado, com ambiente agradável para um café da tarde. Elogiam salgados bem recheados, torta salgada e café moído na hora. Uma avaliação reclama de mau atendimento e pão seco, embora reconheça o ambiente bonito e limpo.
Panificadora Pão Delícia;-25.989839553833;-49.3360748291016;Especialidade: padaria. Avaliações elogiam o atendimento, o café e a qualidade dos produtos. Uma avaliação relata boa experiência mas diz que a coxinha comprada estava com o recheio azedo.
Piá do Pastel;-25.9888916015625;-49.3402404785156;Especialidade: lanchonete. Avaliações elogiam o pastel, descrito como fresquinho e bem recheado, com opções doces de fruta e salgadas, além do ótimo atendimento. O ambiente é citado como agradável e familiar.
Pousada Edinelson;-25.9882297515869;-49.3392219543457;Avaliações são mistas. Há elogios a quartos limpos e organizados, local simples e boa recepção. As críticas citam bar junto à pousada com conversa e música até tarde, falta de privacidade, ausência de ar condicionado, frigobar, toalha e sabonete, café da manhã modesto e só até as 7h, falta de placa na entrada e um quarto no subsolo com umidade e manchas na parede.
Primu's Pizzaria e Choperia;-25.988525390625;-49.3369064331055;Especialidade: pizza. Avaliações curtas e positivas na maioria. Uma descreve lugar aconchegante, familiar e hospitaleiro, com várias opções de pizzas doces e salgadas, lanches elogiados, chope gelado, ingredientes frescos e atendimento eficiente e educado.
Restaurante e Salão de Eventos HS;-25.9880619049072;-49.3368644714355;Avaliações descrevem hotel simples mas muito limpo, bem localizado, com estacionamento, ambiente agradável e atendimento elogiado. O buffet também é elogiado pelo tempero. Uma avaliação reclama da falta de café da manhã e de onde acomodar objetos no quarto.
Vô Nilo Restaurante;-25.9812927246094;-49.3365631103516;Avaliações descrevem restaurante de comida caseira saborosa, cuidado por uma família, com ambiente agradável, iluminado e arejado. Citam opções para vegetarianos e buffet livre com sobremesa inclusa. Uma avaliação nota que no sábado não havia opção por quilo, apenas buffet livre.
Açai Leste;-7.42535877227783;-34.9079914093018;Especialidade: açaí, sorvete. Avaliações elogiam o açaí, considerado muito bom e barato, e também os pastéis e o atendimento. Um avaliador diz ser o melhor de Alhandra.
Barracão 7 Portas;-7.39896440505981;-34.912088394165;Avaliações tratam o local como ponto de importância histórica para Alhandra, interessante para visitar e observar. Uma delas diz que não oferece conforto para quem quer passar tempo ali e outra gostaria de mais opções.
La Buena Pizzaria;-7.35404825210571;-34.9470539093018;Especialidade: pizza. Avaliações elogiam o ambiente bonito, bem decorado, confortável e acolhedor, e a pizza e demais itens do cardápio. Sobre o atendimento as opiniões divergem: vários elogiam, mas há relatos de demora, incluindo quase duas horas de espera pelo pedido e mesas da área externa sem atendimento. Uma avaliação acha o preço da pizza caro para a região.
Milk Shake Mix Alhandra;-7.43470573425293;-34.9121875762939;Especialidade: sorvete, doces. Avaliações indicam o milk shake como boa opção de gelados em Alhandra para ir com a família, com atendimento rápido e bons sabores. Há ressalvas ao espaço pequeno e a um milk shake de maracujá que veio com flocos de chantili endurecidos.
PANIFICADORA Ana Beatriz;-7.43450212478638;-34.9126873016357;Especialidade: padaria. Uma avaliação elogia o atendimento. Outra diz apenas que está fechado.
Panificadora Santos;-7.43508195877075;-34.9127540588379;Especialidade: padaria. Avaliações positivas elogiam o atendimento e a variedade de tortas, bolos, lanches e pães.
Papagaios Restaurante e Tapiocaria;-7.4014139175415;-34.95485496521;Especialidade: brasileira. Avaliações descrevem parada de beira de estrada que superou as expectativas, limpa, com boa comida e dono muito acolhedor. Citam papagaios no local, bem cuidados pelo proprietário, e dizem que é ótimo para crianças.
Pizza Já Alhandra;-7.43597555160522;-34.9133243560791;Especialidade: pizza. Avaliações elogiam a pizza bem recheada e os hambúrgueres, o ambiente limpo, tranquilo e bonito, os funcionários educados e a entrega rápida. Uma avaliação relata ida com a família.
Subway;-7.36302375793457;-34.9519519805908;Especialidade: fast-food. Avaliações curtas e positivas, sem detalhes.
Terraço Gril;-7.4237494468689;-34.9110889434814;Especialidade: churrasco. Avaliações são mistas. Há elogios ao self service, ao ambiente e a garçons prestativos e atenciosos. Uma avaliação diz não ter gostado da comida, da espera nem do preço. Uma das avaliações é texto sem sentido.
7 Lapa Bar e Lounge;-25.3122138977051;-49.2949104309082;Especialidade: espanhola. A única avaliação com texto descreve ambiente familiar e bom atendimento.
A Panificadora Gostinho do Pão;-25.3117370605469;-49.2985496520996;Especialidade: padaria. Avaliações divididas. Uma elogia doces e salgados de ótima qualidade, atendimento atencioso e preço justo, chamando de melhor panificadora da região. Outra relata encomenda de bolo e salgados para festa que foi esquecida e entregue com mais de uma hora de atraso, considerada falta de respeito. As demais são curtas e positivas, sem detalhes.
Açaí e Sorvetes Quinol Almirante Tamandaré Centro;-25.3106918334961;-49.2987060546875;Especialidade: sorvete, doces. Avaliações elogiam o açaí e o sorvete, o preço justo, o atendimento rápido e o ambiente confortável. Uma cliente antiga reclama de haver uma única atendente para anotar e montar os pedidos, o que fez o açaí chegar derretido.
Almirante Pizza;-25.3171520233154;-49.297550201416;Especialidade: pizza. Avaliações elogiam a pizza, a qualidade dos ingredientes, o atendimento e o preço. Citam entrega rápida, com a pizza chegando quente, e há quem a chame de melhor pizza de Tamandaré.
Amai Açaí;-25.3462734222412;-49.245475769043;Especialidade: sorvete, doces. Avaliações elogiam muito o açaí, descrito por mais de uma pessoa como o melhor que já comeu, além do atendimento e do preço acessível. Uma menciona também sorvete com baixo teor de açúcar.
Assados Adriano;-25.3134384155273;-49.286693572998;Especialidade: lanchonete. Avaliações elogiam as carnes assadas, como costela, coxa, frango recheado e espetinho, e o atendimento atencioso. Descrevem o lugar como prático para comprar assados e recomendam.
Assados do Veio;-25.3450794219971;-49.2432594299316;Especialidade: churrasco. Avaliações elogiam a carne, em especial as costelas e a de porco, e há elogio ao atendimento. Uma avaliação critica duramente o serviço e a organização, relatando que o dono não respeitou a fila e deixou clientes sem carne, e diz que não volta.
Assados Tamandare Disk Entrega;-25.3086643218994;-49.2969436645508;Avaliações majoritariamente negativas. Há reclamações de pedidos pagos e reservados que não foram guardados nem reembolsados, entregas que atrasaram horas ou não chegaram, falta de retorno e preços considerados abusivos na marmitex. Uma avaliação elogia a costela, macia e bem temperada.
Bailão Do Gaúcho;-25.2403144836426;-49.3375473022461;Avaliações descrevem lugar bom para curtir com amigos, com música, bebidas e espetinho, e ambiente familiar com donos atenciosos. Uma pessoa que só passa na frente elogia a localização e o estacionamento amplo.
Bapka Parque São Jorge;-25.3299770355225;-49.2738571166992;Especialidade: sorvete, doces. Avaliações elogiam o espaço amplo e aconchegante, a área kids, a variedade de sorvetes e açaí, o atendimento e o ambiente familiar. Há uma crítica ao calor dentro do local, com ventiladores insuficientes.
Bapka Tranqueira;-25.2614288330078;-49.2990875244141;Especialidade: doces. Avaliações elogiam o preço, o atendimento atencioso e o capricho nos sorvetes, e uma cita também a sopa. Há reclamação de a sorveteria não abrir aos domingos.
Bar 10:20;-25.3713359832764;-49.3073310852051;Avaliações destacam a feijoada de sábado e o bolinho de carne, citando também dias de dobradinha e de pastel. Descrevem espaço rústico e aconchegante, com atendimento familiar e tranquilo.
Bar Da Santina;-25.3258094787598;-49.3158950805664;Avaliações descrevem um bar raiz, com balcão, cerveja gelada, mesa de sinuca, conservas e o bolinho de carne da dona Santina. Elogiam o atendimento, o clima agradável e a música de modão.
Bar E Lanchonete Parada Obrigatória;-25.3211212158203;-49.3022270202637;Avaliações descrevem ambiente tranquilo, familiar e de respeito, com ótimo atendimento, bons lanches e porções. Citam como lugar para beber, se distrair e fazer amizades.
Bar e Mercearia Manfron;-25.2545108795166;-49.349609375;Avaliações descrevem uma mercearia à moda antiga que tem de tudo, de doces a peças de moto, usada como ponto de parada por quem faz enduro e pedala na região. Elogiam a gentileza de quem atende, incluindo relato de ciclistas perdidas que foram ajudadas.
BAr e Mercearia Nei;-25.3435096740723;-49.2985763549805;A única avaliação com texto descreve lugar agradável e ótimo atendimento.
Bem bom lanches;-25.310905456543;-49.2981834411621;Avaliações divididas quanto aos salgados. Parte chama de melhor lanchonete da cidade, com lanches frescos, e elogia o empadão e a coxinha de costela. Outras reclamam de salgados com muita massa e pouco recheio e de cachorro-quente seco. O atendimento é elogiado inclusive por quem criticou a comida.
Berry Veg;-25.3484134674072;-49.2680892944336;Avaliações de clientes vegetarianos e não vegetarianos elogiam o sabor e o tempero dos hambúrgueres e coxinhas, a qualidade das embalagens, o atendimento atencioso, a entrega e o preço acessível. Os relatos são de compras por encomenda e entrega.
Big Burguer Tanguá;-25.3700523376465;-49.305736541748;Especialidade: hambúrguer. Avaliações curtas e positivas, sem detalhes.
Bob Esponja Container Shawarma;-25.3267459869385;-49.2755317687988;Especialidade: lanchonete. Avaliações com texto trazem reclamações de entrega: pedido que demorou horas e chegou frio e com cabelo, e pedido que não foi entregue sem qualquer aviso. Uma diz que já foi muito bom e piorou. Há uma avaliação positiva que fala de cuidado com carro, aparentemente sobre outro serviço, e outras curtas sem detalhes.
Boteco da Marli;-25.3460483551025;-49.251708984375;Avaliações elogiam o atendimento, a comida caseira, os lanches, as carnes e assados de fim de semana, a variedade de bebidas e petiscos e a música no local. Descrevem ambiente confortável e bom custo-benefício para passar o fim de semana e se distrair.
Buena Pizza;-25.3133106231689;-49.3000373840332;Especialidade: pizza. Avaliações curtas e positivas, sem detalhes.
Buffet e Lanchonete São Jorge;-25.3266334533691;-49.2763748168945;Avaliações elogiam a comida caseira, o preço baixo e o atendimento, e citam que a cada dez marmitas se ganha uma.
Cabanha Do Inquieto Eventos;-25.2999610900879;-49.2998962402344;Avaliações elogiam o atendimento, a educação e a paciência da equipe e descrevem espaço amplo, limpo e a céu aberto, com aulas de equitação, laço, baliza e tambor, equoterapia, cavalgada e espaço para festas. Há crítica às ruas de acesso, ruins e esburacadas. Outras avaliações são curtas e positivas.
Cafes Bara;-25.3793449401855;-49.3094367980957;Avaliações elogiam o café de torra artesanal, fresco e saboroso, e uma diz que é recomendado por toda a equipe de uma empresa. Falam do produto, não de um ambiente para consumo no local.
Camarote do Hot Dog;-25.3126945495605;-49.2997169494629;Especialidade: hambúrguer. Avaliações elogiam o cachorro-quente, com bastante molho e purê, e o atendimento. Uma o chama de melhor dog de Tamandaré.
Cantinho Do Lanche;-25.3269309997559;-49.2736511230469;Uma avaliação chama de melhor dog da cidade e recomenda. A outra é um anúncio de serviço de terceiros, sem relação com o lugar.
Carioca's Bar;-25.3460273742676;-49.2600593566895;Avaliações descrevem lugar aconchegante e divertido, com ótimo atendimento, boas porções e cerveja bem gelada, bom para bater papo com amigos.
Celeste Churrascaria;-25.2632522583008;-49.3033180236816;Especialidade: churrasco. A única avaliação detalhada é crítica: buffet simples e com pouca variedade, churrasco fraco, ambiente sem decoração e preço que não compensa, embora os atendentes sejam educados e cordiais. As demais são curtas e positivas, sem detalhes.
Centro De Treinamento PD Training;-25.2612190246582;-49.2997245788574;A única avaliação com texto é de alguém que treina no local e elogia a atenção da equipe.
Chácara Refúgio do Vale;-25.3395118713379;-49.3019485473633;Avaliações descrevem espaço rústico para eventos e casamentos, com área coberta, bar, buffet, campo de futebol, trilhas e parquinho, e elogiam buffet, equipe e liberdade para decorar. Há queixa de atendimento grosseiro pelo WhatsApp, sem esclarecer dúvidas, e outra de que não fornecem material para trabalho.
Chás Real;-25.3237209320068;-49.3091239929199;Avaliações elogiam a qualidade dos chás da marca, citada como paranaense. Uma avaliação reclama de não encontrar o chá preto na sua cidade e relata decepção com um pacote de erva-mate para chimarrão. Algumas avaliações são curtas, sem detalhes.
Comiloso Burger Cia;-25.3434181213379;-49.2712059020996;Especialidade: hambúrguer.
Condomínio Colinas do Sol;-25.3722629547119;-49.3123397827148;Avaliações curtas e positivas, citando o condomínio como lugar tranquilo para morar.
D'Bronx Burger;-25.3496570587158;-49.2651710510254;Especialidade: hambúrguer, fast-food. Avaliações curtas e positivas, sem detalhes.
D'Vina Lanches;-25.3405323028564;-49.2700500488281;Especialidade: fast-food. Avaliações elogiam os lanches e o hot dog, citados como dos melhores da região, com ingredientes frescos e de qualidade e preparo cuidadoso. Também elogiam o atendimento atencioso e educado.
DI Marzotti Pizzaria;-25.3423614501953;-49.2696113586426;Especialidade: pizza. Avaliações elogiam a pizza, a variedade de sabores, as bordas recheadas e o preço, além do atendimento rápido. Há reclamação de erro repetido no sabor da borda em pedido e de falta de atenção no serviço.
Dom Marcelotte Pizzaria;-25.35085105896;-49.297908782959;Especialidade: pizza. Avaliações elogiam a pizza de massa fina e crocante, os ingredientes de qualidade e o atendimento, inclusive o retorno dado após um imprevisto na entrega. Uma avaliação reclama que o recheio diminuiu em relação ao preço.
Dom Veiga's Cachoeira;-25.3362045288086;-49.2754402160645;Especialidade: pizza. Avaliações elogiam a pizza bem recheada e com ingredientes de qualidade, o atendimento e a entrega no prazo e quentinha. Algumas avaliações são curtas, sem detalhes.
DonJhonn;-25.3106918334961;-49.2977561950684;Especialidade: pizza. Avaliações mistas. Parte elogia o sabor da pizza, o atendimento e a entrega rápida. Há reclamações de atraso de cerca de uma hora em pedido para retirada, descumprimento de prazos, bacon com gosto de velho e garçonete sarcástica.
Du Leo Pizzaria;-25.2611827850342;-49.2984619140625;Especialidade: pizza. Avaliações elogiam as pizzas, o atendimento atencioso, a entrega rápida, os preços e as promoções no delivery. Citam bom ambiente e vaga de estacionamento na frente.
Duznata;-25.3758716583252;-49.311824798584;Especialidade: padaria, café. Avaliações elogiam pães, bolos, tortas, sobremesas e salgados, sempre frescos, com destaque para o banoffee, e o atendimento. Há um relato de constrangimento em que uma atendente do caixa acusou sem provas a filha de uma cliente de abrir doces.
Emoji Pizzarias;-25.3548679351807;-49.2900581359863;Especialidade: pizza. Avaliações elogiam a pizza bem recheada, a massa saborosa, o catupiry de verdade e a entrega rápida pelo iFood. Clientes relatam pedir com frequência e manter a qualidade.
Empório Todos os Sabores;-25.3116703033447;-49.2973747253418;Avaliações descrevem loja de produtos naturais com boa variedade e elogiam o atendimento e a qualidade dos produtos.
Espetinho da Maria;-25.3185234069824;-49.2810974121094;Avaliações mistas. Parte elogia o bar para jogar sinuca, a variedade de lanches, o preço acessível e o tempero. Uma avaliação critica o tempero e o atendimento e diz que não volta.
Espetinho Do Diegueira;-25.3397808074951;-49.270809173584;Especialidade: churrasco. Avaliações elogiam os espetinhos e o hambúrguer, o tempero e a carne macia. Há várias reclamações de longa espera, pedidos entregues errados e atendimento grosseiro, presencial e online. Uma avaliação diz que o lugar está sempre cheio e que a espera valeu a pena.
Família da Pizza;-25.3756999969482;-49.3116722106934;Especialidade: pizza. Avaliações elogiam a pizza muito recheada, os ingredientes de qualidade e o atendimento, citando como a melhor pizzaria da região. Uma avaliação reclama de pizza de strogonoff salgada e do preço.
Família Salles Restaurante;-25.3130073547363;-49.2990303039551;Especialidade: buffet (rodízio). Avaliações elogiam a comida caseira e fresca, as marmitas de bom tamanho, o ambiente aconchegante e o atendimento, inclusive na entrega. Uma avaliação cita problemas pontuais com pedidos, atraso de marmita e carnes que nem sempre agradam. Algumas avaliações são curtas.
Family Machado Burgers & Hot Dogs;-25.3260688781738;-49.2715835571289;Especialidade: lanchonete. Avaliações curtas e positivas. Uma elogia os lanches, o atendimento e a variedade de bebidas e lanches.
Fish house;-25.3442554473877;-49.2425575256348;Especialidade: frutos do mar. Avaliações mistas, na maioria sobre delivery. Parte elogia o camarão e o peixe. Há reclamações de porções menores que o anunciado, comida fria, demora no atendimento e falta de resposta por mensagem. Uma avaliação acha a batata engordurada.
Fornalli Marmitaria E Pizzaria;-25.348747253418;-49.2954521179199;Avaliações na maioria elogiam a pizza bem recheada e o atendimento rápido e simpático. Uma avaliação negativa descreve pizza gordurosa, salgada e com pouco recheio, e taxa de entrega igual à de pizzaria mais distante.
Forno De Casa;-25.3452796936035;-49.2667770385742;Especialidade: padaria.
Gebon Cachoeira;-25.3395614624023;-49.2703323364258;Especialidade: sorvete, doces. Avaliações mistas. Elogiam os sorvetes e o açaí, o lugar limpo e os brinquedos para crianças. Há reclamações de atendimento grosseiro, cobrança pela colher, preço mais alto que o de concorrente, cheiro de esgoto e música ruim.
Giaretta Pães Almirante;-25.3082847595215;-49.2949142456055;Especialidade: padaria. Avaliações elogiam a qualidade dos produtos, mas a maioria reclama do atendimento, com atendentes de má vontade, cara fechada e demora. Uma avaliação elogia o atendimento de uma funcionária específica.
Hot Dog Padilhas;-25.3417739868164;-49.2537803649902;Especialidade: lanchonete. Avaliações elogiam o lanche e o atendimento e descrevem o lugar como muito legal.
J.C Kiosque;-25.3115482330322;-49.2948226928711;Especialidade: lanchonete. Uma única avaliação, que elogia a coxinha como uma das melhores que o avaliador já comeu e recomenda o lugar.
Jhon Jhon Hot Dog;-25.350830078125;-49.2975540161133;Especialidade: lanchonete. Avaliações mistas. Parte elogia o lanche como o melhor da cidade, saboroso, bem embalado e caprichado. Há reclamações de atraso recorrente na entrega, de mais de 30 minutos, e uma crítica forte a cachorros-quentes de promoção pedidos por aplicativo que vieram quase sem recheio, com resposta ruim da loja.
KDF Dog Express;-25.3407649993896;-49.2675628662109;Especialidade: lanchonete. Avaliações bem divididas. Há elogios ao cachorro-quente bem recheado, saboroso e com entrega rápida, citado como o lanche mais gostoso da região. Também há reclamações de pão seco e recheio com gosto estranho, lanche que veio diferente do anunciado, entrega com horas de atraso, lanche frio e atendimento grosseiro.
Kielo Pizza;-25.3433494567871;-49.2678833007812;Especialidade: pizza. Uma única avaliação, curta e positiva, sem detalhes.
Lanches Do Dinão;-25.2390632629395;-49.2981300354004;Especialidade: lanchonete. Avaliações elogiam os lanches saborosos, citados como os melhores da região, o ambiente limpo e higiênico e o atendimento gentil.
Lanchonete Bontorin;-25.3133449554443;-49.298656463623;Especialidade: lanchonete.
Lanchonete e Restaurante La'Realeza;-25.3127384185791;-49.2981376647949;Especialidade: brasileira. Uma única avaliação, que recomenda a comida caseira, gostosa e de preço bom, citando o prato feito e a limonada suíça.
Lanchonete Oca do Pastel;-25.3285102844238;-49.2741317749023;Especialidade: lanchonete, brasileira. Avaliações elogiam os salgados fresquinhos, com qualidade mantida há cerca de 30 anos segundo um cliente antigo, com destaque para o bolinho de carne e o café quente. Descrevem o local como simples e com bom atendimento. Outras avaliações são curtas e positivas.
Le Piege Motel Thèmatique;-25.3440322875977;-49.2838172912598;Avaliações curtas e positivas, sem detalhes.
Marmitas Carminha;-25.3371162414551;-49.2499961853027;Avaliações elogiam as marmitas de comida fresca, saudável e personalizada, bem temperada e com ingredientes de qualidade, além de pães, tortas, bolos e caldos. O atendimento é descrito como atencioso e caprichoso.
Mercearia do Português;-25.3490333557129;-49.3045463562012;Avaliações em geral positivas, elogiando pães fresquinhos, muitos doces, limpeza, produtos de qualidade e bom atendimento. Há uma reclamação de que o pão piorou, ficando cascudo e azedo, e de atendimento mal-educado da dona.
Moreno Pastelaria;-25.3421497344971;-49.2692832946777;Avaliações elogiam os pastéis e salgados, citando a coxinha de frango com catupiry, e o atendimento. É chamada de melhor pastelaria da região e recomendada para todas as idades.
Motel Napoleon;-25.3436698913574;-49.2830009460449;Avaliações mistas. Três são curtas e positivas. Duas são muito negativas, relatando quarto sujo, com cheiro de cigarro e teias de aranha, falta de lençol e cobertor, roupa de cama com mau cheiro, hidro e chuveiro que não esquentam, comida ruim e atendimento grosseiro na recepção.
New Point Pizzaria;-25.3145942687988;-49.3008270263672;Especialidade: pizza. Avaliações curtas e positivas, sem detalhes.
Nido's;-25.3390560150146;-49.2705307006836;Avaliações curtas e positivas, sem detalhes.
Nilson lanches;-25.2593517303467;-49.3025741577148;Especialidade: hambúrguer. Avaliações em geral positivas, chamando o lanche de o melhor da região metropolitana de Curitiba. Há uma reclamação de lanche extremamente salgado. As demais são curtas e positivas.
Nobre Família Panificadora e Confeitaria;-25.3452472686768;-49.242992401123;Especialidade: padaria. Avaliações elogiam os preços bons, a qualidade dos produtos, o pastel bem recheado e o café colonial com bom custo-benefício. O atendimento é elogiado por parte dos avaliadores, mas uma avaliação o descreve como grosseiro e ríspido e acha os preços um pouco altos.
Oba Gastronomia;-25.3786277770996;-49.3092575073242;Avaliações descrevem um lugar com boa música e boa comida, citando sarau e rodízio, com ambiente familiar e agradável e bom atendimento dos garçons.
Panificadora Deco;-25.333812713623;-49.26806640625;Especialidade: padaria. Avaliações elogiam o pão francês, os pães fresquinhos, os produtos e o atendimento.
Panificadora Doce Sabor;-25.3420791625977;-49.2756233215332;Especialidade: padaria, doces e padaria. Avaliações elogiam os produtos fresquinhos e de qualidade e o bom atendimento.
Panificadora e Confeitaria Arte do Pão;-25.3356533050537;-49.2686233520508;Especialidade: padaria. Avaliações curtas e positivas, sem detalhes.
Panificadora e Confeitaria Duznata;-25.3759422302246;-49.3118553161621;Especialidade: padaria, café. Avaliações elogiam o atendimento, as sobremesas, bolos, tortas e salgados, com destaque para o banoffee e o bolo de prestígio, e a clientela fiel. Há uma reclamação de uma mãe sobre uma atendente do caixa que acusou a filha, sem prova, de abrir doces, situação descrita como constrangedora.
Panificadora e Confeitaria Palladar;-25.3123188018799;-49.3100700378418;Especialidade: padaria. Avaliações elogiam pães, salgados e bolo confeitado, o atendimento educado e o ambiente confortável e organizado. Citam bons preços e custo-benefício e recomendam para café da manhã.
Panificadora Nova Morada;-25.3423557281494;-49.2485198974609;Especialidade: padaria. Avaliações elogiam salgados, bolos, pão quentinho e pão de queijo, além do atendimento gentil e dos preços. Uma avaliação observa que não há espaço para consumo no local.
Panificadora PaniPão;-25.3458557128906;-49.2514610290527;Especialidade: padaria. Avaliações mistas. Há elogios a doces, bolos, tortas, café com leite e ao atendimento. Há também críticas fortes: atendentes de cara fechada ou que zombam de clientes, pouca variedade, preço um pouco alto, vale-alimentação não aceito na máquina e um relato de coxinha com larvas.
Panificadora Pão e Arte;-25.3473491668701;-49.2656059265137;Especialidade: padaria. Avaliações elogiam os salgados, como empadão, hambúrguer e coxinha, e o atendimento educado e prestativo dos funcionários. Uma avaliação diz que é bom para ir acompanhado.
Panificadora Thabata;-25.3157253265381;-49.3101959228516;Especialidade: padaria. Avaliações elogiam o pão, o bolo de milho e os produtos frescos, além do atendimento receptivo e atencioso.
Panificadora Timoneira;-25.3090496063232;-49.2978057861328;Especialidade: padaria. Avaliações citam equipe acolhedora e hospitaleira. Uma descreve como bom lugar para encontro no fim do expediente com cerveja gelada e outra como opção de café da manhã aos domingos por abrir cedo.
Panificadora Vó Ni;-25.3467063903809;-49.297679901123;Especialidade: padaria. Avaliações em maioria positivas, elogiando lanches, pães, doces, atendentes e entrega rápida pelo iFood. Há uma crítica forte a salgado com massa dura e gosto de óleo velho e a um hambúrguer ruim.
Pizza do Rosa;-25.3132305145264;-49.2964477539062;Especialidade: pizza.
Pizzaria Amadiu;-25.3337421417236;-49.2647399902344;Especialidade: pizza, sorvete. Avaliações mistas. Elogiam sorvete, milk-shake, açaí e pizza recheada de massa fina, com entrega rápida e motoboy educado. Há críticas de pizza com muita massa e pouco recheio, batata que chegou congelada e atendimento ruim.
Pizzaria D'Mark's;-25.3339996337891;-49.2785263061523;Especialidade: pizza. Avaliações divididas. Algumas elogiam a pizza caprichada, as promoções e o atendimento alegre e personalizado. Uma relata atendimento horrível e não recomenda.
Pizzaria D'vini;-25.3206615447998;-49.2795066833496;Especialidade: pizza. Avaliações curtas e positivas, sem detalhes.
Pizzaria Diana Rocio;-25.3459377288818;-49.2466087341309;Especialidade: pizza. Avaliações elogiam a pizza de massa fina e bem recheada, os ingredientes de qualidade, os bons preços e a entrega rápida. Descrevem atendimento atencioso e ambiente familiar e tranquilo, bom para ir com a família.
Pizzaria Dom Divina;-25.3457431793213;-49.2424011230469;Especialidade: pizza. Avaliações majoritariamente negativas. Reclamam de pizza com massa crua e oleosa, pedido errado, combo anunciado não cumprido e entrega com quase duas horas de atraso, chegando fria. Uma avaliação diz que a pizza e o atendimento no balcão são bons.
Pizzaria Dom Segalla;-25.3562602996826;-49.2892303466797;Especialidade: pizza. Avaliações em maioria elogiam a pizza como macia, bem recheada e saborosa, apontada como a melhor da região. Uma avaliação reclama de pizza queimada e de recusa em fazer a troca.
Pizzaria e Esfiharia do Bairro;-25.3397083282471;-49.2728805541992;Especialidade: pizza. Avaliações curtas e positivas elogiam a pizza e o atendimento.
Pizzaria Estrela Guia;-25.3413982391357;-49.2507553100586;Especialidade: pizza. Avaliações mistas. Uma elogia sabor, tamanho, cobertura, preço e promoções. Várias reclamam de pedidos com sabores errados, pouco recheio, queda de qualidade e atendimento grosseiro ao resolver problemas.
Pizzaria Gonçalves;-25.2605667114258;-49.3006210327148;Especialidade: pizza. Avaliações divididas. Algumas elogiam a pizza saborosa e bem recheada. Outras dizem que a qualidade caiu nos últimos anos, citam pizza com pouco recheio e demora de mais de 50 minutos para ficar pronta.
Pizzaria La Patone;-25.3493690490723;-49.2373924255371;Especialidade: pizza. Avaliações elogiam a pizza saborosa e bem recheada, as atendentes simpáticas e a entrega rápida e quente. Uma avaliação reclama do comportamento do motoboy dentro de um condomínio, em alta velocidade e estacionando em local proibido.
Pizzaria Maná;-25.3391418457031;-49.2705154418945;Especialidade: pizza. Avaliações curtas e positivas. Uma pessoa que é cliente há 12 anos diz ser a melhor pizza da região e elogia o atendimento.
Polak Pizzaria;-25.3116149902344;-49.2922401428223;Especialidade: pizza. Avaliações em maioria elogiam a pizza, a porção de batata, o atendimento e o ambiente agradável. Uma avaliação critica pizza queimada, massa solada e espera de uma hora.
Pomerana Panificadora e Confeitaria;-25.3312206268311;-49.264347076416;Especialidade: padaria. Avaliações em maioria elogiam o atendimento atencioso, a confeitaria e os preços. Uma menciona café colonial e que a panificadora mudou de direção e nome recentemente. Há uma crítica de mosquitos e produtos velhos.
Ponto Da Gula;-25.2353610992432;-49.3011245727539;Avaliações elogiam o atendimento, os preços e a variedade. Uma cita encomenda de bolo de última hora.
Ponto da Pizza;-25.3476448059082;-49.265380859375;Especialidade: pizza. Avaliações dizem que a pizza é boa e a entrega costuma chegar no prazo, em local simples. Há reclamações fortes de atendimento ríspido e de motoboy grosseiro. Uma avaliação relata problemas antigos, mas diz que qualidade e atendimento voltaram ao normal.
Portal da Gulla;-25.3146743774414;-49.3011093139648;Avaliações elogiam o atendimento, a variedade de produtos, os preços e a localização. Duas alertam para produtos com validade vencida, e uma delas relata atendente grosseira ao ser questionada. Ambiente descrito como limpo, mas pequeno em horários de pico.
Qué Café;-25.3148918151855;-49.3009948730469;Especialidade: café. Avaliações elogiam os cafés, doces e salgados, o atendimento e o ambiente aconchegante, com preço justo. Uma avaliação critica coxinha e brownie requentados e banheiro entupido, mas elogia o cappuccino e o ambiente.
Quintal da Esfiha;-25.3754749298096;-49.3073959350586;Especialidade: lanchonete, árabe. Avaliações divididas. Há reclamações de pedidos cancelados sem justificativa, inclusive em promoções, e de atendimento ruim. Outras elogiam lanches, pizza e esfiha caprichados, preço justo e ambiente tranquilo e aconchegante.
Rancho do gaúcho;-25.3092613220215;-49.3003311157227;Uma única avaliação, que descreve lugar e ambiente familiar com comida ótima.
Recanto Pizzaria;-25.3396797180176;-49.2728614807129;Especialidade: pizza. Avaliações elogiam as pizzas, apontadas como as melhores da região, o ambiente e o atendimento. Há uma reclamação de atendimento péssimo e debochado pelo WhatsApp.
Restaurante Bonfim;-25.3450489044189;-49.282901763916;Especialidade: buffet (rodízio), brasileira. Avaliações curtas, na maioria positivas e uma que classifica como regular, sem detalhes.
Restaurante Brasileirinho;-25.3507213592529;-49.2655830383301;Especialidade: buffet (rodízio). Avaliações são mistas. Há elogios à feijoada, citada como a melhor da região, à comida da marmitex e ao atendimento. Há críticas a marmita cara e com pouco acompanhamento, a comida sem sabor, à dificuldade para estacionar e ao serviço bagunçado e mal distribuído.
Restaurante da Esquina;-25.3422584533691;-49.3016700744629;Especialidade: brasileira. Avaliações dizem que a comida é boa, mas há críticas ao banheiro e reclamações fortes sobre entregas: demora de mais de uma hora, pedidos anotados errado e atendimento ríspido e mal-educado, inclusive do proprietário.
Restaurante Do Arlei;-25.299617767334;-49.2923583984375;Avaliações descrevem um lugar simples, limpo e agradável, com comida caseira bem preparada em buffet que varia a cada dia, preço justo e estacionamento. Elogiam o atendimento cortês do dono e a lasanha de brócolis servida uma vez por semana.
Restaurante e Espetinho do Guto;-25.3124504089355;-49.296630859375;Avaliações elogiam o atendimento, as marmitas saborosas, com bom preço e entrega rápida, e os espetinhos feitos pelo proprietário. Citam cerveja gelada em ambiente familiar.
Restaurante e Lanchonete Parada Km17 do Caminhoneiro;-25.2970867156982;-49.3032417297363;Avaliações elogiam a comida de tempero caseiro e o atendimento, dizendo que foram bem recebidos. Sem críticas nas avaliações lidas.
Restaurante e Lanchonete Sartori;-25.3175277709961;-49.3006362915039;Especialidade: brasileira. Avaliações são mistas. Há elogios ao atendimento, à comida e ao salão amplo. Há reclamações de mesa com poeira limpa com pano malcheiroso, comida requentada, carne seca e queimada, e marmita cara com quase só arroz.
Restaurante Estaçao do Sabor;-25.3451709747314;-49.2431030273438;Avaliações elogiam a comida caseira, saborosa e bem temperada, e o ambiente aconchegante. Há críticas ao preço do buffet, considerado caro para a região e com poucas opções, e ao atendimento desorganizado.
Restaurante Evissima;-25.3495903015137;-49.3144340515137;Especialidade: buffet (rodízio). Avaliações são mistas. Uma elogia a comida e a equipe atenciosa e descreve o ambiente como rústico e legal, mas com falta de manutenção. Outras reclamam de preço alto para uma qualidade que caiu, refeição ruim e serviço fraco. Há também avaliações curtas e positivas.
Restaurante Luci Del;-25.3143348693848;-49.3099479675293;Avaliações curtas e positivas, citando comida caseira caprichada e chamando de melhor restaurante da região.
Restaurante Mãe e filhos;-25.3266010284424;-49.2777900695801;Especialidade: brasileira. Avaliações elogiam a comida saborosa e feita com capricho, o prato feito bem servido, o ambiente limpo e o preço bom.
Restaurante No Capricho;-25.3161678314209;-49.299488067627;Especialidade: brasileira. Avaliações curtas e positivas. Uma elogia a comida brasileira, a equipe simpática e a hospitalidade.
Restaurante Panela Véia.;-25.3433380126953;-49.2677879333496;Avaliações elogiam o atendimento atencioso e a comida bem servida e saborosa, com preço justo. Há reclamação sobre marmita por entrega: demora de 1h20, pedido diferente do solicitado e quase só arroz.
Restaurante Sabor Campeiro;-25.375904083252;-49.3133201599121;Avaliações descrevem almoço livre ou por quilo com comida caseira e fresca, sobremesa da casa e cafezinho de cortesia, em local limpo, arejado e aconchegante. Elogiam o atendimento, a marmita e o hambúrguer com batata. Uma avaliação nota poucas opções de salada.
Restaurante Vó Dida;-25.3134021759033;-49.3008232116699;Especialidade: brasileira. Avaliações são mistas. Há elogios à comida bem temperada, ao preço justo, ao ambiente e ao atendimento. Uma avaliação diz que o buffet livre tem poucas opções de carne para o valor e que não há estacionamento. Outra chama o lugar de caro, com comida ruim e péssimo atendimento.
Restaurante Vovó Rosalia;-25.2577610015869;-49.3017845153809;Especialidade: buffet (rodízio). Avaliações elogiam a comida simples e boa, a variedade de saladas, o preço e o estacionamento amplo. Uma avaliação critica o atendimento pouco cordial no caixa e a falta de guardanapos à disposição.
Sagadí Gourmet;-25.2618255615234;-49.3024406433105;Especialidade: padaria, doces e padaria. Avaliações descrevem uma panificadora de beira de estrada, com ambiente limpo, organizado e aconchegante e atendentes simpáticas. Elogiam a rosca de coco, a cuca de farofa e o X Salada. Há reclamação de preço alto em misto quente e refrigerante e de falta de produtos em algumas visitas.
Sorvetes Bapka;-25.3348369598389;-49.253849029541;Especialidade: sorvete, doces. Avaliações são mistas e tratam da fábrica e loja de sorvetes. Há elogios ao picolé de nata e ao lugar para tomar sorvete. Há reclamações de atendimento grosseiro ao tentar comprar no horário informado, de problema na entrega de freezer com picolés para um evento e de um sabor que deixou de ser fabricado.
Sorvetes Carlesso;-25.3089485168457;-49.2965278625488;Especialidade: sorvete, doces. Avaliações curtas, na maioria positivas e uma que classifica como regular, sem detalhes.
Sorvetes Paloma;-25.349100112915;-49.2380065917969;Especialidade: sorvete, doces. Avaliações elogiam os sorvetes, com vários sabores diferenciados e preço baixo, o açaí e o atendimento.
Sorvetes Schneider;-25.3329334259033;-49.2710418701172;Especialidade: sorvete, doces. Avaliações elogiam o atendimento, os preços, a qualidade dos sorvetes, a limpeza e o serviço de entrega. Uma avaliação comenta que às vezes falta conter outros clientes mal-educados.
Subway;-25.3142929077148;-49.300479888916;Especialidade: fast-food. Avaliações curtas e positivas, sem detalhes, e uma reclamação longa de cliente recorrente: a unidade não aderiu a uma promoção da rede, o atendimento é descrito como horrível e o lanche como muito mal feito, com poucos ingredientes.
The Best Açaí;-25.310188293457;-49.2981872558594;Especialidade: sorvete, açaí. Avaliações curtas e positivas. Uma descreve o lugar como aconchegante e com açaí muito gostoso.
Valdineypeixefresco;-25.3253536224365;-49.2695999145508;Avaliações descrevem uma peixaria, elogiando peixes e camarão frescos e de qualidade, o lugar limpo e organizado, o atendimento e o preço. Uma avaliação reclama de camarão vendido com grande parte do peso em gelo.
Valéria Buzzatto Bolos;-25.2902545928955;-49.3004112243652;Especialidade: padaria.
Via Dog;-25.3450660705566;-49.2434120178223;Especialidade: cachorro-quente. Avaliações elogiam o lanche e dizem que comer no local é bom. Há várias reclamações sobre pedidos por entrega: atrasos de horas, falta de resposta às mensagens e ao pedido de reembolso, e um relato de cabelo no lanche.
Victor e Ana Sorvete Italiano e Açaí;-25.3097248077393;-49.2972717285156;Especialidade: sorvete, doces.
606 Burger - A Casa do Burger;-30.0123863220215;-51.0840530395508;Especialidade: hambúrguer. Avaliações curtas são positivas. Uma avaliação detalhada diz que a casa é bem localizada e tem algumas vagas de estacionamento gratuito, mas fica no segundo piso com acesso só por escada, sem acessibilidade. Descreve dois ambientes, um muito barulhento e outro mais calmo, e critica o conforto térmico e as mesas e cadeiras.
Açaí da Lara;-29.9966011047363;-51.0680046081543;Especialidade: açaí, brasileira. Avaliações falam quase só de tele-entrega e são em maioria negativas: pedidos com tamanho ou ingredientes errados, entregas que levam de uma a duas horas, atendimento por WhatsApp preso no robô e dificuldade de reembolso. Alguns clientes dizem gostar muito do açaí e pedir com frequência, apesar da demora.
Adona Restaurante;-30.0222129821777;-51.0628242492676;A única avaliação elogia o almoço de sábado, a variedade de pratos, as carnes, a sobremesa e as bebidas.
Aqui Tem Frango;-29.9905796051025;-51.0751800537109;Especialidade: frango. Avaliações elogiam o frango assado, descrito como novo, bem molhado e com tempero diferenciado, e a maionese caseira e fresca. Um avaliador diz ser o melhor frango de Alvorada.
Arena Club;-30.0064430236816;-51.0841941833496;Avaliações descrevem como local de festas e balada, elogiando organização e atendimento. Também é citado como bom lugar para fazer eventos.
Bakery Valentina;-30.0000171661377;-51.070426940918;Especialidade: padaria. A única avaliação elogia os sabores e diz que vale a pena.
Bar Barella;-30.0308666229248;-51.0829811096191;Especialidade: pizza, lanchonete. Avaliações curtas e positivas, sem detalhes.
Bar Da Rose;-30.0317230224609;-51.0799751281738;Avaliações descrevem ambiente familiar, acolhedor e descontraído, com atendimento atencioso. Elogiam a comida caseira no almoço, os petiscos, os drinks e a cerveja gelada. Citam música ao vivo e espaço para dançar e reunir os amigos, e há elogios pessoais à dona.
Bar e Danceteria Nova Geração;-29.9980697631836;-51.0744476318359;Avaliações curtas e positivas, sem detalhes.
Bar e Lancheria Alto Astral;-30.0053787231445;-51.0479927062988;A única avaliação diz que é bom para se distrair com amigo.
Bar e Lancheria Baital;-29.9937877655029;-51.0696601867676;Especialidade: fast-food. Avaliações curtas e positivas, elogiando o atendimento, sem mais detalhes.
Bar Grenal;-29.9917316436768;-51.0860557556152;Avaliações são positivas e elogiam o bom atendimento, as pessoas receptivas e a cerveja sempre gelada. Um avaliador conta que levou a família e foi muito bem atendido.
Bar heningues;-29.9863739013672;-51.0472030639648;Avaliação curta e positiva, sem detalhes.
Bar novo taquareira;-30.0204811096191;-51.0838012695312;A única avaliação informa apenas que o local estava fechado no momento.
Bistro da 48;-29.9989910125732;-51.076042175293;Avaliações elogiam a comida caseira em buffet, com destaque para a massa de fabricação própria, e citam carne, suco e sobremesa livres por preço em linha com a concorrência. O ambiente é descrito como tranquilo, limpo e arejado, com wifi e ar condicionado, e o atendimento é elogiado.
Bistrô do Chalé Restaurante;-30.0331497192383;-51.0823516845703;Avaliações descrevem ambiente aconchegante de decoração rústica, com salão grande e palco para eventos, comida de sabor caseiro e bom atendimento. Elogiam as saladas e a alaminuta. Há críticas à pouca variedade de acompanhamentos e carnes no buffet e a uma entrega demorada, embora outro cliente elogie o delivery.
Boiadeira Lanches;-29.9943256378174;-51.0829277038574;Especialidade: lanchonete, fast-food.
Bom Gosto Pizzas e Lanches;-29.9965076446533;-51.0856094360352;Especialidade: lanchonete. Avaliações tratam de tele-entrega e são mistas. Parte elogia o lanche gostoso, que chega quente e rápido, e a educação do motoboy. Outras reclamam de pizza com recheio mal distribuído, pedido extraviado sem ressarcimento, atraso além do prazo e atendimento ríspido do dono ao telefone.
Boteco Braz;-29.9980506896973;-51.0720138549805;Avaliações recentes vêm de clientes antigos que diziam ser o melhor da cidade em pratos como picadão e carreteiro, mas reclamam de queda de qualidade, mudança de tempero, porções menores, preço mais alto e itens retirados do cardápio. Há várias queixas de tele-entrega com horas de atraso e falta de resposta por telefone e WhatsApp.
Boteco Pedrini | Jardim Algarve;-30.0289478302002;-51.0821914672852;Avaliações curtas e positivas, uma delas elogiando a comida, sem mais detalhes.
Brasa Burger Cheeseria;-30.0103950500488;-51.0478286743164;Especialidade: hambúrguer. Avaliações elogiam o hambúrguer e a alaminuta, as porções bem servidas, a entrega rápida e caprichada e o atendimento simpático. O local é descrito como agradável, limpo e tranquilo. Há uma reclamação de pedido pago por pix que nunca foi entregue e ficou sem resposta.
Cachorro do Bigode Alvorada;-29.9964256286621;-51.0711364746094;Especialidade: lanchonete. A maioria das avaliações é curta e positiva, sem detalhes. Uma avaliação reclama do cachorro-quente, com cebola queimada em excesso e salsicha pequena, e diz que o lanche já foi o melhor de Alvorada e hoje decepciona.
Cachurrasco Original;-30.0049781799316;-51.0804672241211;Especialidade: árabe, lanchonete. Avaliações são em maioria críticas e vêm de clientes antigos: reclamam de aumentos seguidos de preço, queda na qualidade do pão e dos ingredientes, carne sem sabor de churrasco e excesso de maionese. Também há queixas do pedido por site e robô no WhatsApp, sem opção de pix, e de limpeza do ambiente.
Cafeteria Aquarius Coffee;-30.0026473999023;-51.0797348022461;Especialidade: lanchonete. Avaliações elogiam o atendimento, os lanches, a alaminuta no almoço e o taco de frango. Citam café expresso com grãos torrados na hora e cafezinho tradicional, e um espaço mais reservado nos fundos, bom para uma reunião informal. Há elogio à proprietária.
Canto do Motociclista;-29.9961223602295;-51.0680313110352;Avaliações são positivas e elogiam o bom preço, a cerveja barata, o atendimento e o pessoal, descrito como educado e alegre.
Casa das Padarias Favorita;-30.004940032959;-51.0494651794434;Especialidade: padaria.
Casa De Carnes Santo Antônio;-30.0047817230225;-51.0496597290039;Avaliações tratam o lugar como açougue e elogiam a qualidade das carnes, o atendimento e principalmente os preços, descritos como mais baixos que os de mercados.
Casa de Massas Cecchin;-30.0320587158203;-51.0784912109375;Avaliações descrevem uma loja de massas caseiras para levar, com variedade de massas recheadas, massa folhada e salgados congelados, elogiando a qualidade e o atendimento. Há uma crítica ao recheio de presunto e queijo, considerado fraco para o preço, e opiniões divergentes sobre haver tele-entrega.
Casa Do Churrasco;-29.99880027771;-51.0785140991211;Especialidade: churrasco. As avaliações lidas são todas negativas e tratam de pedidos por delivery em aplicativos. Há reclamações de atrasos de duas a três horas, itens faltando ou trocados sem aviso, pedido não entregue e atendimento descrito como mal-educado. Avaliadores dizem que não recomendam.
Churrascaria e Pizzaria Santa Fé;-30.0035457611084;-51.0815238952637;Avaliações curtas e positivas, sem detalhes.
Churrasquinho;-29.9973468780518;-51.0649642944336;Especialidade: árabe, churrasco. Avaliações curtas e positivas, sem detalhes.
Churrasquinho do Alysson;-29.9978885650635;-51.0720481872559;Avaliações elogiam o churrasquinho, com carne macia e bem temperada e um molho especial, além do bom atendimento e das bebidas geladas. O lugar é descrito como limpo, bem cuidado, aconchegante e de família. Sem críticas nas avaliações lidas.
Churrasquinho do Cris;-30.0220947265625;-51.0626220703125;Avaliações elogiam o churrasquinho, citado como o melhor que já provaram, o preço justo e o local agradável na avenida, de fácil acesso e com banheiro. Há uma reclamação de fila longa e demora, com espetinhos em falta e o dono atendendo sozinho, o que fez o cliente desistir.
Churrasquinho do DUDU;-30.034688949585;-51.0764694213867;Especialidade: lanchonete. Avaliações elogiam o churrasquinho de picanha feito na hora, o de calabresa e o pãozinho com o suco da carne, além do atendimento simpático e atencioso, comparado a comprar de um velho amigo. Citam lugar para sentar na rua e dentro e ida com crianças. Sem críticas nas avaliações lidas.
Churrasquinho do Jonas;-29.9967994689941;-51.0505638122559;Especialidade: churrasco. Avaliações curtas e positivas elogiam o churrasquinho, descrito como saboroso e bem feito e o melhor da região, e também o atendimento.
Churrasquinho do Zeca;-30.0033226013184;-51.0724830627441;Avaliações elogiam o churrasquinho, chamado de o melhor de Alvorada, a cerveja sempre bem gelada, os pratos e o serviço. Citam que o local tem acomodações para comer ali. Sem críticas nas avaliações lidas.
Cia Do Bolo;-30.0071067810059;-51.0595283508301;Especialidade: doces e padaria, doces. Avaliações curtas e positivas. Uma cliente diz que é fã e encomenda ali os bolos de aniversário.
Cia dos Doces;-29.9979667663574;-51.0753784179688;Especialidade: doces. Avaliações curtas e positivas, sem detalhes.
Coala Mini Pasteis;-30.0038394927979;-51.0811882019043;Especialidade: brasileira, hambúrguer. Avaliações têm tom misto. Elogiam os pastéis, os cafés, os sorvetes e o ambiente climatizado, indicado para encontro casual, happy hour, família ou amigos. Há reclamações de demora por poucos funcionários, poucas mesas, pedidos errados e de o banheiro dos clientes ficar passando pela cozinha. Um avaliador diz que os mini pastéis já foram melhores.
Coffe Bear;-30.0067043304443;-51.0842704772949;Especialidade: café. Avaliações elogiam o atendimento atencioso, rápido e simpático e a variedade de cafés. O lugar é descrito como simples e bom para tomar um café e comer um lanche. Sem críticas nas avaliações lidas.
Coffee Point;-30.0291633605957;-51.0817985534668;Especialidade: café. Avaliações curtas e positivas elogiam os cafés e o atendimento e indicam a cafeteria para café da manhã ou da tarde.
Confeitaria Carvalho;-30.02712059021;-51.0828742980957;Especialidade: doces e padaria, doces. Avaliações elogiam os salgados, os bolos para festa por encomenda e o atendimento eficiente. Uma avaliação diz que a qualidade já esteve melhor.
Costelão Na Brasa;-29.9958877563477;-51.0705833435059;Avaliações descrevem buffet livre com churrasco e bebidas pagas à parte, e a maioria elogia a comida, as carnes à vontade no ponto e o atendimento. Um avaliador recomenda chegar na primeira hora do almoço. Há uma crítica forte dizendo que a comida parecia velha, com pouca variedade e carne dura.
Cremolatto Alvorada;-30.0059108734131;-51.0457420349121;Especialidade: coreana. Avaliações elogiam a variedade de sabores de sorvete, o atendimento e o ambiente familiar, bom para levar os filhos. Uma avaliação relata compra de picolés para evento, entregues em carrinho organizado e na temperatura certa. Sem críticas nas avaliações lidas.
CTG Bento Gonçalves da Silva;-29.9865245819092;-51.0751113891602;Avaliações descrevem um centro de tradição gaúcha com ambiente acolhedor e familiar, bom para ir em família, e destacam a tradição envolvida. Uma avaliação informa que a entidade foi fundada em 1993 e promove a cultura gaúcha com invernadas artísticas de dança. Sem críticas nas avaliações lidas.
D'gust Savor;-29.9917659759521;-51.0538635253906;Especialidade: açaí, brasileira. Avaliações elogiam o açaí, descrito como saboroso, bem recheado e com complementos do início ao fim, e o chamam de melhor da região. Há uma reclamação de pedido por entrega que não chegou nem teve resposta depois de mais de uma hora, e outra de falta de aviso sobre a chegada do motoboy.
Deia Camparra;-30.0043468475342;-51.0842323303223;Especialidade: doces e padaria, doces.
Delícia Padaria E Confeitaria;-30.0102996826172;-51.0825881958008;Especialidade: padaria. Avaliações curtas e positivas elogiam os doces e salgados. Um avaliador diz que não achou o estabelecimento no local.
Deliciart Pancheria E Açaiteria;-30.0075645446777;-51.0580444335938;Especialidade: cachorro-quente, açaí. Avaliações elogiam os lanches, descritos como bem temperados e os melhores da cidade, e o atendimento. Avaliadores dizem que indicam e que vão pedir de novo. Sem críticas nas avaliações lidas.
Delícias Da Fany;-29.9885768890381;-51.0820236206055;Especialidade: doces, padaria. Avaliações curtas e positivas elogiam os doces e as tortas.
Doce Mar Padaria and Confeitaria;-30.0207195281982;-51.0743179321289;Especialidade: padaria. Avaliações curtas e em geral positivas, dizendo que tudo é bem feito. Um avaliador comenta que poderia haver seguranças no entorno.
Doceria Degustar - Brigadeiros, Pão de Mel, Brindes Corporativos, Bake Box/Cesta;-30.0005493164062;-51.0752944946289;Especialidade: doces e padaria, doces.
Doceria engroff;-30.0307884216309;-51.0830841064453;Especialidade: doces e padaria, doces. Avaliações elogiam a qualidade, a apresentação e o sabor dos doces, além do atendimento e do preço. Há quem peça por entrega e quem tenha vindo de outra cidade buscar encomenda de Páscoa. O local é descrito como aconchegante e uma avaliação cita a massa caseira de pastelão.
Dog Aberto Da Pioneiro;-29.9940528869629;-51.0454902648926;Especialidade: lanchonete. Avaliações elogiam o xis calota e os lanches, citando pão grande, bacon e carne no ponto e ingredientes frescos e de qualidade. Uma avaliação diz que é bem bom mas não muito limpo.
Dog di família Alvorada;-30.0408306121826;-51.0832481384277;Especialidade: cachorro-quente. Avaliações elogiam o capricho, a simpatia e o atendimento, e chamam o dog aberto de o melhor da região. Citam lanche bem recheado, entrega rápida e quente, com opção de comer no local, buscar ou pedir tele.
Dog Gostosinho;-29.9978713989258;-51.0723762512207;Especialidade: fast-food, hambúrguer. A maioria das avaliações é curta e positiva. Uma descreve como lugar simples mas bom para um lanche, com cachorro-quente aberto, prensado, xis e outras opções, e critica o excesso de maionese no cachorro-quente, sugerindo pedir fritas junto.
Empório dos pasteis;-29.9930324554443;-51.0449104309082;Especialidade: brasileira. Avaliações são em maioria negativas: relatam pedidos errados, pizza fria, xis com pouco bacon, atraso na tele-entrega, falta de resposta no WhatsApp e atendimento ruim. Uma avaliação curta diz que o lugar é muito bom.
Equipe do Lanche;-30.0057830810547;-51.0574798583984;Especialidade: lanchonete, fast-food. Avaliações elogiam o lanche e a qualidade, chamando de o melhor da região. Uma cita entrega rápida e quente mesmo em dia de chuva.
Eskina do Kachurrasco;-29.9883365631104;-51.0471725463867;Especialidade: lanchonete. Avaliações curtas e positivas elogiam o churrasquinho e o chamam de melhor ka-churrasco de Alvorada, sem mais detalhes.
Espetinho Bem Bagual;-30.0099754333496;-51.073558807373;Especialidade: fast-food.
Espetinhos so Filé;-30.012731552124;-51.0826606750488;Especialidade: hambúrguer e grelhados, árabe. Avaliações elogiam atendimento, local, comidas e bebidas, recomendando para ir sozinho ou em grupo. Citam mesas internas e externas, chopp, espetinhos variados e bom preço, além de tele-entrega por aplicativo.
Esquina Do Frango Assado;-30.0217742919922;-51.0709991455078;Especialidade: drinks.
Estação Do Sabor;-30.0043659210205;-51.0806350708008;Especialidade: doces e padaria, doces. Avaliações elogiam tortas, salgados, bolos, mil-folhas e café, além do atendimento amigável. O ambiente é descrito como pequeno, decorado, aconchegante e acolhedor, bom para uma parada para um café. É citada como uma das melhores da cidade.
Expresso Dog;-29.9987392425537;-51.072696685791;Especialidade: cachorro-quente, lanchonete. Avaliações elogiam o cachorro-quente aberto, o atendimento, o preço e a rapidez da tele-entrega, chamando de o melhor de Alvorada. Há uma reclamação de cliente que não conseguiu pagar pelo aplicativo, que estava em manutenção, saiu sem o lanche e relata atrito com o gerente.
Expresso Mix Alvorada;-29.9975643157959;-51.0739097595215;Especialidade: sorvete, doces. Avaliações são em maioria negativas: relatam sorvete azedo ou estragado, pote com pouco sorvete, falta de higiene, pedido entregue em mau estado e motoboy grosseiro. Uma avaliação positiva descreve ambiente simples, limpo e organizado, produtos deliciosos e atendimento educado e funcional.
Expressos Lanches;-30.0026702880859;-51.0802726745605;Especialidade: fast-food. Avaliações mistas. Há elogios ao atendimento, à educação da equipe e à comida. Uma descreve o ambiente como pequeno e pouco aconchegante, com comida razoável, e outra relata problema de higiene em um lanche.
Farias Industria e Comercio de Alimentos;-29.9940795898438;-51.0215950012207;Avaliações tratam do pão de forma da fábrica e são em maioria negativas: relatam pão duro, com cheiro de azedo ou mofo antes do vencimento e embalagem trocada. Vários dizem que o produto já foi bom.
Fênix pizzaria;-30.0286808013916;-51.0846977233887;Avaliações elogiam a pizza, descrita como saborosa, de massa fina e bem recheada, com variedade de sabores. Chamada de melhor do bairro e de Alvorada.
Figueiras lanches;-30.0077686309814;-51.0766639709473;Especialidade: lanchonete. Avaliações divididas. Há elogios ao xis calota bem recheado, ao preço acessível, ao atendimento e ao entregador. Há reclamações graves de atraso de duas a três horas na entrega, falta de resposta às mensagens e formigas no lanche.
Floresta Legal;-30.0051040649414;-51.0598068237305;Avaliações descrevem como espaço para festas, em especial infantis, com brinquedos, decoração bonita, bom espaço e fácil acesso. Há críticas à copa e cozinha, a uma geladeira que não funcionava e ao local ser apertado.
Fominhas Xis;-30.021276473999;-51.0639381408691;Especialidade: lanchonete. Avaliações elogiam os lanches, descritos como caprichados, saborosos e com ingredientes de qualidade.
Frango Assado du Lê;-30.0017929077148;-51.081226348877;Especialidade: frango. Avaliações elogiam o frango assado, descrito como bem assado e suculento, o atendimento atencioso e o cuidado com o ambiente e os alimentos. Há uma reclamação de pedido por tele-entrega que não chegou e de telefone sem resposta.
Galpão Do Bugre Xucro;-29.9930534362793;-51.0536956787109;Avaliações descrevem ambiente familiar, amplo e aconchegante, de estilo gaúcho, com boliche, sinuca, pingue-pongue, lanches e bebidas. Elogiam o atendimento. Uma relata jantar baile com música gaúcha ao vivo, comida razoável e banda fraca mas animada, e diz que pode levar criança.
Garage 80's;-29.9981918334961;-51.072437286377;Especialidade: drinks, espanhola. Avaliações elogiam a comida, a equipe e o dono, descrito como alguém que faz as pessoas se sentirem bem-vindas. Citam shows ao vivo, música dos anos 80 e 90 e DJs.
Generoso;-30.002628326416;-51.0796928405762;Especialidade: café. Avaliações elogiam o espaço decorado e aconchegante, o atendimento gentil e ágil, o cappuccino, o quiche de frango e as tortas, com preços considerados bons. Uma avaliação reclama de não conseguir nota com CPF e de o creme de avelã não ser Nutella como informado.
Gi Doces & Salgados;-29.9988250732422;-51.0458450317383;Especialidade: padaria. Avaliações elogiam os salgados de festa, os bolos, o atendimento e a organização. Uma avaliação acha os salgados muito pequenos.
Good Hamburguer;-29.9958724975586;-51.0777359008789;Especialidade: hambúrguer, fast-food. Avaliações divididas. Há elogios aos hambúrgueres grandes e saborosos, ao molho, à opção vegetariana e ao atendimento atencioso. Há reclamações de pedido incompleto, comida fria, demora na entrega, falta de resposta e queda de qualidade recente.
Guardiões da Pizza;-29.9994697570801;-51.0727920532227;Especialidade: pizza. Avaliações curtas e positivas, sem detalhes.
Hotel Pousada Recanto Aconchegante;-30.0014762878418;-51.0629081726074;Avaliações são em maioria negativas: relatam quartos e roupas de cama sujos, mau cheiro, falta de limpeza, cobranças inesperadas e falta de educação dos proprietários. Uma diz que funciona como motel, com valores por hora. Há uma avaliação elogiando a recepção e o aconchego e outra que gostou mas sentiu falta de frigobar.
Império das Pizzas;-30.0046558380127;-51.0341377258301;Especialidade: pizza. Avaliações divididas. Há críticas à pizza, descrita como de massa pronta e pouco recheio, a um lanche de sabor comum e a um pedido trocado sem correção. Há elogios ao atendimento educado, à rapidez e, em outras avaliações, à pizza saborosa e bem recheada.
Império do açaí e lanches alv;-30.0086841583252;-51.0502090454102;Especialidade: açaí, brasileira. A única avaliação lida elogia o atendimento e a limpeza do lugar, sem mais detalhes.
IPUB Matriz;-29.9988574981689;-51.0812072753906;Avaliações descrevem uma igreja pentecostal, não um bar. Elogiam o pastor, a música, o ambiente acolhedor e a recepção atenciosa dos frequentadores, e falam de cultos, batismo e fortalecimento da fé.
Italia Restaurante;-30.0016841888428;-51.0785179138184;Avaliações descrevem restaurante de almoço com buffet e churrasco de tempero italiano. Elogiam variedade de saladas, lasanha, carnes macias, ambiente limpo e atendimento. Há críticas: um avaliador achou o buffet incompatível com o preço, com carnes secas e gordurosas e sem refrigerante zero, e outro reclamou de refrigerante quente.
JD Restaurante;-30.0035572052002;-51.052188873291;Avaliações descrevem local simples de almoço, com elogios ao atendimento e à qualidade da comida. Há reclamações sobre a entrega: atraso de mais de uma hora, marmita chegando misturada com porção pequena de carne e um pedido por aplicativo não entregue, sem resposta no chat ou telefone.
Joaquim Hamburgueria e Bar;-29.99684715271;-51.0771331787109;Especialidade: hambúrguer, fast-food. Avaliações curtas e positivas, sem detalhes.
Kabanas Pasteis;-30.0293521881104;-51.0780944824219;Especialidade: lanchonete, brasileira. Avaliações são mistas. Há elogio ao xis, ao ambiente agradável e ao atendimento. As críticas falam de falta de ordem no atendimento, comida mal preparada no almoço, xis queimado e lanches amassados na tele-entrega, um pedaço de madeira encontrado num xis e respostas pouco atenciosas às reclamações.
La Pane Cafeteria, Confeitaria e Padaria;-30.031042098999;-51.0769424438477;Especialidade: padaria, doces e padaria. Avaliações curtas e positivas, sem detalhes.
Lady Sushi;-29.9977073669434;-51.0680885314941;Especialidade: japonesa. Avaliações elogiam a qualidade e o frescor do sushi, o preço justo, a simpatia dos funcionários e os ambientes interno e externo limpos e aconchegantes, com boa playlist. Um avaliador destaca o buffet livre servido no meio da tarde. Há uma reclamação de propaganda enganosa, com menos salmão do que o anunciado.
LaFesta;-30.031717300415;-51.0752258300781;Especialidade: hambúrguer. Avaliações curtas e positivas, sem detalhes.
Lancheria 61;-30.0054798126221;-51.046932220459;Avaliações tratam de pedidos por aplicativo. Duas são negativas: item do pedido que não veio e espera de mais de uma hora, com açaí derretido e lanche frio, sem resposta do estabelecimento. Uma é positiva e elogia lanche e preço. Avaliadores dizem que o atendimento presencial fechou e que a casa agora usa outro nome.
Lancheria Bandeirantes;-30.0016498565674;-51.0773315429688;Especialidade: lanchonete. A única avaliação lida diz que a comida é simples, muito boa e bem barata.
Lancheria Bela Vista;-29.9955787658691;-51.0699996948242;Especialidade: lanchonete.
Lancheria Laredo;-30.0034999847412;-51.0813636779785;Avaliações descrevem um lugar acolhedor e familiar, com buffet, lanches e café elogiados. Destacam o atendimento educado, e um avaliador diz frequentar o local há anos.
Lanches Da Hora;-29.9873924255371;-51.0640029907227;Especialidade: fast-food, lanchonete. Avaliações elogiam o xis, o atendimento e a entrega rápida. Um avaliador considera um dos melhores lanches de Alvorada e outro relata um lanche agradável com as amigas.
Lapa;-30.0348663330078;-51.0731048583984;Especialidade: fast-food. Avaliações são majoritariamente negativas e tratam de tele-entrega: relatos de mais de duas horas de espera, lanche chegando frio e revirado, pão velho e ingredientes de má qualidade, além de atendentes culpando o motoboy. Uma avaliação diz que o lanche é bom, mas demora.
Lê Dog;-30.0344123840332;-51.0763053894043;Especialidade: cachorro-quente. Avaliações elogiam o cachorro-quente bem recheado, os preços acessíveis e o atendimento. Uma delas, embora goste do lanche, critica o fechamento às 22h, cedo para o fim de semana, e relata ter chegado perto do horário e não haver mais pão.
Lojas Taqi Alvorada;-30.004451751709;-51.0821952819824;Avaliações tratam de uma loja de móveis e material de construção, não de um restaurante. Parte elogia o atendimento de vendedores na compra de cozinha planejada. Há um relato negativo de vendedora sem disposição para mostrar produtos perto do fechamento. Uma avaliação fala de preços de alimentos num atacado.
Luflass Pizzas;-30.0015029907227;-51.0834884643555;A única avaliação lida elogia a pizza, sem detalhes.
Mania Lanches. Alvorada rs;-29.9975357055664;-51.0733451843262;Especialidade: fast-food, lanchonete. Avaliações curtas e positivas, sem detalhes.
Mega Pasteis Maria Regina;-30.0002212524414;-51.0587501525879;Especialidade: brasileira, lanches. Avaliações elogiam os pastéis bem recheados, de massa caseira levemente adocicada e sem gordura. Um avaliador acha que a massa poderia ser mais fina. Há menção de que a tele-entrega às vezes demora, sendo mais rápido retirar no local. As demais avaliações são curtas e positivas.
Mercado Hall;-30.0274677276611;-51.0640335083008;Especialidade: padaria, doces e padaria. Avaliações descrevem um mercado e elogiam o atendimento, a atenção da proprietária, a qualidade dos produtos e a facilidade de encontrar o que se procura. Uma avaliação tem tom de queixa, mas é pouco clara.
Mercado Padaria Ponto Dez;-29.9893207550049;-51.0521926879883;Avaliações são na maioria positivas e descrevem um mercado com padaria, elogiando salgados e cucas frescos, variedade, bebidas geladas, ambiente limpo e atendimento. Uma avaliação destoa fortemente: fala em ambiente escuro com aspecto de sujeira, perecíveis estragados comprados mais de uma vez e atendimento de má vontade.
Mestre do Frango Jardim Algarve;-30.0302333831787;-51.0764808654785;Especialidade: fast-food. Avaliações tratam principalmente de delivery de frango frito. Parte elogia o frango suculento e crocante, os molhos, as porções bem servidas e a entrega rápida. Outras reclamam de porção pequena e salgada em comparação com outra filial, atraso em pedido agendado e um cliente bloqueado no WhatsApp ao tentar pedir.
Mini Mercado E Bar Elaine;-30.0020408630371;-51.065258026123;A única avaliação lida descreve o lugar como muito relaxante, sem mais detalhes.
Miranda Bar;-29.9945011138916;-51.0772819519043;Avaliações elogiam o ambiente e as pessoas e descrevem um bom lugar para tomar uma cerveja e ouvir música. As demais são curtas e positivas.
mix açai alvorada;-30.0011901855469;-51.0717353820801;Especialidade: sorvete, doces.
Motel maktub;-30.0197410583496;-51.0836181640625;Avaliações elogiam o custo-benefício, instalações novas, quartos limpos, ar-condicionado, hidromassagem quente e a receptividade no atendimento. Há quem aponte a falta de frigobar nos quartos e uma reclamação de quarto sem TV, sem som e sem coberta, com a coberta entregue cheirando a cigarro.
Néctar;-30.0315551757812;-51.0752792358398;Avaliações descrevem uma loja de produtos, inclusive a granel, e a maioria elogia o atendimento atencioso, a qualidade dos produtos e os preços. Há uma crítica destoante que relata atendimento distante, expositores longe do cliente com etiquetas difíceis de ler, preços pouco econômicos e um produto a granel vencido.
Nilke Bar;-29.99880027771;-51.0710678100586;Uma única avaliação, curta e positiva, sem detalhes.
Norteli Sorveteria;-30.02121925354;-51.0638732910156;Especialidade: sorvete, doces.
Nostra Pizza Alvorada;-29.9925022125244;-51.082820892334;Especialidade: pizza, árabe. Avaliações elogiam pizzas e esfihas bem recheadas, massa fina e bem assada, atendimento gentil no local e no delivery e entrega cuidadosa. O ambiente é descrito como aconchegante, confortável e limpo. Há uma reclamação de quem pediu pizza de chocolate duas vezes e recebeu doce de leite, achando o preço alto para o erro.
O Franguito;-29.9989700317383;-51.0823402404785;Especialidade: churrasco, lanchonete. Avaliações são majoritariamente negativas e tratam de pedidos por entrega: relatam atraso de horas, comida gelada, churrasco com sal em excesso e atendimento considerado desrespeitoso diante das reclamações, com questionamento sobre higiene. Uma avaliação destoa, de cliente antigo que elogia atendimento, comida fresca e motoboys educados.
Oficina do Pão;-29.9975051879883;-51.0732383728027;Especialidade: padaria, doces e padaria. Avaliações descrevem padaria com consumo no local, ambiente aconchegante, comida e café elogiados e atendimento em geral cordial. Há críticas pontuais: demora por falta de funcionários, uma atendente com má vontade que não quis esquentar salgados e um relato de responsável grosseira pedindo a mesa por causa da fila de espera.
Oliveira Lanches;-29.9969692230225;-51.0650367736816;Avaliações elogiam o hambúrguer, o xis e o cachorro-quente, apontados como dos melhores de Alvorada, e o atendimento. Há uma reclamação antiga de frango assado vendido requentado do dia anterior, considerada falta de respeito com o cliente.
Padaria;-29.9929981231689;-51.061408996582;Especialidade: café. Avaliações elogiam a qualidade dos produtos, em especial o pãozinho, e descrevem um local simples e barato. Apontam que é pequeno, serve mais para comprar e levar e às vezes tem fila do lado de fora. Há uma crítica pedindo mais transparência nos valores e balança visível ao cliente.
Padaria Belpão;-30.000358581543;-51.0594902038574;Especialidade: padaria, doces e padaria. Avaliações curtas e positivas, sem detalhes.
Padaria do Jardim;-30.0236072540283;-51.0847587585449;Especialidade: padaria. Avaliações elogiam os pães, as cucas e os salgados, descritos como novinhos e crocantes, além do bom preço e do bom atendimento.
Padaria e Confeitaria Bandeirantes;-30.0033206939697;-51.0776557922363;Especialidade: padaria, doces e padaria. Avaliações em maioria curtas e positivas, sem detalhes. Uma avaliação reclama de péssimo atendimento, com arrogância e falta de respeito, e de salgados de má qualidade.
Padaria e Confeitaria Doce Sabor;-30.0057926177979;-51.045768737793;Especialidade: padaria. Avaliações elogiam pães, salgados, doces e a cuca fresquinha, além do pessoal simpático e do preço normal. Uma avaliação reclama da falta de telefones de contato.
Padaria e Confeitaria Makropão;-29.999605178833;-51.0545692443848;Especialidade: padaria, doces e padaria. Avaliações curtas e positivas, citando bons produtos, preços acessíveis e ótimo atendimento.
Padaria e Confeitaria Tio Claudio e Tio Juarez;-29.9928188323975;-51.0831756591797;Especialidade: padaria, doces e padaria. Avaliações curtas e positivas, sem detalhes.
Padaria e Mercearia Sabores do Sul;-30.0350093841553;-51.072925567627;Especialidade: padaria. Avaliações elogiam os salgados, com destaque para o enroladinho de salsicha com queijo e o croquete de carne, o café expresso a preço acessível e o bom atendimento. Citam também itens de conveniência e bebidas e preço em conta, servindo como parada rápida para lanche.
Padaria Espanha;-30.0031356811523;-51.0739212036133;Especialidade: padaria. Avaliações elogiam atendimento, preços e a qualidade dos produtos, e destacam que funciona até tarde e faz pão até tarde, sendo opção para quem perdeu o horário do mercado. Uma avaliação fala em funcionamento 24 horas.
Padaria Rofran;-30.004358291626;-51.0485763549805;Especialidade: padaria, doces. Avaliações elogiam salgados grandes e saborosos, servidos aquecidos para consumo no local, e tortas bem recheadas e não muito doces. Citam visita em família e sugerem mais opções vegetarianas, elogiando a empadinha de brócolis. Há reclamação sobre a dificuldade de estacionar em frente no horário de pico.
Pança burger delivery;-30.0006160736084;-51.0591735839844;Especialidade: hambúrguer, lanches. Avaliações são em maioria negativas sobre o delivery: atrasos de até duas horas, frango cru, batatas frias, pedido errado sem troca e dificuldade de contato. Uma avaliação de quem foi ao local relata rodízio com entradas gostosas, hambúrgueres suculentos, açaí e fondue à vontade, mas com poucas opções de hambúrguer.
Papa lanches Alvorada;-29.9974250793457;-51.0730361938477;Especialidade: lanchonete, hambúrguer. Avaliações curtas e positivas. Uma delas detalha que o alaminuta é grande o bastante para duas pessoas, com bons preços, ar-condicionado e serviço rápido.
Pappasito's Restaurante e Casa de festas;-30.0029315948486;-51.0783081054688;Uma única avaliação, curta, dizendo que a comida é muito boa.
Passaritos New House;-29.9955673217773;-51.0700263977051;Especialidade: drinks. Avaliações são em maioria negativas: atendimento desatento, troca de acompanhamentos sem aviso, feijão frio e azedo, demora mesmo com o local vazio, falta de pão de hambúrguer e pedido de entrega que nunca foi enviado. Uma avaliação positiva descreve lugar aconchegante e tranquilo, prato bem servido e cardápio variado com bom preço.
Pastelaria Pimpolho - Alvorada;-29.998161315918;-51.0724296569824;Especialidade: brasileira. Avaliações elogiam o atendimento, inclusive pelo WhatsApp e na correção de um pedido feito errado, o ambiente e os pastéis, descritos como grandes e muito recheados. Uma avaliação menciona que a casa passou a ter hambúrguer também.
Paulada Burger Alvorada;-30.0186901092529;-51.0782165527344;Especialidade: hambúrguer.
pedrinho_lanches.oficial;-29.9973526000977;-51.0727195739746;Especialidade: lanches. Avaliações são em maioria reclamações sobre pedidos: erros repetidos no lanche, itens faltando, refrigerante entregue quente, cobrança acima do valor anunciado e mensagens ignoradas. Um cliente antigo diz que o lanche é bom e elogia a maionese, mas critica a forma como trataram a reclamação.
Petyskos Lanches;-29.9973201751709;-51.0734825134277;Especialidade: fast-food. Avaliações elogiam o xis, o picadão e a alaminuta, o atendimento atencioso e a agilidade. Citam que o local foi ampliado, tem um espaço bonito nos fundos e dias com música ao vivo e karaokê. Há opiniões divergentes sobre o preço: uma considera acessível e outra acha alto para o que o lanche entrega.
PIT STOP Pizzas;-29.9981250762939;-51.0724868774414;Especialidade: pizza. Avaliações elogiam o atendimento, as pizzas saborosas e muito recheadas, inclusive a borda, e descrevem o lugar como bom para momentos em família. Há um relato negativo de pedido por aplicativo em que a pizza chegou revirada e com um pedaço de plástico, seguido de cobrança do motoboy após o reembolso.
Pizzaria Do Alemão;-30.0010471343994;-51.0588607788086;Especialidade: pizza. Avaliações curtas e positivas, sem detalhes.
Pizzaria La Mafia;-30.001220703125;-51.0486221313477;Especialidade: pizza. Avaliações tratam de pedidos por entrega e são mistas. Há reclamações fortes de atraso de mais de duas horas, pizza que não chegou e pedido cancelado por falta de bag adequada. Outras elogiam a rapidez, a qualidade e o preço considerado justo, com ressalva de que a pizza doce precisa melhorar.
Pizzaria Vitória;-30.003490447998;-51.0425796508789;Especialidade: pizza. Avaliações dizem que a pizza é boa, mas concentram críticas na tele-entrega: atrasos de duas a três horas, pizza trocada com a de outro cliente, pizza chegando fria repetidas vezes e dificuldade de contato por telefone e mensagem. Recomendam a pizza apenas para quem puder retirar no local.
Ponto48Lanches;-30.0027294158936;-51.078556060791;Especialidade: lanchonete, fast-food. Avaliações curtas e positivas em sua maioria, sem detalhes. Uma avaliação elogia a nova aparência do local e diz que os lanches continuam maravilhosos.
Produpão;-30.0228900909424;-51.082447052002;Especialidade: lanches, padaria. Avaliações curtas e positivas, elogiando a qualidade dos produtos e os preços justos.
Quintal 48;-29.9973030090332;-51.0786476135254;Especialidade: francesa, doces. Avaliações descrevem ambiente rústico, limpo e aconchegante, com decoração de materiais reaproveitados, música e espaço kids. Elogiam o atendimento atencioso e acolhedor, as massas e os crepes, a boa apresentação dos pratos e o preço justo. Citado como bom para ir em família e para um chope com boa música.
Recanto da Lagoa;-30.0181179046631;-51.0752601623535;Avaliações curtas e positivas, descrevendo um lugar muito tranquilo e com ótimo atendimento.
Rei da quentinha;-30.0097026824951;-51.0753021240234;Avaliações são divididas. Há elogios ao almoço caseiro, à comida e ao serviço de entrega, e um ex-prestador de serviço diz que o proprietário é exigente com prazo e qualidade. Há também reclamações de atendimento péssimo, ambiente duvidoso, entrega com quase uma hora de espera sem contato por telefone e problemas que não são resolvidos.
Rei Do Espeto;-30.0309505462646;-51.082706451416;Avaliações elogiam a pizza e o xis, mas a maioria critica o atendimento, descrito como mal educado e de má vontade tanto nas mesas quanto por telefone e WhatsApp. Há reclamações de entrega demorada, pedidos enviados errados, porção com excesso de batata frita e cobrança de pizza mais cara que a pedida.
Restaurante da Figueira;-30.0059337615967;-51.0456161499023;Especialidade: buffet (rodízio). Avaliações elogiam o atendimento, o ambiente aconchegante, a comida caprichada e o preço justo. Citam salão organizado e banheiros limpos. Um avaliador relata ter feito um evento para 90 pessoas com comida e lanches aprovados por todos.
restaurante da ti lu;-30.0331783294678;-51.0809326171875;Avaliações elogiam a comida caseira bem servida e bem temperada, com destaque para as a la minutas, além do atendimento rápido e educado pelo WhatsApp e das entregas em cerca de 30 minutos. Há uma reclamação de comida e feijão gelados, sem tempero e com pouca salada.
Restaurante Napolitano;-30.0049514770508;-51.0503387451172;Avaliações elogiam a comida saborosa, as sobremesas e o valor justo, e parte delas destaca o atendimento do proprietário. Há uma crítica forte ao atendimento do proprietário e à tele-entrega, com demora, comida chegando bagunçada e preço que muda de um dia para o outro. Um avaliador acha o ambiente bom, mas sente falta de ar condicionado.
Restaurante piatto;-30.028829574585;-51.0821418762207;Avaliações elogiam a comida bem temperada, a variedade de carnes, verduras e frutas à vontade e o atendimento. Um avaliador diz que o buffet livre inclui sobremesas variadas, refrigerante, água e sucos naturais.
Restaurante Santa Clara;-30.0043182373047;-51.0807762145996;A única avaliação com texto diz que o almoço é muito bom e bem servido pelo preço cobrado, com ótimo atendimento.
Restaurante Tio Dave;-29.9993000030518;-51.0586853027344;Avaliações descrevem um lugar agradável e aconchegante, com donos atenciosos, drinks, cerveja gelada e preços acessíveis. Elogiam o xis, a a la minuta e o bauru, além do atendimento e da rapidez na entrega. Há uma avaliação negativa dizendo que o bauru estava gorduroso, e outra sugere vender refrigerante de 2 litros.
Restaurante Três Marias;-30.0014057159424;-51.0773849487305;Especialidade: brasileira. Avaliações elogiam a comida caseira farta e saborosa, com destaque para o feijão, o atendimento gentil e rápido para servir e o preço. Um avaliador menciona que aceitam diversas formas de pagamento.
Rey do Açaí;-29.9845409393311;-51.0644187927246;A única avaliação elogia o açaí e a qualidade mantida a cada pedido, diz que a tele-entrega costuma ser rápida e que a equipe é prestativa quando necessário.
Rock Garage Hamburgueria;-30.00612449646;-51.0391044616699;Especialidade: hambúrguer. Avaliações curtas e positivas, sem detalhes. Uma delas descreve o lugar como muito agradável, com banda de rock tocando e clima bom.
Rota 47 Pastelaria & Sorveteria;-30.0023593902588;-51.0798110961914;Especialidade: sorvete, brasileira. Avaliações elogiam os pastéis grandes e bem recheados, os sorvetes variados, os preços justos e o atendimento simpático e rápido. O local é descrito como compacto, agradável e acolhedor, bom para ir com filhos. Há uma avaliação negativa relatando lanche encharcado de óleo e sem sabor.
Rota das Pizzas;-29.9920425415039;-51.0835266113281;Especialidade: pizza. Avaliações elogiam as pizzas saborosas e os preços baixos, incluindo os combos. Um avaliador informa que trabalham apenas com delivery e retirada. Há uma crítica ao atendimento por não haver lugar adequado para consultar o cardápio, que é indicado pelo Facebook.
Salgados da Liane;-30.0296020507812;-51.0673980712891;Especialidade: padaria. Avaliações curtas e positivas, elogiando o sabor, o capricho, a qualidade e o preço justo.
Salgados da Rô;-29.9881687164307;-51.0743942260742;Especialidade: café.
SandBurguer Delivery;-29.9964504241943;-51.0735473632812;Avaliações são mistas. Há elogios ao xis e ao hambúrguer bem recheados, à entrega rápida, ao preço justo, aos funcionários atenciosos e ao fato de entregar depois da meia-noite. Há reclamações de lanche frio e muito salgado após longa espera, atendimento ruim pelo WhatsApp, pedido entregue incompleto e cobrança extra para trocar a carne por hambúrguer vegano.
Santo Gole;-30.0286483764648;-51.0677337646484;Especialidade: hambúrguer e grelhados. Avaliações curtas e positivas, descrevendo um ambiente familiar, amplo e agradável, com pessoas simpáticas.
Sede da Sociedade União;-29.9968166351318;-51.0712852478027;A única avaliação com texto diz que ali acontece o melhor baile, citando o baile do Joãozinho.
Skina Lanches;-30.0043621063232;-51.0824851989746;Especialidade: fast-food, lanchonete. Avaliações elogiam a a la minuta farta, o feijão bem temperado, o xis, o bom atendimento e o preço justo, descrevendo o lugar como aconchegante e bom para almoçar. Uma avaliação reclama que o ambiente é muito quente e sugere ventiladores. Demais avaliações são curtas e positivas.
Só Comes Pub Bar;-30.0293788909912;-51.0822105407715;Avaliações quase todas de uma palavra e positivas. Uma elogia a cerveja bem gelada com preço baixo no litro e a meia porção bem servida. Outra cita apenas sushi.
Sorvetes Dani;-29.9981842041016;-51.014289855957;Especialidade: sorvete, doces. Avaliações mistas e voltadas à marca e seus produtos. Há reclamações de que o açaí Polpa Nativa tem gosto ruim, de falta de retorno ao reclamar por telefone e de atendimento péssimo a alguém que trabalhou com a marca e ficou meses sem vendedor. Outras elogiam o açaí, o produto e o pessoal atencioso.
Square Beer & Beef;-30.0071868896484;-51.0423622131348;Especialidade: drinks, brasileira. Avaliações elogiam comida, pastéis variados, bebidas e chope gelados e o atendimento da equipe. Destacam o espaço kids perto e visível das mesas, bom para famílias e aniversários. Há um relato negativo de criança que ficou presa numa máquina de ursinhos, com crítica à postura de um funcionário do salão.
Super Burguer;-29.9891719818115;-51.0640678405762;Avaliações curtas e positivas, sem detalhes.
Super Cris Lanches;-30.0080051422119;-51.0662498474121;Avaliações descrevem lugar simples, com pessoal atencioso e simpático. Elogiam o xis caprichado, bem servido e de preço justo, a cerveja no ponto e a variedade de comidas e bebidas. Citam também facilidade para estacionar, aceitação de cartões e banheiro limpo.
Super Pao;-30.0071487426758;-51.082405090332;Especialidade: padaria. Avaliações descrevem padaria pequena e pouco sinalizada, com produtos caprichados. Elogiam salgadinhos, pães, bolos, lanches, café e o atendimento simples mas bom, e citam café quase colonial aos domingos. Há uma reclamação de meia hora de espera por um café que chegou frio.
Supremo Lanches;-30.0047492980957;-51.0460243225098;Especialidade: lanchonete. Avaliações divididas e curtas. Uma reclama de atendimento péssimo, lanche frio e sem sabor e de o entregador não querer entrar no bloco. As demais são positivas e recomendam, sem detalhes.
Tabacaria Duque;-30.0008144378662;-51.0736961364746;Avaliações curtas, em geral positivas, dizem que se encontra tudo o que precisa e que o atendimento é agradável e atencioso. Uma avaliação diz que não tem cigarros.
Temakeria Japesca;-30.0289611816406;-51.0821914672852;Especialidade: japonesa, japonesa (sushi). As avaliações lidas são todas negativas. Reclamam de temakis com quase só arroz e pouco peixe, arroz cozido demais, salmão com cheiro e gosto de velho, pedido que chegou frio e gorduroso e preço alto para a qualidade. Um cliente relata mal-estar após comer e outro diz que já foi bom mas deixou de consumir.
Tempero da vovó;-29.9914073944092;-51.0845489501953;Avaliações curtas e positivas elogiam o strogonoff, o arroz soltinho, a qualidade, o sabor e o custo-benefício.
Terraço Bowling Bar;-30.0123825073242;-51.084056854248;Especialidade: sorvete, brasileira. Avaliações curtas e positivas. Uma descreve como excelente lugar para jantar em família e elogia o atendimento de quem serviu a mesa.
Território do Açaí II;-29.9990406036377;-51.0803604125977;Especialidade: açaí, brasileira. As avaliações lidas são todas negativas. Reclamam de pedido não entregue apesar do código informado, recusa de cancelamento com atendimento arrogante, entrega com duas horas de atraso e fruta passada, crepe queimado e mal recheado e açaí caro e de má qualidade.
Tio e Tia do Cachorrinho;-29.9982414245605;-51.0723838806152;Avaliações mistas. Elogiam o cachorro-quente e o atendimento, com quem diga ser o melhor de Alvorada. Há reclamação de pedidos que chegam com ingredientes que o cliente pediu para retirar, inclusive em caso de alergia, e outra dizendo que o lugar já foi muito bom mas decaiu, com molho ralo.
Trufas da Dio;-30.0241317749023;-51.0793685913086;Especialidade: doces, padaria. Avaliações só com elogios aos doces e trufas, descritos como deliciosos e feitos com dedicação e cuidado na escolha dos ingredientes, e ao atendimento. Uma cliente diz ter virado freguesa fixa.
Uniãozinho Bar;-30.0009346008301;-51.0559272766113;Especialidade: drinks. Avaliações curtas e positivas, sem detalhes.
Usina do Frango Alvorada;-29.9992427825928;-51.0782318115234;Uma única avaliação lida, curta, elogia o frango.
X-Kome Kome;-29.9923667907715;-51.0512542724609;Uma única avaliação lida, curta e positiva, sem detalhes.
Xis Bem Lanches;-30.0081920623779;-51.077995300293;Avaliações em maioria positivas elogiam ambiente, lanches caprichados, bebida gelada, bom atendimento e entrega rápida. Há um relato bem negativo de pedido errado em que o local não refez o lanche nem devolveu o dinheiro, e uma avaliação que considera mediano.
Xis Big Burguer;-29.9944763183594;-51.0514030456543;Uma única avaliação lida, curta e positiva, sem detalhes.
Xis do Luciano;-29.9964656829834;-51.0585861206055;Especialidade: lanchonete. Avaliações mistas. Uma diz que o xis estava muito bom mas reclama de confusão entre sem salada e sem grãos. Outra critica fortemente o xis, com pão seco, carne dura e sem maionese. Há reclamação de horário desatualizado no Google, com o local fechado num domingo indicado como aberto.
Xis do Sérgio Minério Pizza;-29.9922218322754;-51.0523567199707;Especialidade: pizza. Avaliações só com elogios às pizzas, descritas como bem recheadas, de massa fina e borda saborosa, com capricho no preparo, atendimento personalizado e preço justo. Mais de uma diz ser a melhor pizza de Alvorada.
Xis Extreme;-29.9896507263184;-51.0801277160645;As avaliações lidas são todas negativas. Vários relatam pedidos pelo iFood aceitos e nunca entregues, sem resposta às mensagens e com telefones que não funcionam. Há também reclamação de comida requentada e de serviço desorganizado, com longa espera e pratos de baixa qualidade.
Xis Pegadão;-29.998851776123;-51.0584335327148;Especialidade: fast-food, lanchonete. Avaliações curtas e positivas, sem detalhes.
yellow pastéis;-30.0059280395508;-51.0842628479004;Especialidade: brasileira. Avaliações divididas. Elogiam pastéis sequinhos, fresquinhos e bem recheados, promoções com suco, combos, café e o pedido pelo iFood. Duas avaliações criticam duramente o atendimento, descrevendo a dona como mal-educada e debochada e relatando preço cobrado no local maior que o informado pelo WhatsApp.
Zap Burguer;-30.0057392120361;-51.0456504821777;Especialidade: lanchonete. Uma única avaliação lida elogia o lanche, o tempero e o atendimento rápido.
A Cabana Pastelaria;-10.9987287521362;-37.0682811737061;Especialidade: brasileira. Avaliações curtas e positivas, sem detalhes.
A Caverna;-10.9020442962646;-37.0589122772217;Especialidade: lanchonete. Avaliações descrevem casa tradicional de sopas, de gestão familiar, com destaque para a sopa de mocotó, citada como tradição de décadas e por um avaliador como a melhor de Aracaju. Elogiam o local limpo e tranquilo, o atendimento educado e a qualidade dos ingredientes. Uma avaliação comenta que o mocotó poderia ter cozinhado mais naquele dia.
A Fabrica;-10.9335985183716;-37.0511054992676;Especialidade: italiana. Avaliações descrevem restaurante italiano de ambiente descontraído, com área interna e externa ventiladas. Elogiam ingredientes frescos, pratos bem servidos, drinks caprichados, arancini, lasanha e nhoque, com preço considerado acessível. Há críticas ao atendimento, que demora e falha em dias cheios, relato de pedido esquecido e de filé servido frio, além de vagas difíceis na rua.
A Paulista;-10.8892045021057;-37.0801010131836;Especialidade: pizza. Avaliações curtas e positivas, sem detalhes.
Abraço;-10.9845237731934;-37.0531368255615;Especialidade: pizza. Avaliações descrevem pizzaria de ambiente amplo e aconchegante, indicada para grupos grandes. Elogiam a pizza de massa fina e leve de fermentação natural, os ingredientes frescos, as combinações de sabores e o atendimento educado. Um avaliador a chama de melhor pizza da cidade e outro recomenda comer no local, com a pizza quente.
Abrazo;-10.9320116043091;-37.0575275421143;Avaliações descrevem bar de estilo alternativo, com clima animado e música em volume agradável, indicado para happy hour. Elogiam bastante a carta de drinks, a comida saborosa, com opções veganas, e a equipe atenciosa. Há quem ache alguns drinks caros e o cardápio de comida enxuto, e uma avaliação diz não ter gostado do lugar, da comida nem do atendimento, só dos drinks.
AÇAÍ & CIA;-10.941689491272;-37.0798091888428;Especialidade: lanchonete. Avaliações têm tom misto. Há elogios ao açaí, com opção self-service, e ao sanduíche natural. Há reclamações de entrega demorada com açaí chegando mole ou quase derretido e de um cliente que não conseguiu pagar com vale-refeição depois de a loja confirmar que aceitava.
Açai Aju;-10.9754495620728;-37.0391159057617;Especialidade: açaí, sorvete. Avaliações curtas e positivas. Elogiam o açaí, citado por um avaliador como o melhor da cidade, o atendimento rápido e as opções saborosas.
Açaí Aju;-10.9901218414307;-37.0500049591064;Especialidade: açaí, brasileira. Avaliações curtas e positivas. Elogiam o açaí, citado como um dos melhores da cidade, e a variedade de pratos. Uma avaliação diz que a loja é pequena mas confortável e que os preços são normais.
Açaí Aju - Salgado Filho;-10.9260101318359;-37.0558910369873;Especialidade: açaí, sorvete. Avaliações curtas e positivas, sem detalhes.
Açaí Concept Atalaia | Aracaju;-10.993992805481;-37.0526924133301;Especialidade: sucos. Avaliações são em maioria críticas. Há relato de entrega por aplicativo com mais de uma hora de atraso e resposta irônica da loja, de pedido de açaí zero enviado com tudo misturado e peso bem abaixo do comprado, de funcionários sem paciência para explicar a montagem, de preço alto pela quantidade e de pouco estacionamento. Uma avaliação menciona a possibilidade de misturar o açaí com vários itens.
Acai Concept Jardins;-10.9384937286377;-37.0614833831787;Especialidade: sucos. Avaliações são em maioria negativas e tratam de delivery. Há relatos de pedidos com horas de atraso, cancelamentos, contato ruim e itens pagos que não vieram. Um avaliador diz que o açaí é aguado e cheio de gelo, o pior de Aracaju. Outro afirma que o açaí é bom e que há sempre cupons, mas não recomenda pedir por entrega.
Açai da Tia Augusta;-10.9752569198608;-37.0492343902588;Especialidade: açaí, brasileira. Avaliações descrevem o lugar como ponto de compra de açaí e complementos para levar, com um cliente citando o pote de 5 litros para ter em casa. Elogiam a qualidade dos produtos e o bom atendimento. Uma avaliação comenta que os preços estão elevados.
Açaí do Risada;-10.9084396362305;-37.072582244873;Especialidade: lanchonete. Avaliações elogiam o açaí, citado como o melhor da região, montado ao gosto do cliente com frutas frescas e muitos acompanhamentos, além de salgados e sorvetes. Destacam o preço acessível, o atendimento personalizado e o ambiente limpo, arejado e familiar. Uma avaliação reclama de ter encontrado o local fechado no horário informado no Google.
Açaí House self service;-10.9699625968933;-37.0452709197998;Especialidade: sorvete, doces. Avaliações têm tom misto. Há elogios ao açaí, citado como o melhor da Coroa do Meio, aos sabores com ninho, chocolate, morango e doce de leite, ao ambiente agradável e ao atendimento. Uma avaliação negativa reclama de açaí muito congelado, de local mal conservado e de atendente distraído em vez de atender.
Acai Mais;-10.9294891357422;-37.0591793060303;Especialidade: sorvete, doces.
Açaí Mais Burguer;-10.9730615615845;-37.0688877105713;Especialidade: lanchonete. Avaliações elogiam os hambúrgueres e o açaí, o preço acessível, o ambiente organizado e limpo e a atenção da funcionária. Há reclamações recorrentes sobre o delivery, com entregas que passam de uma hora e meia sem aviso e açaí que chega derretido.
Açaí Mais Expresso Novo Paraíso;-10.9102582931519;-37.0846996307373;Especialidade: sorvete, doces. Avaliações elogiam o açaí cremoso, comparado favoravelmente a outros considerados aguados, o atendimento e a rapidez das entregas. Um avaliador diz passar todo dia depois do trabalho e menciona discordar de reclamações feitas por outros clientes.
Açaí Mais Expresso Orla;-10.9881982803345;-37.0485305786133;Especialidade: açaí, brasileira. Avaliações têm tom misto. Há elogios ao açaí, ao custo e ao atendimento de funcionários específicos. Há reclamação de ambiente sujo com mesas pegajosas e de grosseria da equipe ao receber a queixa, e outra de pedido não entregue com telefone que não atende.
Açaí Moderno;-10.9760985374451;-37.0661087036133;Especialidade: sorvete, açaí. Avaliações descrevem local pequeno e arrumado, com mesas na parte externa, onde o cliente monta o próprio açaí. Elogiam o açaí cremoso e sem gosto artificial, a variedade de sorvetes e acompanhamentos e o atendimento atencioso. Uma avaliação comenta que dá para ouvir a música de um bar vizinho.
Açai Na Tigela Tia Augusta;-10.9267730712891;-37.0436935424805;Especialidade: lanchonete. As avaliações lidas são em maioria críticas. Dois clientes dizem que o açaí vendido por quilo veio com peso menor que o cobrado e recomendam conferir na balança. Há reclamação de atendimento ruim, com espera de quase 40 minutos para saber que o item do cardápio não estava disponível, e de açaí muito doce.
Acai Paulista;-10.9122076034546;-37.0491771697998;Especialidade: açaí, brasileira. Avaliações têm tom misto e várias são curtas. Há elogio aos lanches e à equipe simpática e atenciosa. Uma cliente antiga reclama de salgado sem recheio e de ter sido mal atendida, com arrogância, por uma funcionária ao tentar reclamar.
Açaí Show;-10.9749116897583;-37.0391712188721;Avaliações elogiam o açaí, citado como um dos melhores da cidade, servido com cremes e farofinha de tapioca, e o atendimento atencioso e acolhedor, com relato de água oferecida ao cachorro de um cliente sem ele pedir. Há também pastéis e sanduíches. Críticas apontam o pastel como ruim e o cardápio como confuso e mal feito.
Açaí Turbinado;-10.933069229126;-37.0620441436768;Especialidade: sucos, pizza. Avaliações curtas e positivas, sem detalhes.
Açaí X-Power;-10.9255237579346;-37.0504665374756;Especialidade: açaí, brasileira. Avaliações elogiam a qualidade do açaí e dos sorvetes, com vários sabores, o atendimento e o espaço limpo, organizado, arejado e climatizado por dentro. Um avaliador conta que sentou na parte de fora tomando açaí e achou relaxante.
Acaiteria O Garotinho;-10.8894491195679;-37.077356338501;Especialidade: sorvete, doces. Avaliações elogiam o açaí e os sorvetes, com bastante opção de sabores e acompanhamentos, o preço e o ambiente fresco e arejado, citado como bom para ir com crianças e família. Uma avaliação elogia o atendimento mas reclama que pararam de fazer o sabor beijinho e que o creme de leite ninho não é de leite ninho.
Acarajé da Ana e Hamburgueria;-10.9725985527039;-37.0712985992432;Avaliações curtas e positivas, sem detalhes, uma delas elogiando o lugar e a comida.
Acarajé da Gil;-10.9773988723755;-37.0496768951416;Avaliações elogiam o acarajé, descrito como saboroso e com camarões grandes sem casca, os preços acessíveis e o atendimento, com menção à simpatia e atenção da dona.
Acarajé da Jaíra;-10.9424366950989;-37.0671787261963;Avaliações são mistas. Parte elogia muito o acarajé, crocante, sequinho e saboroso, comparado aos famosos de Salvador e considerado o melhor da região. Há reclamações de demora, inclusive mais de uma hora de espera, de caruru e camarão ruins em um pedido, de recheio em quantidade desigual e de cobrança de taxa de serviço mesmo após o cliente pedir para não incluir.
Acarajé da Magna;-10.9159293174744;-37.0501594543457;Avaliações em geral elogiam o acarajé, leve por dentro e crocante por fora, chamado por alguns de melhor de Aracaju, o atendimento e os preços justos. Uma avaliação mais crítica diz que o tempero é bom mas não é o sabor tradicional, com dendê misturado, acompanhamentos frios e salada com tomate maduro, elogiando apenas o camarão.
Acarajé da Nana;-10.9254188537598;-37.0635986328125;Avaliações elogiam o acarajé, com destaque para a massa sequinha e crocante, boa tanto pura quanto com os recheios, e recomendam a compra pela qualidade.
acarajé da nara;-10.9134006500244;-37.0602340698242;Especialidade: brasileira. Avaliações curtas e positivas, elogiando o sabor da comida feita pela dona e a boa localização.
Acarajé da Nete;-10.8984117507935;-37.0597324371338;Avaliações são mistas. Há elogios ao acarajé saboroso, com massa crocante, recheios frescos e variedade no cardápio, ao delivery e às mesas para comer no local. Há reclamações fortes de desorganização na fila e nos pedidos, espera de mais de uma hora, falta de acarajé, acarajé frio ou com metade crua e vatapá e caruru ruins.
Acarajé da Paula;-10.9339113235474;-37.0634670257568;Avaliações elogiam bastante o acarajé, de massa leve, aerada, crocante e sequinha, além do vatapá e do caruru, do preço e do fácil acesso. As críticas se concentram no atendimento, descrito como demorado, com poucas pessoas atendendo e atendentes pouco cordiais, e na quantidade pequena e irregular dos acompanhamentos.
Acarajé da Rita;-10.9671449661255;-37.0430488586426;Especialidade: lanchonete. Avaliações curtas e positivas. Uma delas cita um acarajé vegano muito bom e preços bem baixos.
Acarajé Do Marcelo;-10.9738960266113;-37.0643215179443;Avaliações elogiam o acarajé, gostoso, bem temperado e bem servido, com preço justo, chamado por um avaliador de melhor de Aracaju. Há reclamações de delivery que levou duas horas e de horário divulgado nas redes que não confere, com o local encontrado fechado em dois sábados no início da noite.
Acarajé e Abará da Mica;-10.944748878479;-37.0874137878418;Avaliações curtas e positivas, sem detalhes.
Acarajé ponto quente;-10.910521030426;-37.083667755127;Avaliações elogiam o acarajé, saboroso e visto como tradição, e o ambiente arejado e familiar. Uma avaliação critica o atendimento de uma funcionária, descrita como ríspida e de cara fechada, mas elogia as outras atendentes.
Acarajé Sabor Da Bahia;-10.9336404800415;-37.0525035858154;Especialidade: lanchonete. Avaliações são divididas. Algumas chamam o acarajé de um dos melhores de Aracaju, com preço justo, ambiente limpo, cerveja gelada e bom vatapá e camarão. Outra acha razoável, com bolinho pequeno e pouco camarão, mas bom atendimento. Uma reclamação forte relata preço cobrado na retirada diferente do cardápio divulgado e constrangimento ao cliente.
Acaraxe;-10.9411706924438;-37.0583553314209;Avaliações curtas e positivas, sem detalhes.
Aconchego do Papai Carlos Bar;-10.9196696281433;-37.0605144500732;Poucas avaliações. Uma diz que é apenas um depósito de bebidas, sem mistérios. Outra elogia o atendimento e a cerveja gelada.
Açucena;-10.9695029258728;-37.0563507080078;Especialidade: brasileira. Avaliações descrevem ambiente bonito e agradável, bom para celebrações, com espaço kids amplo, e elogiam pizza e drinks. Há críticas de comida muito salgada, pastéis pequenos e com pouco recheio, pizza esquecida com quase duas horas de espera e um relato de itens não consumidos lançados na comanda, com mau trato da atendente do caixa e de um garçom.
Adega Café;-10.9447569847107;-37.0477848052979;Uma avaliação descreve o lugar como tranquilo e aconchegante e diz que serve tapioca. A outra é um comentário político sem relação com o estabelecimento.
Adonai Delicatessen;-10.9702472686768;-37.0583248138428;Especialidade: lanches.
Africans Burger;-10.9697923660278;-37.0577144622803;Especialidade: hambúrguer, africana. Avaliações elogiam os hambúrgueres, incluindo um de carne de avestruz e um vegetariano de grão de bico, a batata, o lugar aconchegante e o atendimento pessoal e atencioso. Um avaliador acha o preço um pouco caro e a carne de avestruz um pouco dura, mas recomenda. Citado como vizinho à Unit e fácil de localizar.
Afro Lanches;-10.9358196258545;-37.0808048248291;Especialidade: hambúrguer. Avaliações curtas e positivas, elogiando o atendimento e os lanches, com menção ao hambúrguer de bacon especial como preferido de um cliente.
Aguas Douradas;-10.9712181091309;-37.0375576019287;Avaliações descrevem uma pousada familiar, amigável e acolhedora, a um quarteirão da praia e perto de restaurantes e lojas. Elogiam os quartos grandes e limpos, ar-condicionado e TV funcionando, recepção 24 horas com entrada trancada e o café da manhã incluso com muita variedade.
Aju Hostel e Pousada;-10.9923243522644;-37.0546817779541;Avaliações elogiam a equipe simpática e prestativa, a limpeza, a decoração e as áreas comuns com bar e piscina, a cozinha, o café da manhã com ovos feitos na hora e a localização tranquila a cinco minutos a pé da praia. Um hóspede elogia a suíte com cama de casal e o preço, mas sugere levar protetor de ouvido por causa do barulho e aponta uma instalação elétrica duvidosa.
Ajubeer;-10.9383149147034;-37.0537662506104;Avaliações são majoritariamente negativas. Reclamam de atendentes desatentos, debochados ou grosseiros, pedidos errados, mesa suja, comida fria, carne dura e passada do ponto e talher de plástico. Uma avaliação positiva elogia a costela, o ambiente bom para conversar e o atendimento educado. O ambiente é citado como agradável mesmo em avaliação crítica.
Akasha Tabacaria;-10.8983879089355;-37.0616436004639;Avaliações curtas e positivas. Citam atendente simpática e dizem que a loja tem variedade, com todo tipo de produto.
Alagoas pizza;-10.9026346206665;-37.0650157928467;Avaliações elogiam o bom atendimento, a comida saborosa e fresca e o preço acessível, resumido como bom, bonito e barato. Uma avaliação critica o fato de não aceitar cartão.
Algas Marinhas Hotel;-10.9934482574463;-37.0523777008057;Avaliações curtas e positivas. Uma descreve hotel agradável e informal, com excelente localização e equipe muito simpática.
Algo Mais Soparia e Pizzaria;-10.903829574585;-37.0719699859619;Avaliações elogiam as sopas e o atendimento, citando wi-fi para clientes e opções de jantar como cuscuz recheado e inhame. Uma reclamação relata espera de mais de 50 minutos por um caldo verde que nunca foi lançado e que já tinha acabado, com o casal saindo frustrado. As demais são curtas e positivas.
Allan Burger & Cia;-10.9713749885559;-37.0738391876221;Especialidade: lanchonete. Avaliações elogiam os lanches, saborosos e bem recheados, os preços justos e o atendimento. A crítica recorrente é a demora no preparo. Um avaliador menciona desconforto com o barulho de uma pequena reforma no dia da visita.
Alto da Praia Hotel;-10.9947390556335;-37.0592288970947;Avaliações curtas e de tom misto, entre elogios breves e notas neutras. Uma não recomenda o hotel, dizendo que o site anuncia serviço que não existe, que não há estacionamento privativo e que o chuveiro não funciona bem.
Amakase Nikkei Sushi;-10.9326734542847;-37.0588455200195;Especialidade: japonesa, japonesa (sushi). Avaliações divididas sobre o rodízio japonês. Parte elogia peças frescas e de qualidade, serviço rápido, atendimento atencioso e ambiente tranquilo. Outras dizem que é bom mas nada surpreendente, caro pelo que entrega, com sobremesa ruim, acústica péssima, ambiente pouco confortável e pouca liberdade para escolher as peças no rodízio.
Amanda Bar e Restaurante;-10.9942941665649;-37.0530567169189;Só duas avaliações, opostas. Uma elogia o caranguejo com molho de tomate e cebola, os acompanhamentos, o atendimento e o ambiente agradável. A outra relata péssimo atendimento, garçons que ignoram e demoram mesmo com a casa vazia, e diz ter passado mal depois de um pastel de caranguejo.
Amazon Açaí e Café;-10.9136018753052;-37.0889263153076;Especialidade: lanchonete, açaí. Maioria das avaliações é negativa. Reclamam do atendimento, de não levarem o pedido à mesa, da demora de cerca de 10 minutos por um expresso com um só atendente e de uma coxinha seca e cara. Uma pessoa diz ter sido tratada de forma diferente pela atendente do caixa. Há quem ache o local agradável e uma avaliação que elogia local, atendimento e comida.
Amsterdan;-10.975869178772;-37.0584316253662;Especialidade: drinks. Avaliações descrevem um barzinho com música ao vivo, palco e espaço externo confortável, bom para comemorar aniversário. Elogiam petiscos, cerveja gelada, shots, som e ar-condicionado. Há críticas a porções pequenas, calor quando lota e um relato de recepcionista ríspida e garçom grosseiro ao recusarem os 10%.
Anauê;-10.9912347793579;-37.0540561676025;Avaliações descrevem um hostel perto da praia, limpo, com camas confortáveis, donos e atendentes prestativos, clima amigável e café da manhã elogiado. Uma avaliação acha o quarto apenas ok e reclama da falta de sabonete no chuveiro.
Âncora BEACH;-11.0245060920715;-37.0740489959717;Avaliações descrevem um bar de praia bonito, com boa estrutura, banheiros limpos e equipe simpática, bom para passar o dia. Há críticas a serviço muito lento em feriado, música alta demais e com letras consideradas vulgares, e um relato de casal que se sentiu mal acolhido ao ter recusada uma mesa mais confortável com a casa quase vazia.
André Lanches e Açaí;-10.8932237625122;-37.0537357330322;Especialidade: lanchonete.
Anna Cereja Delicatessen;-10.9926538467407;-37.0706634521484;Especialidade: café. Avaliações tratam como a melhor padaria e delicatessen do bairro, elogiando pães, pães doces recheados, doces, bolos caseiros e bolos sem lactose, além de manteiga e queijo coalho. Também elogiam o atendimento e a gentileza dos proprietários.
Aquarios Praia Hotel;-10.9771747589111;-37.0409374237061;Avaliações divididas. Há elogios ao serviço, à comida e à vista de frente para a praia de Atalaia. As críticas falam em hotel com aparência muito antiga, quarto e elevadores ruins e portas que não abrem com o cartão, com o café da manhã como única parte boa, e uma avaliação recomenda não se hospedar.
Ará Sorvetes e Açai;-10.9724817276001;-37.0693111419678;Especialidade: sorvete, doces. Avaliações elogiam o sorvete e o açaí, a variedade de sabores, o ambiente aconchegante, limpo e bem cuidado, os preços acessíveis e a equipe simpática e prestativa. Descrevem como bom lugar para ir com amigos, família ou em encontros.
Aracaju Corais Hotel;-10.9784798622131;-37.0438385009766;Avaliações em geral positivas: quartos confortáveis, camas boas, chuveiro quente, equipe muito gentil e eficiente e localização prática perto do calçadão da orla, com bom custo-benefício. O café da manhã é descrito como modesto e o estacionamento como apertado quando cheio. Uma avaliação diz para não perder tempo nem dinheiro.
Aracaju Praia Hotel;-10.9805266;-37.0434379;Avaliações curtas e positivas, com poucos detalhes. Citam comida e serviço bons e a vista.
Arcus Hotel;-10.9786491394043;-37.0441284179688;Avaliações descrevem um hotel funcional, limpo e confortável, a poucas quadras da praia, com quartos silenciosos, equipe simpática e estacionamento gratuito. As críticas citam quartos muito básicos, sem mesa ou cadeiras na varanda e sem copos, internet ruim, café da manhã mais fraco, comida um pouco cara e funcionários que prometem resolver pedidos e não resolvem.
Aribé Lanches;-10.9068431854248;-37.0718250274658;Especialidade: lanchonete, fast-food. Avaliações curtas e positivas, sem detalhes.
Armandola’S;-10.9365482330322;-37.0686626434326;Especialidade: italiana. Avaliações elogiam as massas, de excelente qualidade, e as empanadas bem recheadas, em especial o combo de três, pedido para retirada. Também citam variedade de sabores e atendimento ótimo e rápido.
Armazénn;-10.970085144043;-37.0560607910156;Poucas avaliações e de tom misto. Uma relata experiência péssima, com banda principal cancelada no meio da noite, falta de petiscos e de estrutura de banheiros. Outra diz que curtiu e que o espaço foi bem aproveitado, mas não gostou tanto do atendimento. Uma avaliação diz apenas que está fechado.
Arraiá do Povo;-10.9745969772339;-37.037691116333;Avaliações tratam do evento de São João: festa com várias bandas simultâneas toda noite, apresentações de quadrilhas e muitas opções de comidas e bebidas juninas, em ambiente descrito como tranquilo e seguro. Dizem que a estrutura melhorou em relação a anos anteriores, mas falta espaço coberto para os dias de chuva.
Aru Food Park;-11.0187048912048;-37.0729808807373;Avaliações descrevem um food park amplo, arejado, bem iluminado e organizado, com pizzaria, sanduíches e comida regional, banheiros climatizados e limpos, área kids e música ao vivo em volume que permite conversar. Ambiente apontado como familiar. Críticas: poucas vagas para estacionar e um relato de encontrar fechado numa segunda apesar de anunciado como aberto.
Aruanã Eco Praia Hotel;-11.0273852348328;-37.0769329071045;Avaliações elogiam a localização em frente à praia de Aruana, o café da manhã farto, o jardim e a área de piscina, a cama confortável, a comida do restaurante e a equipe prestativa e educada. Há ressalvas de que o quarto precisa de alguma atenção e de que as instalações poderiam ser melhores pelo preço.
Astro Experience;-10.9950895309448;-37.0535411834717;Avaliações descrevem uma experiência sensorial em espaço muito bonito e diferenciado na Orla, com welcome drink, drinks diferentes, pratos individuais fartos e bem apresentados e som ambiente agradável. Elogiam o atendimento dos garçons. Uma avaliação, sem detalhes, diz que a experiência foi muito ruim.
Atalaia Apart Hotel;-10.9691786766052;-37.0537586212158;Avaliações elogiam o serviço, o café da manhã, a limpeza e o preço do quarto. As críticas citam barulho de carros da rua à noite, cama de casal formada por duas de solteiro juntas e vazamento do ar-condicionado que molhou objetos sobre a mesa.
Atelier Doces e Doçuras;-10.9332685470581;-37.0790176391602;Especialidade: lanchonete.
Atual Sushi;-10.9734792709351;-37.0656261444092;Especialidade: japonesa (sushi), japonesa. Avaliações elogiam a qualidade e o frescor dos sushis, a apresentação dos pratos, o ambiente limpo com música agradável e o atendimento simpático e atencioso. Citado como opção para comemorar aniversário, com preço considerado ok. Há uma reclamação forte de pedido com mais de duas horas de atraso e sem resposta do restaurante.
Australia Burger and Buffet;-10.9440498352051;-37.0603733062744;Especialidade: buffet (rodízio), hambúrguer. Avaliações elogiam a grande variedade de comidas, saladas e frutas, descritas como saborosas e boas para quem busca alimentação saudável. A equipe é citada como gentil. Demais comentários são curtos e positivos.
Babbo;-10.9315056800842;-37.0494556427002;Especialidade: italiana. Avaliações descrevem ambiente agradável e bem decorado em estilo italiano, tranquilo no almoço durante a semana, com pratos de massa, camarão e frango e sobremesas elogiados, além de atendimento simpático. Há uma crítica dura de visita no dia dos namorados: prato bonito mas sem gosto, atendimento lento por poucos garçons, sobremesa ruim e custo-benefício baixo.
Baião Dois;-10.9241094589233;-37.0500164031982;Avaliações descrevem self-service a quilo simples e familiar, pequeno e não climatizado, com comida caseira, churrasco diário, preço acessível e atendimento cordial. Há críticas à higiene no manuseio de refeições, a detalhes de manutenção e banheiro, à falta de estrutura quando enche e ao tempero pesado. Serve para almoço farto do dia a dia.
Bakery Emporium San Antonio;-10.9162187576294;-37.0528469085693;Especialidade: padaria. Avaliações descrevem padaria pequena, agradável e organizada, com boa variedade, sanduíches e sucos elogiados e preço justo. Funcionárias são citadas como educadas, mas há queixas de atendimento demorado e de corredor apertado que congestiona. Um relato diz que o atendente, possivelmente o dono, foi rude e cancelou o pedido de um cliente.
Bali Restaurante e Bar;-10.9911775588989;-37.0506954193115;Especialidade: frutos do mar. Avaliações elogiam o ambiente, a localização, a cerveja gelada e pratos como risoto com salmão e casquinha de caranguejo, com boa apresentação. O atendimento é elogiado por alguns e considerado demorado por outros. Um avaliador achou a música ao vivo alta a ponto de impedir a conversa na mesa e reclamou do ponto da carne.
Bambu;-11.0138468742371;-37.0671672821045;Avaliações descrevem bar de praia em Aruana com vista para o mar, elogiando o tempero, os preços em conta, a limpeza e a simpatia da equipe. Há um relato negativo de cliente que achou indelicado ser avisado perto das 17h de que as cadeiras seriam recolhidas por causa de furtos.
Bar & Lanchonete Do Fabio;-10.9070405960083;-37.0559711456299;Especialidade: fast-food. Avaliações descrevem bar agradável para tomar cerveja com amigos e assistir futebol, com cerveja muito gelada, petiscos elogiados, boa dobradinha, preço justo e ótimo atendimento. Um avaliador parabeniza a reforma do local.
Bar Aruamar;-11.0142860412598;-37.0676689147949;Avaliações descrevem bar calmo e de ambiente agradável, com comida boa e preços competitivos em relação a outros bares, bom para almoçar com a família. Um grupo relata se encontrar ali aos sábados antes do futebol. O atendimento é elogiado.
Bar Beira Rio;-11.0410051345825;-37.1161689758301;Avaliações descrevem ambiente familiar e agradável, com atendimento muito bom, inclusive para grupos grandes. Elogiam a comida, de qualidade e em porções fartas, a ponto de um prato para dois servir quatro pessoas.
Bar Caliente El Sol;-11.0673360824585;-37.1035327911377;Avaliações descrevem bar de praia de ambiente familiar, limpo e arejado, com boa estrutura e bons banheiros. Elogiam a cerveja gelada, os tira-gostos, os preços justos ou abaixo da média e o atendimento rápido e atencioso de garçons e donos. Citado como receptivo com crianças.
Bar Churrasquinho Do Bocão;-10.8958883285522;-37.0829372406006;Especialidade: churrasco. Avaliações descrevem bar de bairro animado e acolhedor na zona norte, arejado, com shows ao vivo, especialmente aos domingos. Elogiam o atendimento, a qualidade dos produtos e a dobradinha. Citado como ponto de encontro do pessoal do bairro.
Bar da Amendoeira;-10.9432744979858;-37.0734043121338;Avaliações descrevem ambiente tranquilo, bom para conversar com amigos, com pratos caseiros e cerveja bem gelada. Um avaliador estranhou que tudo o que se consome é pago na hora e achou a porção de carne de sol com fritas saborosa, mas pequena para o preço. Os demais comentários são curtos e positivos.
Bar da Bisteca;-10.9141540527344;-37.0598106384277;Avaliações descrevem bar familiar e tranquilo, bom para ir com amigos e parentes, com tira-gosto elogiado, cerveja bem gelada, ótimo atendimento e preços justos. Há também comentários curtos, um deles classificando o lugar como regular.
Bar da Codorna Frita;-10.9441041946411;-37.0866546630859;Avaliações descrevem boteco simples e familiar, bom para conversar com amigos, famoso pela codorna frita. Elogiam também peixe frito, dobradinha e frango a passarinho, a cerveja muito gelada, o bom preço e o atendimento alegre e solícito do dono.
Bar da Galera;-10.9728841781616;-37.0709934234619;Avaliações mistas. Elogiam o ambiente agradável à sombra de árvore, bom para cerveja gelada, assistir jogos e curtir samba em alguns dias. Há críticas à falta de papel higiênico, ao preço das doses, a uma porção de tripinha pequena e sem crocância e ao atendimento insuficiente, com um garçom para várias mesas. Um avaliador resume como cerveja barata e nada além disso.
Bar da Kikiu;-11.0736904144287;-37.134729385376;Avaliações descrevem lugar simples e arejado, com jeito de interior, comida saborosa, cardápio variado, preço atrativo e atendimento acolhedor. A moqueca com pirão de camarão é citada como bom custo-benefício, embora um avaliador tenha achado o caldo aguado. Há críticas à falta de conforto do ambiente e pedido para aceitarem cartão de crédito.
Bar da Luz Verde;-10.97389793396;-37.0618896484375;Avaliações descrevem bar simples para cerveja bem gelada a preço justo, com destaque para os pastéis de costela e de pernil, o caldinho e as porções de batata frita, e recomendado para universitários. Há um relato de atendimento grosseiro e desrespeitoso por parte do senhor que atende, ao perguntar o preço de um cigarro.
Bar da Mirian;-11.0295419692993;-37.07741355896;Avaliações descrevem bar de praia tocado pela dona, com música ao vivo, mesas comuns e lounge com bancos acolchoados e rede, bom para passar o dia. A maioria elogia a comida farta, o preço justo, o atendimento rápido e hospitaleiro e os banheiros limpos. Há uma crítica forte: ambiente pouco limpo, comida cara e de baixa qualidade e caranguejo mal cozido.
Bar da sopa;-10.9114761352539;-37.0630435943604;Avaliações descrevem bar simples e tradicional de Aracaju, conhecido pela sopa de mocotó, hoje com outros sabores, e com clientes de longa data. Há uma reclamação de atendimento ruim de uma funcionária, descrita como mal-educada e desatenta, que deixou o cliente constrangido diante de amigos convidados. Os demais comentários são curtos e positivos.
Bar do Alves;-10.9718796;-37.0358753;Avaliações curtas e em geral positivas, sem detalhes. Uma delas diz que a comida parece um pouco sem sabor.
Bar do Bel;-10.924388885498;-37.0595092773438;Avaliações curtas e positivas, sem detalhes. Uma delas descreve o lugar como restaurante e bar muito bom.
Bar Do Boca;-10.9653739929199;-37.0815715789795;Avaliações descrevem bar em praça tranquila e policiada, com espetinhos, caldinho de mocotó elogiado, cerveja gelada, preço justo, atendimento simpático e música ao vivo quinzenal. Há reclamação de vizinho sobre som muito alto até a madrugada em bairro residencial e crítica aos banheiros, descritos como precários e sem descarga.
Bar do Cabeça;-10.9877891540527;-37.053539276123;Avaliações descrevem barzinho de rua descontraído em frente a uma praça, reformado, com cerveja sempre gelada, espetinhos variados, preço justo e donos simpáticos. Indicado para ir sozinho ou em família, já que as crianças brincam na praça. Ressalvas: sol forte sobre as mesas à tarde e um espetinho com gosto de fumaça.
Bar do Caldinho Santa Rita;-10.9912781715393;-37.0507030487061;Avaliações curtas e positivas, sem detalhes. Uma delas elogia o lugar como muito bom e autenticamente brasileiro.
Bar do Chiquinho;-10.9021730422974;-37.0580711364746;Avaliações descrevem barzinho tradicional de esquina, simples e fora do roteiro turístico, com pastéis e torresmo fritos na hora, caranguejo todos os dias, cerveja bem gelada e ótimo atendimento. Os demais comentários são curtos e positivos.
Bar do Dody;-10.9162969589233;-37.0852565765381;Avaliações elogiam o ambiente bem ventilado, o atendimento e os petiscos. As demais são curtas e positivas, sem detalhes.
Bar Do França;-11.0146450996399;-37.0679416656494;Avaliações descrevem uma barraca simples de praia com atendimento rápido e educado, cerveja bem gelada e porções saborosas. Elogiam pastéis, caldinhos de camarão e sururu, peixe frito e caranguejo, além do bom custo-benefício e da ducha para lavar os pés na saída.
Bar do Gama;-10.9374465942383;-37.0618801116943;Avaliações descrevem um bar raiz e tradicional do Grageru, tranquilo, com cerveja gelada, caldinhos e dobradinha elogiados. Um avaliador diz evitar ir à noite por causa do som alto de um estabelecimento vizinho.
Bar do Guaiamum;-10.9069395065308;-37.075891494751;Avaliações indicam o lugar para comer mariscos, frutos do mar e pescados, em ambiente ventilado, com som ambiente e TV, frequentado por clientes tranquilos. Há reclamações de atendimento pouco educado, banheiro precisando de limpeza e preços considerados altos, com guaiamum abaixo do esperado.
Bar Do Itabaiana;-10.9679594039917;-37.0881309509277;Avaliações em sua maioria curtas e positivas, com uma classificando como regular. Uma descreve como boteco raiz simples, com bom atendimento, cerveja gelada e petiscos, bom para sentar com amigos.
Bar do Joel;-10.9892520904541;-37.0491695404053;Avaliações elogiam o ambiente familiar, a comida caseira, o espetinho de filé mignon, casquinhas, pastel de caranguejo e caldinho de sururu, além dos garçons corteses. Um avaliador encontrou o local vazio e escuro, sem música ambiente, com cardápio voltado a pratos para duas pessoas ou mais e preços no padrão de beira-mar.
Bar do Jota;-10.9725638;-37.0358171;Avaliações curtas e positivas, sem detalhes.
Bar Do Manoel;-10.9002728462219;-37.0663795471191;Avaliações curtas e positivas citam cerveja e bebidas sempre geladas, boa localização e que é um bom lugar para assistir a jogos de futebol.
Bar do Nelsinho;-11.0282316207886;-37.0767936706543;Especialidade: drinks. Avaliações elogiam a comida e descrevem um bar de praia agradável para ir com a família, com banheiro limpo e chuveiro na areia. As opiniões sobre o atendimento divergem: há quem o elogie muito e há reclamação de demora de até duas horas no pedido e garçons que não dão retorno.
Bar do Nelson;-11.0192227363586;-37.0707454681396;Poucas avaliações. Uma diz que o lugar é legal, mas que os garçons não são simpáticos, a outra é curta e positiva.
Bar do Nivaldo;-10.9732227325439;-37.0846366882324;Avaliações descrevem ambiente simples e arejado, com cerveja gelada, petiscos a preço justo, pastéis e caldinho de sururu elogiados e TV para assistir a jogos. Há críticas ao atendimento disperso, a um peixe menor que o oferecido e cobrado caro, e a haver apenas um banheiro em dia cheio.
Bar Do Osvaldo;-10.9681663513184;-37.0683841705322;Avaliações descrevem um barzinho familiar, tranquilo e arejado, com cerveja bem gelada, espetinhos, preços acessíveis e bom atendimento. Citam música ao vivo em alguns dias e recomendam chegar cedo.
Bar Do Paulista;-11.0140981674194;-37.0674934387207;Avaliações descrevem uma barraca à beira-mar com preços bons e, em geral, atendimento elogiado, considerado melhor que o das barracas vizinhas. Um cliente antigo relata ter sido mal atendido na última visita por funcionários novos, apesar de elogiar o ambiente.
Bar do Simeão;-10.9312438964844;-37.0782260894775;Avaliações elogiam a cerveja gelada, os petiscos e o caranguejo, e destacam que o volume do som permite conversar.
Bar Do Vaqueirinho;-10.9886593818665;-37.060152053833;Avaliações elogiam o peixe, citado como muito bem temperado e servido na brasa às quintas-feiras, a comida e a cerveja gelada. Uma menciona música de forró e vaquejada.
Bar e Mercearia do Luciano;-10.8938633;-37.0667849;Avaliações curtas e positivas elogiam a cerveja muito gelada e o pastel.
Bar E Restaurante Bode Veio;-10.9780731201172;-37.0490207672119;Especialidade: brasileira. Avaliações descrevem um restaurante simples, arrumado e ventilado, de almoço bom e barato, com comida a quilo ou prato comercial bem servido e churrasco elogiado, incluindo bode e cupim. Elogiam o atendimento rápido mesmo com casa cheia, a presença dos proprietários e a ausência de taxa de serviço.
Bar e Restaurante da Família;-11.0265350341797;-37.0752811431885;Especialidade: frutos do mar. Avaliações descrevem um bar de praia agradável e sem som alto, com comida farta, cerveja gelada, preço justo e bom atendimento. Citam espaço sombreado, cadeiras perto da água, ducha no banheiro feminino e banheirinhas para crianças. Uma menciona atendimento um pouco afetado pelo movimento de carnaval.
Bar e Restaurante da Ninha;-10.891095161438;-37.0540599822998;Avaliações elogiam a comida caseira, a moqueca de peixe bem servida, a cerveja gelada e o atendimento simpático, rápido e educado. Descrevem o ambiente como simples, fresco, arejado e agradável.
Bar e Restaurante do Camilo;-10.9513940811157;-37.0464553833008;Especialidade: brasileira. Avaliações curtas e positivas, uma delas elogiando a comida, sem mais detalhes.
Bar e Restaurante do China;-10.9309797286987;-37.0779056549072;Avaliações descrevem um bar e restaurante familiar, ao ar livre e arejado, com clima de praia, bom para almoço em grupo, happy hour e fim de tarde. Elogiam petiscos, caranguejo, queijo na chapa, cerveja gelada, preço justo e o dono atencioso. Uma avaliação reclama de demora dos atendentes.
Bar e Restaurante do Peixe Mania;-10.8986511230469;-37.0487041473389;Especialidade: frutos do mar, drinks. Avaliações curtas e positivas, sem detalhes.
Bar e Restaurante Maré Mansa Beach;-11.0323495864868;-37.0795383453369;Avaliações descrevem um bar pé na areia, de estrutura simples, com música ao vivo, clima familiar, ducha e brinquedos para crianças. Elogiam os preços, os caldos e o peixe frito. Há reclamações recorrentes de demora no serviço e erro na conta, e uma diz que o caranguejo vem pequeno e esfria rápido.
Bar e Restaurante o Caldeirao;-10.976806640625;-37.0643939971924;Especialidade: brasileira. Avaliações descrevem um restaurante simples de comida caseira, com self-service sem balança a preço acessível, variedade de pratos e sobremesas e bom atendimento. Indicado nas avaliações para um almoço rápido.
Bar e Restaurante Paraíso do Baixinho O Rei do Sirí;-11.0260286331177;-37.0751934051514;Especialidade: drinks, frutos do mar. Avaliações descrevem como bom lugar para passar o dia na praia, com mesas e guarda-sóis grandes, frutos do mar frescos e bebidas geladas. Uma avaliação considera os preços altos e relata espera maior que a esperada pelos pratos.
Bar e Restaurante Recanto do Chorinho;-10.88853931427;-37.0544395446777;Avaliações descrevem um lugar aconchegante dentro do parque, com boa música, bons preços e atendimento educado. Elogiam o prato feito bem servido e barato e recomendam para almoço e visita em família.
Bar e Restaurante Santo Antonio;-10.9911947250366;-37.0506801605225;Avaliações elogiam a comida caseira bem servida, os caldos, em especial o de camarão, o peixe vermelho, a cerveja gelada e o atendimento. Há críticas a um peixe frito gorduroso, a uma moqueca cara com pouco camarão e a mau cheiro ocasional de um bueiro nas mesas da frente.
Bar Leão de Chacara;-10.9223608970642;-37.0948390960693;Avaliações curtas e positivas, sem detalhes.
Bar Nova Opção;-11.0184640884399;-37.070384979248;Avaliações curtas e positivas descrevem o lugar como maravilhoso e adorável, com pessoas acolhedoras, e como uma experiência autêntica de Aracaju.
Bar Papo Furado;-10.9722642;-37.0358842;Avaliações descrevem um bar em frente ao mar com boa estrutura, boa música, serviço rápido e atendimento cordial, bom para ir com amigos ou família. Elogiam a comida e o pastel de picanha. Uma avaliação critica pastéis oleosos e diz que o cardápio e o serviço na areia precisam melhorar.
Bar Pastelão Casa de Praia;-10.971677;-37.0357139;Especialidade: brasileira. Avaliações elogiam a comida em quantidade e qualidade, o atendimento educado e atencioso e a cerveja gelada, com preços razoáveis. Descrevem o ambiente como agradável mas muito simples, com opção de ficar dentro, em redes, na área externa ou na praia. Citam a porção de mini pastéis como boa para grupos e mencionam que o local estava em reforma.
Bar Pé Sujo;-10.9245562553406;-37.0481052398682;Avaliações curtas e positivas, com poucos detalhes. Uma menciona show com música e outra descreve o bar como agradável para uma cerveja gelada.
Bar Ponto de Espera;-10.9083299636841;-37.0388927459717;Avaliações descrevem um bar familiar e aconchegante à beira do rio Sergipe, com vista do pôr do sol. Elogiam a comida caseira, os petiscos, pastéis e empadinha, a cerveja gelada, a limpeza e o banheiro. O atendimento é elogiado pela maioria, mas uma avaliação cita parte da equipe mal-humorada e preços um pouco altos. Outra sentiu falta de pirão no cardápio.
Bar Restaurante e Churrascaria Arabatana do Caranguejo;-10.9243125915527;-37.0594253540039;Especialidade: frutos do mar, churrasco. Avaliações curtas e positivas na maioria. Uma mais detalhada elogia o atendimento solícito e a comida, cita caranguejo e codorna e relata crianças comendo no local.
Bar Rivaldo;-10.9759864807129;-37.0538883209229;Avaliações elogiam o atendimento dos garçons, o caranguejo, o pastel, as ostras frescas, a cerveja bem gelada e o banheiro limpo, em ambiente agradável. Uma avaliação reclama de uma caipirosca de morango aguada e sem álcool.
Bar Toca do lula;-10.9318208694458;-37.071081161499;Avaliações descrevem um típico bar de bairro, simples e familiar, com grande variedade de cachaças e cerveja gelada a preços acessíveis. Citam mesas na praça como boa pedida para o fim de tarde e um frequentador de 40 anos.
Barão da Praia;-11.0279340744019;-37.0768299102783;Avaliações descrevem uma barraca de praia na Praia de Aruana, com cara de praia e não de bar requintado. Elogiam bastante o atendimento dos garçons, a cerveja gelada, o pirão, a comida e o preço justo, com guarda-sol e mesas grandes. Citada como boa para ir em família. Uma avaliação achou o pastel de caranguejo um pouco salgado.
Barbaridade lanches;-10.9200325012207;-37.0656242370605;Especialidade: drinks. Avaliações descrevem um lugar simples, bem localizado e de ambiente familiar. Elogiam o atendimento, o espetinho com farofa e vinagrete, o caldinho de mocotó, o cardápio enxuto, os preços justos e as promoções de cerveja. Citam telão para acompanhar futebol.
BARbudos;-10.9925265312195;-37.0713787078857;Avaliações curtas e positivas, sem detalhes. Uma descreve o lugar como pequeno, com mesas dividindo espaço na calçada.
Bari Bistrô Café;-10.9307746887207;-37.0547866821289;Especialidade: café. Avaliações concordam que o lugar é bonito, confortável e charmoso, mas a maioria critica o atendimento demorado e confuso, a recusa em ligar o ar-condicionado com a área vazia e o banheiro externo fechado. Opiniões divididas sobre a comida: doces fracos para o preço, salgados e cafés bons. Uma avaliação elogia a comida e o atendimento e reclama só do som alto.
Bariloche;-10.9086022377014;-37.0726470947266;Especialidade: padaria. Avaliações curtas e positivas, sem detalhes.
Barraca da Família;-10.9741020202637;-37.0367488861084;Avaliações elogiam a comida, com destaque para o cuscuz e os pastéis, e o atendimento simpático dos donos e funcionários. Um avaliador conta que comeu lá três noites seguidas.
Barzin;-10.9314618110657;-37.0615558624268;Avaliações dizem que o bar é bonito e tem boa música ao vivo, mas a maioria critica o atendimento desorganizado e lento, a falta de estrutura em dia de chuva, cozinha fechando antes do horário divulgado, preços altos e promoção do Instagram não honrada. Citam reabertura sob nova direção. Uma avaliação elogia petiscos, atendimento, estacionamento fácil e o clima tranquilo.
Baviera Haus;-10.9105567932129;-37.0500221252441;Especialidade: lanchonete. Avaliações são na maioria críticas. Há reclamações de preços altos para salgados e sucos, coxinha com gosto de massa crua, pão de batata com pouco recheio, torta azeda, doce velho, pedido para viagem trocado e atendimento ruim. Uma avaliação comenta que a lasanha parece sair bastante.
Baviera Haus;-10.9204816818237;-37.0531101226807;Especialidade: café, doces. Avaliações curtas e positivas na maioria. Uma mais detalhada a descreve como uma das melhores e mais antigas casas de café e chá de Aracaju, com grande variedade de bolos, tortas, salgados, doces e pratos de almoço, para consumo no local ou encomenda.
Beco Mágico Aracaju;-10.9790592193604;-37.0438709259033;Especialidade: hambúrguer. Avaliações descrevem uma hamburgueria temática inspirada em Harry Potter, com decoração bonita e atendimento elogiado. As opiniões sobre a comida se dividem: alguns gostaram do hambúrguer, outros relatam entradas ruins, como onion rings e pipoca de frango, e drinks caros, doces e fracos. Parte diz que vale pela experiência e pelo ambiente, não pela comida.
Beer House;-10.9780826568604;-37.0399837493896;Avaliações curtas e positivas, sem detalhes.
Beija Flor;-10.9303770065308;-37.0509262084961;Especialidade: brasileira. Avaliações elogiam a comida, o ambiente familiar e o atendimento atencioso, citando funcionários pelo nome, e também a quentinha por delivery em quantidade e sabor. Uma avaliação destoa: achou o preço por quilo bom, mas a comida razoável e o ambiente e o atendimento fracos, e diz que não voltaria.
Beira Rio;-10.9049997329712;-37.0394039154053;Especialidade: espanhola. Avaliações destacam a vista do pôr do sol às margens do Rio Sergipe, o ambiente amplo, os telões com futebol e a música ao vivo com couvert artístico. Elogiam os pratos bem apresentados e os preços acessíveis. Sobre o atendimento as opiniões se dividem: alguns acham os garçons atenciosos, outra avaliação o considera deficiente e desorganizado. Citado como bom para happy hour.
Bella Castelo;-10.9346919059753;-37.07594871521;Especialidade: pizza. Avaliações curtas e positivas na maioria. Uma elogia a pizza por delivery, bem recheada, quente e com entrega rápida. Outra acha a pizza boa mas reclama do atendimento online.
Bella Massa;-10.9643864631653;-37.0789108276367;Especialidade: pizza. Avaliações mistas sobre a pizzaria. Há reclamações de pedido que não chegou sem reembolso, entrega muito demorada, pizza fria e diferente do pedido, com sabor e apresentação ruins. Por outro lado, um cliente antigo a considera a melhor pizza, caseira e artesanal, em ambiente simples, e outra avaliação diz apenas que a pizza é boa.
Benjamim Estofados;-10.9129166603088;-37.0643882751465;Avaliações tratam de um serviço de estofados, não de um restaurante. Elogiam a reforma de sofás e cadeiras, a qualidade do material, o preço justo, a entrega no prazo ou antes dele e o atendimento educado e atencioso.
Bergamo Cucina;-10.9483675956726;-37.0605354309082;Especialidade: italiana. Avaliações descrevem um restaurante de ambiente elegante, intimista e sofisticado, indicado para encontros românticos, com amigos e aniversários. A maioria elogia as massas, as carnes, a sobremesa e o serviço. Há ressalvas: preços acima de outros locais equivalentes e uma avaliação que achou a comida boa mas não excepcional e o atendimento ruim em duas visitas.
Berlim;-10.9335412979126;-37.056734085083;Especialidade: café. Avaliações descrevem café de arquitetura bonita e decoração colorida, com referências à série Friends, espaço com sofá e área para reunir amigos. Elogiam a comida, o cardápio variado, o quiche e o café especial. Há críticas a atendimento lento e ríspido em um relato, brunch de domingo que encerra cedo e café coado fraco.
Best Açailândia;-10.9696044921875;-37.07200050354;Especialidade: sorvete, doces. Avaliações elogiam a variedade de sorvetes, açaí e acompanhamentos, o ambiente agradável e familiar e o atendimento cordial e próximo dos donos. Sem críticas nas avaliações lidas.
Beto's Lanches;-10.9073147773743;-37.0809078216553;Especialidade: lanchonete. Avaliações curtas e positivas elogiam o bom atendimento e os salgados.
Big Bolo;-10.9335985183716;-37.0613079071045;Especialidade: doces. Avaliações curtas e positivas, sem detalhes. Uma cita bons lanches e doces.
Big Estância Lanchonete e Restaurante;-10.9160594940186;-37.0492916107178;Especialidade: lanchonete. Avaliações elogiam a comida, o preço honesto, o suco natural e o atendimento atencioso e simpático dos garçons. Descrevem como boa opção no centro para almoço ou café com salgados, em ambiente agradável e acolhedor.
Big lanches;-10.8835906982422;-37.0821018218994;Especialidade: lanchonete. Avaliações divididas. Parte elogia os lanches, o ambiente e o atendimento, chamando de melhor lanche do bairro. Outras reclamam de atendimento sem educação e pouco profissional, demora na entrega e lanche com pouco recheio.
Bistrô 82;-10.9162073135376;-37.056058883667;Especialidade: brasileira, drinks. Avaliações descrevem restaurante aconchegante, de decoração retrô e com fliperama, com cardápio variado, comida boa e preço acessível. Elogiam o atendimento e citam entrega e programa de fidelidade. Indicado para almoço e reunião com amigos. Uma avaliação diz que o espaço é quente.
Blend Circus Food Park;-10.9383497238159;-37.0536518096924;Especialidade: hambúrguer. Avaliações elogiam os hambúrgueres e principalmente a batata chips, crocante e bem temperada, além do atendimento, do ambiente agradável e do custo-benefício. Várias avaliações são curtas e positivas.
Bob's Brasil;-10.9458408355713;-37.0482082366943;Especialidade: fast-food. Avaliações curtas, em geral positivas, citam atendimento rápido e sundae de açaí. Há ressalvas pontuais sobre poucos totens de autoatendimento e atendente que não entregou guardanapo nem ofereceu CPF na nota.
Bob's Burgers;-10.9451951980591;-37.0477867126465;Especialidade: fast-food. Avaliações curtas, em geral positivas, citam atendimento rápido e sundae de açaí. Há ressalvas pontuais sobre poucos totens de autoatendimento e atendente que não entregou guardanapo nem ofereceu CPF na nota.
Bob's Burgers;-10.9430675506592;-37.0598468780518;Especialidade: fast-food. Avaliações elogiam o atendimento rápido e eficiente, a variedade de sanduíches e milk-shakes e o espaço amplo com muitas mesas.
Bob's Shake;-10.9164476394653;-37.0884265899658;Especialidade: fast-food. Avaliações divididas. Algumas elogiam muito o milk-shake, o sorvete e o atendimento educado. Outras reclamam de atendentes mal-humoradas e mal treinadas, falha de higiene com uma casquinha, sorvete ruim e porções menores com preço subindo. Uma cita que a estrutura precisa melhorar.
Bob's Shake;-10.9427585601807;-37.0595092773438;Especialidade: fast-food. Avaliações elogiam o atendimento ágil e atencioso da equipe, citando funcionários pelo nome, além da batata e do lanche fresquinho. Há um relato de lanche trocado resolvido na hora e uma reclamação de cobrança em duplicidade no totem de autoatendimento.
Bob's Shakes;-10.9089937210083;-37.0488967895508;Especialidade: fast-food. Avaliações curtas e positivas elogiam o atendimento, o milk-shake e a casquinha.
Bobó e Cia;-10.9317259788513;-37.0495300292969;Avaliações mistas. Elogiam a comida, como o caruru, e o lugar agradável. Há críticas de que o ambiente não tem refrigeração e é quente, de atendimento ruim na retirada de pedido, de bobó com poucos camarões e de preço por quilo considerado abusivo.
Boca cheia Food Truck;-10.9701776504517;-37.0752105712891;Uma avaliação elogia os preços, o atendimento e os lanches. A outra fala de uma loja de produtos importados e parece se referir a outro estabelecimento.
Boca de Forno Café;-10.9401655197144;-37.0544147491455;Especialidade: café. Avaliações elogiam o café bem preparado, os folhados, waffles, doces e salgados, a variedade do cardápio e o atendimento atencioso. Descrevem o ambiente como aconchegante e agradável. Sem críticas nas avaliações lidas.
Bode & Beer;-10.9253196716309;-37.056095123291;Especialidade: brasileira. Avaliações curtas e positivas, sem detalhes.
Bodega do Tiozão Orla;-10.990683555603;-37.0505027770996;Avaliações majoritariamente negativas. Reclamam de cerveja quente, couvert obrigatório, preços altos, demora e garçons rudes. Uma cliente relata ter sofrido racismo no bar e ter sido retirada do local pelo dono. Uma avaliação elogia a feijoada, a carne do sol e o bolinho de feijoada, com ressalva ao atendimento.
Boi Bom;-10.9162826538086;-37.0597648620605;Especialidade: churrasco. Avaliações descrevem churrascaria simples e pequena, com comida caseira bem temperada, opções de prato feito e por quilo e atendimento prestativo. Uma avaliação relata copo de vidro rachado e que o refrigerante não foi reposto.
Bolos e Cia;-10.9709005355835;-37.087739944458;Especialidade: doces. Avaliações curtas e positivas, sem detalhes. Uma reclama de encomenda de salgados mistos entregue só com coxinha e de falta de resposta à mensagem.
Bolos e Cia;-10.9000053405762;-37.0524768829346;Especialidade: doces, padaria. Avaliações mistas. Há elogios aos salgados, ao preço e ao lugar para tomar café e fazer encomendas. Várias reclamam de encomendas de bolos e tortas entregues com defeito, manchadas ou mexidas, e de queda no atendimento.
Bolos e Tortas - Caju Cake;-10.9721736907959;-37.0694351196289;Especialidade: doces, doces e padaria. Avaliações elogiam bolos bonitos e saborosos para aniversário e casamento, o atendimento pelo WhatsApp, os preços e a degustação com agendamento. Sem críticas nas avaliações lidas.
Bon Appétit;-10.9106769561768;-37.0488166809082;Especialidade: brasileira. Avaliações mistas de restaurante por quilo no centro. Elogiam a comida, a variedade com sobremesa, a dona e os funcionários atenciosos e a reforma do ambiente. Há reclamações de cobrança do prato pelo preço mais alto da carne, considerada abusiva, e do atendimento de uma funcionária na pesagem.
Bonnadeli;-10.9272255897522;-37.0630970001221;Especialidade: padaria. Avaliações descrevem padaria familiar, pequena e aconchegante, com café da manhã, almoço, sopa elogiada, área externa para sentar e cerveja gelada. Elogiam atendimento e higiene. Uma avaliação critica o pão na chapa pequeno e com pouco recheio.
Boteco Arretado;-10.9788589477539;-37.0485916137695;Especialidade: brasileira. Avaliações elogiam a comida, a cerveja gelada e o preço justo. Descrevem o lugar como pitoresco e aconchegante, com cara de casa de interior.
Boteco Carioca;-10.9330477;-37.0566404;Avaliações descrevem casa climatizada e confortável, não muito grande, com cobrança de entrada conforme a atração e direito a buffet livre. Elogiam a comida, o preço e a cerveja gelada. Citada como opção para almoçar e para curtir a noite.
Boteco Chopp Mania;-10.8950538635254;-37.0801181793213;Avaliações citam som ao vivo, segurança privada e bombeiros civis, bom atendimento e variedade de comidas, bebidas e drinks. Uma avaliação acusa o dono de cancelar shows e não pagar cachê aos músicos quando o público é pequeno, prejudicando quem pagou para assistir.
Boteco da Confraria;-10.9929041862488;-37.0824108123779;Avaliações elogiam o ambiente agradável e bem organizado, a cerveja gelada e o clima para relaxar e se divertir depois do trabalho. Uma cita o lugar como polo cultural dos residenciais.
Boteco da feira;-10.9735102653503;-37.0383491516113;Avaliações situam o restaurante dentro da Feira do Turista, com ambiente agradável e climatizado. A maioria elogia a comida, como moquecas e pastéis, e o atendimento. Uma avaliação relata tapioca emborrachada, garçonetes desatentas, pedido errado e quase uma hora de espera por um prato.
Boteco da Jô;-10.905909538269;-37.0751132965088;Avaliações curtas e positivas, sem detalhes.
Boteco Da Lu Aracaju;-10.9912185668945;-37.050687789917;Especialidade: brasileira. Avaliações mistas. Parte elogia a comida bem temperada, o ambiente bonito e o atendimento. Há reclamações detalhadas sobre moqueca cara e mal preparada, camarão mal limpo, caranguejo magro, pastel de siri com pouco recheio e cobrança dos 10% embutida na conta apesar de anunciada como opcional.
Boteco da Nega;-10.9702281951904;-37.0681190490723;Especialidade: drinks.
Boteco do Célio;-10.9155282974243;-37.0802841186523;Especialidade: drinks. Avaliações descrevem um boteco familiar e casual, com comida caseira saborosa, cerveja gelada, preço bom e atendimento acolhedor. Citam área verde onde crianças brincam, facilidade para estacionar e boa localização.
Boteco do Deco;-10.9342994689941;-37.0749912261963;Avaliações descrevem um bar animado com karaokê e músicas variadas, que vai até de manhã e serve para terminar a noite. Elogiam o atendimento, a cerveja gelada e o clima de diversão. Uma avaliação longa fala dos donos e de cachaças em tom que parece se referir a outro lugar.
Boteco do Dedé;-10.942876;-37.0656853;Avaliações descrevem um barzinho simples, aconchegante e limpo, com cerveja gelada, espetinhos, bons preços e samba ao vivo com feijoada aos sábados. A maioria elogia o atendimento. Há uma crítica dura a atendimento lento e hambúrguer ruim e um pedido para trocarem o espremedor de laranja.
Boteco do Galego;-10.972008228302;-37.0733051300049;Especialidade: drinks. Avaliações curtas e positivas, elogiando o atendimento, a cerveja bem gelada, a comida e o ambiente.
Boteco do Liso;-10.9679288864136;-37.0695209503174;Avaliações curtas e positivas, sem detalhes.
Boteco Do Zé;-11.0078544616699;-37.0894184112549;Avaliações descrevem um lugar agradável e com boa estrutura, com atendimento rápido e atencioso, cerveja gelada, petiscos e caranguejo cozido na hora. Citam preços bons, almoço bem servido para duas ou três pessoas e área para crianças.
Boteco e Restaurante do Guto;-10.971305847168;-37.0455150604248;Especialidade: brasileira. Avaliações divididas. Uma elogia a comida boa, o preço bem abaixo dos restaurantes da orla e o espaço perto da praia. Duas reclamam de higiene, com comida exposta sem cobertura e moscas, inseto encontrado no prato e cobrança mesmo assim, além de troca de itens na entrega.
Boteco Hermes;-10.9340343475342;-37.0624599456787;Avaliações mistas. Citam um bom local com música ao vivo, mas com atendimento demorado por falta de atendentes. Há reclamações de segurança fraca, brigas e bebidas caras. Uma pessoa que usa muletas relata que foi impedida de sentar sem pagar o lounge e tratada com grosseria.
Boteco L&A;-10.906702041626;-37.0695629119873;Avaliações descrevem um boteco aconchegante e familiar, com estrutura nova, cerveja gelada, bons tira-gostos e espetinhos, preço em conta e bom atendimento.
Boteco Original;-10.9431395530701;-37.0827960968018;Avaliações descrevem um boteco com música ao vivo, cerveja gelada, drinks e petiscos, bom para sair com amigos e sempre cheio nos fins de semana. Elogiam o atendimento, os caldinhos e os pastéis. Há críticas ao som muito alto, ao escondidinho pequeno e ao preço do chope sem happy hour.
Boteco Seo Gonzaga;-10.9652953147888;-37.056360244751;Especialidade: drinks. Avaliações em geral curtas e positivas, uma delas citando happy hour e música ao vivo. Há uma reclamação detalhada de atendimento péssimo num domingo, com poucos atendentes, falta de chope, caranguejo e sucos e mais de 90 minutos de espera pelo pedido.
Boteco To Chegando;-10.9214181900024;-37.0683536529541;Avaliações descrevem um boteco com almoço, petiscos e bandas variadas, usado para confraternizações. Garçons são citados como gentis, mas o atendimento fica lento quando a casa enche. Uma avaliação elogia o bolinho de rabada e o pão de alho e critica picanha dura e casquinha de aratu seca. Citam também sol forte ao meio-dia.
Boteco Valentinos Videokê;-10.9142293930054;-37.0706195831299;Avaliações descrevem um boteco familiar e divertido com karaokê muito completo, com músicas antigas e novas, bons microfones e um mini palco. Elogiam os donos, o atendimento e os petiscos. Uma avaliação acha o ambiente familiar, porém sem muito atrativo.
Boteco Vovô Xixiu;-10.9113855361938;-37.0795764923096;Avaliações descrevem um lugar aconchegante, familiar e alegre, com música ao vivo, cerveja gelada, bom atendimento e fácil localização. Indicado por quem quer curtir boa música com tranquilidade.
Boulevard Food Park;-10.9395732879639;-37.0543193817139;Especialidade: fast-food. Avaliações descrevem um pátio de alimentação bonito e de decoração moderna, com vários restaurantes dividindo o mesmo salão, pedido em caixa compartilhado e retirada com pager. Elogiam hambúrguer e hot dog. Uma avaliação achou a pizza de uma das operações boa, mas abaixo do esperado.
Brandy's Bar;-10.9291143417358;-37.0506649017334;Especialidade: drinks. Avaliações elogiam a comida, o almoço de qualidade, a cerveja muito gelada e principalmente o atendimento dos garçons. Há quem ache o preço acessível e quem ache caro demais. Uma avaliação não recomenda a feijoada por vir só com charque.
Bring Burguer;-10.9341101646423;-37.0617580413818;Especialidade: hambúrguer, lanchonete. Avaliações elogiam os hambúrgueres, descritos como suculentos e bem temperados, com carne de ótima qualidade e boas combinações. Destacam a opção vegetariana de grão de bico, a opção kids, o atendimento e a entrega rápida com o lanche ainda quente.
Bristrô Dedé;-11.0148849487305;-37.068510055542;Especialidade: frutos do mar. Avaliações divididas. Parte descreve ambiente familiar para almoço, comida fresca feita na hora, porções generosas, preço justo e donos e atendentes gentis. Outras relatam atendimento despreparado, banheiros sujos e pouca higiene, e uma gestante diz ter sido maltratada após reclamar de arroz estragado.
Britto's Restaurante;-10.99143409729;-37.0509719848633;Especialidade: brasileira. Avaliações descrevem um restaurante simples, limpo e organizado perto da orla, com comida caseira saborosa, pratos executivos de bom custo-benefício e atendimento cordial que se adapta ao gosto do cliente. Citam baião de dois, moqueca de bacalhau, rabada e peixe frito. Uma avaliação achou o frango e a bisteca secos.
Brother's Club;-11.0161061286926;-37.0837841033936;Avaliações descrevem um lugar aconchegante e de decoração descolada para música ao vivo, com público animado, variedade de bebidas e entrada paga em dias de banda. Há críticas a preços acima da média, drinks pequenos, kibe ruim e demora nos pedidos. Uma avaliação relata ter visto o dono ser grosseiro com um garçom.
Brothers Burguer;-10.9738707542419;-37.0478076934814;Especialidade: hambúrguer, pizza. Avaliações divididas. Parte elogia muito os hambúrgueres, grandes e saborosos, a entrega rápida e o atendimento. Outras reclamam de batata com cheddar e bacon mal frita e em pouca quantidade, demora, bacon requentado, carne salgada, cebola empanada ruim e atendimento ruim.
Buda;-11.0818815231323;-37.1295757293701;Avaliações descrevem um ambiente familiar com comida caseira típica no café da manhã e no almoço, cerveja muito gelada e preço justo. Elogiam a moqueca de arraia, a mousse de mangaba, o proprietário que circula pelas mesas e o estacionamento com sombra de árvores.
Buffet Valdice Santos;-10.9223985671997;-37.0540904998779;Especialidade: doces, buffet (rodízio). Avaliações em geral elogiam os produtos, a comida, o atendimento e o preço. Uma cliente que encomendou salgados para um aniversário reclama da qualidade, com pães de queijo ressecados e bolinho duro, e de não ter recebido retorno do buffet.
Burger King;-10.944149017334;-37.0601654052734;Especialidade: fast-food, hambúrguer. Avaliações curtas e positivas, sem detalhes. Uma cita promoção de dois Whoppers por preço especial.
Burger King;-10.9018478393555;-37.0503540039062;Especialidade: fast-food, hambúrguer. Avaliações curtas, em geral positivas, sem detalhes. Uma considera apenas razoável.
Burger King;-10.9453907012939;-37.0485572814941;Especialidade: fast-food, hambúrguer. Avaliações curtas, em geral positivas, sem detalhes. Uma diz que o prédio parece estar caindo aos pedaços.
Caase - Oab;-10.9174451828003;-37.0478916168213;Avaliações descrevem um espaço de atendimento a advogados, com dois auditórios, salas para reuniões, coworking e atividades como pilates e treino de corrida. Uma pessoa reclama de ter sido barrada por estar sem máscara enquanto uma advogada entrou sem problemas.
Cabana da Vera;-11.1058716773987;-37.1491851806641;Avaliações descrevem um local agradável e familiar, com boa comida da culinária local, espetinhos e farofa elogiados. A maioria elogia o atendimento, mas uma avaliação reclama de muita demora e pedidos trocados. Uma sugere pedir com antecedência.
Cabana do Baiano;-11.0254707336426;-37.0751647949219;Avaliações majoritariamente negativas. Reclamam de atendimento ruim, preços muito altos, consumo mínimo de 100 reais, pressão para pagar os 10%, estrutura precária e banheiros sujos, dizendo que o lugar fica vazio. Uma avaliação elogia como cabana de praia, com cerveja gelada, frutos do mar e moqueca de peixe.
Cabra da Peste Espetaria;-10.9289350509644;-37.0505275726318;Avaliações elogiam o atendimento, a variedade de espetinhos, os bolinhos de rabada e de charque, a cerveja gelada e o chope artesanal, em ambiente simples e aconchegante. Uma cita uma feijoada muito bem feita. Há reclamação de um vizinho sobre música ao vivo em volume muito alto todas as noites.
Caca confeitaria;-10.9196033477783;-37.0597629547119;Especialidade: doces.
Cacau Confeitaria;-10.9690175056458;-37.0690059661865;Especialidade: doces. Avaliações curtas e positivas, sem detalhes. Uma pede que o endereço seja corrigido no Google.
Cacimba Boteco e Prosa;-10.9433917999268;-37.0850658416748;Especialidade: drinks. Avaliações descrevem como boa opção para fim de tarde e noite, com música ao vivo, cerveja gelada, drinks e comida bem elaborada, citando o caldo de feijão e a cocada. Elogiam funcionários atenciosos e o ambiente limpo, tranquilo e descontraído, bom para bate-papo com drinks.
Cacique Cha;-10.9129824638367;-37.0506114959717;Avaliações descrevem um restaurante do Sesc no centro, perto da catedral, com self-service à vontade e pratos à la carte bem servidos a preço acessível. Elogiam o local bonito e aconchegante, a comida bem temperada e o atendimento gentil de garçons que são alunos em treinamento.
Cactus Burguer;-10.9275274276733;-37.0572052001953;Especialidade: hambúrguer, brasileira. Avaliações descrevem um lugar simples com hambúrgueres saborosos, ingredientes regionais e preço justo, bom para ir com amigos ou a dois. Uma observa que as mesas ficam na rua à noite e por isso hesita em levar crianças. Outra achou os hambúrgueres apenas ok e o serviço um pouco confuso.
Café da Gente;-10.9175910949707;-37.0477104187012;Avaliações elogiam a comida e o café, as porções generosas e a equipe educada e acolhedora, com atendimento em inglês. Citam o local limpo e confortável ao lado do museu, a flexibilidade com restrições alimentares como vegetarianismo e intolerância à lactose e o ambiente familiar.
Café do Zé Buraqueiro;-10.9770922660828;-37.0703945159912;Avaliações elogiam a comida, os preços bons, o atendimento e a paisagem do rio do Sal. Uma diz que o lugar é razoavelmente limpo e reclama de pessoas mal-educadas no local. As demais são curtas e sem detalhes.
Café Feito A Grão;-10.9459648132324;-37.0482234954834;Especialidade: café. Avaliações descrevem um café dentro de uma livraria no Shopping Riomar, elogiando o café, o bolo de cenoura e a variedade do cardápio, com a possibilidade de ler enquanto se come. Há crítica ao atendimento, considerado bem demorado.
Café Gourmet;-10.9495630264282;-37.064847946167;Especialidade: café. A única avaliação reclama da demora: a casa promete o prato em 10 minutos e ele chega cerca de meia hora depois.
Café Nordestino;-10.9217891693115;-37.0517425537109;Especialidade: brasileira. Avaliações descrevem um restaurante por quilo com ambiente tranquilo e agradável, comida boa e saudável e atendimento elogiado. Duas reclamam que o preço do quilo é alto para a variedade oferecida.
Cafofo;-10.937352180481;-37.0620613098145;Avaliações curtas e em geral positivas, sem detalhes.
Caju de Ouro;-11.0313935279846;-37.0793781280518;Avaliações descrevem um bar de praia tranquilo e confortável, com comida elogiada, preços justos e bom atendimento. Uma achou a isca de frango com pouco tempero. Outra relata que um siri em oferta não estava bom e que foi parar no hospital, apesar de elogiar o atendimento.
Caju Gastrô;-10.948600769043;-37.0599193572998;Avaliações descrevem um espaço amplo e aconchegante com várias opções de comida, estacionamento e show ao vivo de vez em quando, bom para happy hour. Uma elogia em detalhe as batatas recheadas de uma das operações do local. Uma avaliação curta classifica como regular.
Cajueiro dos Papagaios;-11.0157083;-37.0685541;Avaliações elogiam o lugar agradável, a comida e o atendimento, e dizem que é bom para levar a família. Uma critica o atendimento na parte da areia da praia e reclama da cobrança de 10 reais por pessoa na mesa.
Camarada Camarão;-10.9446287155151;-37.0480842590332;Avaliações descrevem um restaurante de rede junto à entrada do shopping Riomar, com cardápio amplo centrado em camarão. Elogiam a comida, a moqueca, o chope gelado e o serviço, e citam pastel de camarão oferecido de cortesia. Dizem que fica movimentado, mas sem muito barulho.
Camarada Camarão;-10.9432682991028;-37.0598201751709;Avaliações elogiam os pratos bem servidos, o camarão grelhado, o pudim, o happy hour das 17h às 20h e o ambiente agradável, e sugerem chegar cedo porque enche. Uma achou o preparo um pouco grosseiro e o ambiente escuro. Outra relata equipe rude e tratamento desigual por causa da cor da pele.
Camarão e Cia;-10.9438414573669;-37.0604152679443;Especialidade: frutos do mar. Avaliações descrevem uma opção de almoço no Shopping Jardins com massas e pratos de camarão bem servidos e de bom preço, elogiados por sabor e molho. Há relato de arroz sem tempero e de pelos na comida, sem oferta de reembolso. O atendimento é descrito como irregular, gentil em alguns turnos e grosseiro em outros.
Camarao Sergipe;-10.9061784744263;-37.0760097503662;Especialidade: frutos do mar, brasileira. Avaliações curtas e positivas, sem detalhes.
Camarote Bar e Restaurante;-10.9334254264832;-37.0639057159424;Avaliações descrevem um restaurante simples de comida caseira, bom e barato, apontado como o melhor custo-benefício da região. Um cliente antigo diz que deixou de frequentar por causa do mau humor de quem monta as quentinhas e das porções cada vez menores.
Campache's Bar;-10.9401302337646;-37.0716819763184;Avaliações elogiam muito a comida, em especial os pastéis, e a cerveja gelada, em ambiente simples e ventilado com mesas na calçada. As críticas são ao atendimento: poucos funcionários para o movimento e espera longa, com relato de 1h30 por pastéis numa sexta à noite. Uma desaprovou a mariscada.
Candidé Grill;-10.9300804138184;-37.0754432678223;Avaliações curtas e positivas, elogiando a comida e o atendimento atencioso e educado da equipe.
Canephora;-10.9454040527344;-37.0485877990723;Especialidade: café. Avaliações descrevem uma cafeteria em quiosque de corredor de shopping, com movimento intenso de pessoas e barulho para conversar. Elogiam a qualidade do café, o atendimento simpático, a palha italiana e o pão. Uma não gostou da torta búlgara.
Cantina Ferreiro;-10.9307045936584;-37.049373626709;Especialidade: italiana. Avaliações curtas e positivas. Uma descreve como restaurante familiar, com boa comida, bom custo-benefício e equipe simpática.
Cantinho Alagoano;-10.9084138870239;-37.0725688934326;Especialidade: brasileira. Avaliações curtas e positivas, elogiando a pizza, de massa fina e crocante.
Cantinho d'Bolos;-10.9321203231812;-37.0554790496826;Especialidade: doces, padaria. Avaliações elogiam os bolos fofinhos e saborosos, a variedade de sabores e o atendimento. Uma informa que o local é pequeno e funciona só para compra e retirada, sem estrutura para consumo. Uma cliente achou os bolos que comprou sem gosto. Outra critica a falta de clareza de uma promoção.
Cantinho da Amendoeira;-10.9357557296753;-37.0664577484131;Avaliações descrevem um bar ao ar livre e arborizado, de ambiente familiar, com cerveja bem gelada, tira-gostos e música ao vivo em volume moderado, bom para ir com família e amigos. Criticam a demora, os poucos funcionários, a cobrança de couvert sem aviso e pedem atenção à comanda.
Cantinho Da China;-10.9708404541016;-37.0661373138428;Especialidade: chinesa. Avaliações curtas. Uma aponta como a melhor comida chinesa de preço baixo e outra diz que o lugar é bem localizado mas que não gostou da comida.
Cantinho da Pizza;-10.992582321167;-37.0712490081787;Especialidade: pizza. Avaliações curtas e positivas, elogiando a qualidade da pizza e citando os sabores frango com catupiry, calabresa e Nutella.
Cantinho do Espetinho;-10.8966913223267;-37.0811557769775;Avaliações elogiam o atendimento, o ambiente familiar, as refeições e as bebidas geladas, com destaque repetido para o espetinho de cupim. Uma menciona ir ao local para assistir a jogos da Copa.
Cantinho Tempero da Netinha;-10.9006595611572;-37.0641250610352;Especialidade: brasileira. A única avaliação com texto elogia o caruru, sem outros detalhes.
Capitão Cook;-10.9681196212769;-37.0364284515381;Avaliações descrevem um bar de visual inusitado e clima praieiro, com música ao vivo, incluindo um show de jazz muito elogiado. Uma crítica diz que os drinks são caros, que as bebidas ficam em isopor, que só há um tipo de comida por dia e que o atendimento é péssimo, apesar do ambiente bonito.
Cariocaju;-10.9736814498901;-37.0384654998779;A única avaliação é negativa e reclama de cardápio limitado e atendimento horrível.
Carne de Sol do Picuí;-10.9332513809204;-37.062219619751;Especialidade: buffet (rodízio). Avaliações curtas e positivas. Uma delas diz que é o melhor restaurante em que já comeu, com serviço de qualidade e bom preço.
Carne de Sol do Ramiro;-10.9338512420654;-37.049955368042;Avaliações curtas, na maioria positivas e uma dizendo regular, sem detalhes.
Carne do Sol da Marizete;-10.9146356582642;-37.0769748687744;Avaliações elogiam a comida caseira, com destaque para a carne do sol assada, pratos bem servidos e preço acessível. Descrevem um local simples e limpo, com bom atendimento, que serve bebida alcoólica, sucos, refrigerantes e sobremesa.
Carrara Food Park;-10.9911279678345;-37.0515441894531;Especialidade: japonesa (sushi), fast-food. Avaliações descrevem um espaço aberto com boa variedade de comidas, como mexicana, pastel e sorvete, a preços acessíveis. Elogiam a comida, o serviço e o clima do lugar. Uma avaliação diz que o ambiente é um pouco quente e outra que no almoço havia só uma opção.
Carro De Bois;-10.9962329864502;-37.0550365447998;Especialidade: frutos do mar, churrasco. Avaliações descrevem um restaurante elegante, mais sofisticado que os da orla turística, com garçons muito atenciosos, sucos frescos e carta de vinhos extensa. A comida divide opiniões: há elogios à carne e relatos de ponto errado e textura decepcionante. Citam preço alto e uma TV ligada em jogo de futebol.
Casa Alema;-10.9457678794861;-37.0487518310547;Especialidade: doces, lanchonete. Avaliações na maioria curtas e positivas, sem detalhes. Uma avaliação longa reclama que a torta nega maluca perdeu qualidade há cerca de dois anos, com massa dura e que não parece feita no dia.
Casa Alemã;-10.9356894493103;-37.0529613494873;Especialidade: doces, francesa. Avaliações elogiam a comida, com destaque para a coxinha, as opções de almoço e sobremesa e o ambiente aconchegante, com área externa de brinquedos para crianças. Há reclamações de equipe pouco acolhedora e de demora na entrega dos pedidos. Uma avaliação acha o lugar um pouco chique e outra considera o preço justo.
Casa Alemã;-10.9967126846313;-37.0564785003662;Especialidade: doces, café. Avaliações descrevem um negócio familiar com bom atendimento, boa seleção de tortas e sopas, ambiente sofisticado e bom para bate-papo. Uma avaliação se frustra porque as atendentes não conheciam strudel, doce que esperava encontrar na casa.
Casa Alemã;-10.9424629211426;-37.0596294403076;Especialidade: doces, lanchonete. Avaliações curtas e positivas. Uma delas diz que são os melhores doces da cidade.
Casa Bauducco Riomar Aracaju;-10.9441986083984;-37.04833984375;Especialidade: café. Avaliações descrevem um café amplo, climatizado e aconchegante, com panetones, bolos, pães e salgados de qualidade, bom para conversar com amigos. O atendimento divide opiniões: há elogios a atendentes atenciosas e relatos de atendente impaciente e demora para anotar o pedido. Também citam falta de itens do cardápio no fim de ano.
Casa Bolo;-10.9093461036682;-37.0747928619385;Especialidade: doces. Avaliações curtas e positivas, sem detalhes.
Casa Café;-10.9836893081665;-37.0533924102783;Especialidade: café. Avaliações descrevem uma cafeteria calma, ampla e aconchegante, boa para um lanche no fim de tarde, com fatias de torta generosas, boas opções de chás e cafés e bebidas sem lactose. A maioria elogia o atendimento, mas uma avaliação relata resposta irônica e pressa de uma pessoa da casa perto do fechamento. Citam poucas vagas de estacionamento.
Casa da Carne e Cia;-10.9718222618103;-37.0456008911133;Avaliações elogiam a qualidade das carnes, o bom preço, a organização da casa e o atendimento.
Casa da Italiana;-10.9488372802734;-37.0597171783447;Especialidade: café. Avaliações elogiam as tortas doces e salgadas, bem servidas, e a gentileza das atendentes. Uma avaliação reclama que a loja se negou a dividir uma fatia e cobra pela embalagem para viagem. Outras, sobre a unidade do bairro Jabotiana, citam ambiente bonito mas quente, com pouco espaço climatizado, e café coado caro. Uma diz que fica no Caju Gastrô.
Casa da Picanha;-10.9730396270752;-37.0374374389648;Especialidade: churrasco. Avaliações elogiam a picanha e a qualidade da carne, a equipe educada e dizem que é bom para ir com crianças. Há opiniões divergentes sobre preço, de bom a alto demais. Também há reclamações de serviço pouco presente, demora da comida e desconforto com a espera pela gorjeta.
Casa de Bolos;-10.9249572753906;-37.0543689727783;Especialidade: doces, padaria. Avaliações são divididas. Há elogios aos bolos, à variedade diária e ao custo-benefício, com quem os considere os melhores da cidade. Há também reclamações de atendimento ríspido e de má vontade, de um bolo encomendado que foi vendido a outra pessoa e de que os bolos já foram melhores e estão doces demais.
Casa de Forró Cariri;-10.9947371482849;-37.0533084869385;Avaliações lidas são de turistas estrangeiros e têm tom misto para negativo. Elogiam garçons simpáticos, decoração tradicional e cerveja gelada, mas há reclamações de comida fria ou mediana, preços altos, serviço falho e falta de opções vegetarianas ou veganas. Citam música ao vivo e ambiente barulhento.
Casa do Burguer - Farolândia;-10.9709753990173;-37.0623378753662;Especialidade: hambúrguer. Avaliações na maioria elogiam o atendimento, o ambiente, os lanches e a batata. Uma avaliação longa é negativa: relata falta de atendimento ao cliente, hambúrguer diferente do divulgado e fora do ponto pedido, batata salgada demais e mesa grudando por falta de limpeza.
Casa do Pará;-10.9670701026917;-37.0372982025146;A única avaliação com texto é negativa: diz que o local não funciona no endereço informado e só faz entregas, reclama do atendimento por mensagem, que parece querer dispensar o cliente, e de preços absurdos.
Casa Lorenzo;-10.9703159332275;-37.0572948455811;Avaliações são divididas. Há elogios ao ambiente bonito, aconchegante e climatizado, à comida por quilo com pratos regionais e brasileiros, à proposta saudável e à equipe amável. Há também reclamações de vinagrete com gosto de estragado, feijão azedo e uma espinha de peixe em panqueca de frango, com resposta insatisfatória do dono.
casadocamaraoaju;-10.985631942749;-37.0541515350342;Avaliações elogiam o camarão fresco e de qualidade, a entrega pontual e o atendimento rápido e educado por WhatsApp, Instagram e presencial. Uma avaliação avisa que quem vai até a loja encontra uma residência, sem aspecto de loja.
Casarão da Praia;-10.9853992462158;-37.0538177490234;Avaliações curtas e positivas. Uma delas diz que é um excelente espaço para confraternizações e pequenos casamentos.
Cascão Mix;-10.8992137908936;-37.0522632598877;Especialidade: açaí, brasileira. Avaliações curtas, na maioria positivas e uma dizendo normal, sem detalhes.
Castelatto;-10.9358096122742;-37.0788421630859;Especialidade: pizza. Avaliações elogiam a pizza, de massa bem feita e bem recheada, a esfirra suculenta, o ambiente agradável, o atendimento e a entrega rápida.
Castelo Confeitaria;-10.932710647583;-37.0793304443359;Especialidade: doces e padaria, doces. Avaliações na maioria curtas e positivas, sem detalhes. Uma avaliação longa relata ter passado mal com dor abdominal forte depois de comer salgados do estabelecimento em duas ocasiões.
Cavaco Chinês;-11.0909061431885;-37.1378974914551;Especialidade: padaria, doces. A única avaliação com texto é curta e positiva, dizendo que espera visitar mais vezes.
CB Osteria;-10.9308748245239;-37.0497646331787;Especialidade: italiana. Avaliações descrevem um dos restaurantes mais sofisticados de Aracaju, numa antiga casa com jardim e piscina, ambiente requintado e aconchegante e som ambiente. Elogiam massas, risotos, lagosta, coquetéis e o atendimento profissional, que adapta pratos a restrições alimentares. Citam preço mais elevado e uma ressalva à consistência de um molho.
Celestinos Bar;-10.9422550201416;-37.0852870941162;Avaliações descrevem um bar pequeno, familiar e acolhedor, com cerveja bem gelada, bons petiscos, TVs grandes para ver futebol, wifi e bom atendimento. Uma avaliação reclama que tudo é cobrado, inclusive o uso da TV, e que o cartão tem valor mínimo e só aceita débito.
Celi Connect Hotel Aracaju Orla;-10.9838180541992;-37.046178817749;Avaliações são divididas. Elogiam a recepção, a estrutura bonita das áreas comuns, o restaurante e o café da manhã variado. As críticas se concentram nos quartos: muito pequenos, sem guarda-roupa nem espaço para bagagem, TV pequena, banheiro mal projetado com pia ao lado da cama, janela que quase não abre e ausência de telefone.
Celi Hotel;-10.9836978912354;-37.045747756958;Avaliações elogiam a limpeza, os quartos confortáveis, a equipe simpática e prestativa, a piscina, a decoração e o café da manhã com música ao vivo. Há crítica forte ao wifi, muito lento, e ressalvas à variedade do café e à piscina, que poderia ser mais moderna. Citam que fica junto a uma via movimentada e que se chega à praia atravessando as dunas.
Central do Cartucho;-10.966516494751;-37.0835952758789;A única avaliação com texto diz apenas que o número de contato está incorreto.
Cervejaria Del-Rei;-10.9360127449036;-37.0592174530029;Avaliações descrevem ambiente tranquilo, organizado e bom para ir com amigos, elogiando o chope e as cervejas de fabricação própria (inclusive opções sem glúten), petiscos, hambúrguer e batata. Atendimento é citado como atencioso e os preços como justos.
Chá Das Cinco Bar;-10.9318475723267;-37.0608081817627;Especialidade: drinks. Avaliações descrevem lugar bonito e sofisticado, com varanda externa, bar interno e palco para shows, elogiado no almoço e pela boa recepção a pessoa com deficiência. Há críticas fortes: garçons que debocharam de cliente ao reclamar de prato reduzido e relato de briga com feridos em noite de sertanejo, com segurança despreparada.
Chácara São Geraldo - Eventos e Descanso;-11.0793876647949;-37.1369132995605;Avaliações descrevem chácara para eventos familiares, empresariais e entre amigos, com piscina, campo de futebol e vôlei, redes, quartos e muita sombra, também reservada para hospedagem. Elogiam proprietários e caseiro. Ressalvas: estacionamento só na rua e acesso difícil, com relato de que Uber e táxi não chegam até lá.
Chau Chau;-10.9422812461853;-37.0595722198486;Especialidade: chinesa, japonesa (sushi). Avaliações mistas sobre restaurante de comida chinesa e japonesa no Shopping Jardins. Há elogios ao hot de salmão, à variedade de sushi e sashimi e ao atendimento. Há críticas duras a talheres sujos, comida fria e pouco fresca, yakissoba sem sabor e rolinho primavera ruim para o preço cobrado.
Che Music Bar;-10.9696846008301;-37.0554523468018;Avaliações curtas e na maioria positivas, sem detalhes. Uma diz que o lugar fica cheio demais.
Cheirin Bão - Shopping RioMar Aracaju;-10.9455542564392;-37.0477466583252;Especialidade: café, lanchonete. Avaliações elogiam o café, o chai latte e o ambiente agradável dentro do Shopping RioMar. Há críticas ao atendimento, visto como fraco por haver poucos atendentes para o volume de pedidos, e um relato de casal mandado sair das cadeiras por uma funcionária pouco antes da abertura no domingo.
Chicano Delivery;-10.9910335540771;-37.0779991149902;Avaliações elogiam a comida, descrita como diferenciada e saborosa, o atendimento e a qualidade dos produtos, citando ambiente confortável e boa localização. Demais avaliações são curtas e positivas.
China In Box;-10.939688205719;-37.0573711395264;Especialidade: chinesa. Avaliações divididas. Parte elogia comida saborosa, bem preparada e pedido entregue corretamente. Outra parte diz que a qualidade caiu muito em relação ao passado, com yakisoba abaixo do esperado e custo alto, e há ressalva ao atendimento inicial. Pratos servem bem duas pessoas.
Chocolamour;-10.9299850463867;-37.0495910644531;Especialidade: doces e padaria, café. Avaliações curtas e positivas. Uma elogia as tortas de chocolate e os salgados.
Chorinho do inácio;-10.9120984077454;-37.0839366912842;Avaliações descrevem lugar familiar e tradicional de chorinho, com boa música, espaço para dançar, comida gostosa e bebida gelada, frequentado também por público da terceira idade. Citam tardes de sábado, ambiente aconchegante e bom atendimento.
Churrascaria Brasa Viva;-10.9712519645691;-37.0656700134277;Especialidade: churrasco. Avaliações elogiam a comida caseira e saborosa e a gentileza dos proprietários, citando carneiro às quintas. Há críticas à higiene no self-service, com pessoas falando sobre a comida e salada descoberta, falta de luvas e de álcool em gel, e queixa de porções menores que antes.
Churrascaria Brasão Nordestino;-10.917498588562;-37.085844039917;Especialidade: churrasco. Avaliações curtas e na maioria positivas, sem detalhes. Uma elogia a sobremesa e outra classifica como regular.
Churrascaria Carne de Sol da Paraíba;-10.9239859580994;-37.0596351623535;Avaliações elogiam a carne de sol, o bode assado, a maminha e os acompanhamentos regionais, além de garçons atenciosos, comida que sai rápido e preços justos. Descrevem ambiente acolhedor, limpo e organizado, com estacionamento em frente e pratos executivos bons e baratos.
Churrascaria Cinco Estrelas;-10.9074831008911;-37.0508556365967;Especialidade: churrasco. Avaliações descrevem lugar agradável e para a família, com comida variada e saborosa e música ao vivo sem cobrança de couvert, incluindo forró pé de serra nos fins de semana. Citam dono presente e atento ao atendimento.
Churrascaria e Pizzaria Dom Pedro I;-10.9042096138;-37.0879955291748;Especialidade: churrasco, pizza. Avaliações curtas e positivas, sem detalhes.
Churrascaria Espeto Do Sul;-11.0060110092163;-37.0888633728027;Especialidade: churrasco. Avaliações em sua maioria negativas e ligadas ao delivery: demora de quase duas horas, comida fria, pedido violado e incompleto e falta de retorno do restaurante. Uma avaliação elogia a comida e o churrasco com preço justo.
Churrascaria Filé do Boi;-10.9256429672241;-37.0764636993408;Especialidade: churrasco. Avaliações descrevem lugar simples, ventilado e sem climatização, com churrasco e acompanhamentos saborosos, porções bem servidas e preço acessível, bom para grupos ou prato feito. Elogiam o atendimento e o doce de leite. Uma ressalva é a falta de cardápio com opções e preços.
Churrascaria Minuano;-10.9106786;-37.07266;Especialidade: buffet (rodízio), churrasco. Avaliações descrevem ambiente simples e climatizado, com churrasco e buffet por quilo, comida de bom sabor e preços bons. O atendimento é o ponto mais elogiado, descrito como gentil e atencioso.
Churrascaria Paisano;-10.9478273391724;-37.05784034729;Avaliações curtas e positivas descrevem lugar espaçoso, bom para ir com amigos, com boa variedade de comida e música ao vivo. Uma ressalva é a demora da comida japonesa.
Churrascaria Pampa;-10.9396133422852;-37.0800704956055;Especialidade: churrasco, pizza. Avaliações curtas e positivas, sem detalhes. Uma elogia a carne.
Churrascaria Pirulito;-10.9402685165405;-37.0790557861328;Avaliações elogiam o churrasco bem servido e o tempero, o atendimento e o churrasqueiro educado. Descrevem ambiente familiar, tranquilo, limpo e organizado.
Churrascaria Praia;-10.9917392730713;-37.0510635375977;Especialidade: brasileira, churrasco. Avaliações mistas. Elogiam localização, ambiente aconchegante, atendimento e pratos como camarão ao molho de ervas e alcatra, com preços interessantes. Criticam a pouca variedade de carnes na churrasqueira e o buffet exposto em pequenas quantidades, com um relato de experiência muito decepcionante perto do fim do horário.
Churrascaria Recanto das Árvores;-10.9026045799255;-37.0648403167725;Especialidade: churrasco. Avaliações elogiam o atendimento dos proprietários e funcionários, a carne, o escondidinho de aipim, a cerveja gelada e os preços populares. Descrevem ambiente externo bem ventilado. Uma avaliação pede mais opções de cardápio e de cerveja.
Churrascaria São Judas;-10.9033975601196;-37.0731010437012;Especialidade: churrasco. Avaliações divididas. Há elogio ao ambiente limpo, comida saborosa, preço justo e equipe educada. Há reclamações de atendimento: recusa em fornecer embalagem para separar itens da quentinha, erro em pedido de bebida com culpa atribuída ao cliente, pratos retirados antes do fim e cobrança de 10% em self-service com deboche de quem recusa.
Clash Pub n´ Restaurant;-10.9296817779541;-37.0536575317383;Avaliações curtas e positivas, sem detalhes. Uma elogia a parte musical.
Clube Da Tapioca;-10.9357166290283;-37.0827770233154;Especialidade: lanchonete. Avaliações curtas e positivas elogiam a tapioca e o hambúrguer.
Cnet;-10.978120803833;-37.0482997894287;Avaliações tratam de lan house e assistência de informática, com espaço para jogos em rede, xerox e técnicos. Parte elogia atendimento atencioso e preços justos. Parte reclama de atendimento arrogante e displicente e de um erro com cópias e documento esquecido.
Coco Up;-10.9312782287598;-37.0548458099365;Uma única avaliação, que elogia o coco espumante.
Comida Caseira do Edinho;-10.916410446167;-37.0860157012939;Especialidade: brasileira. Avaliações curtas e positivas, sem detalhes.
Comida Caseira do Jorrinho;-10.9712138175964;-37.0718212127686;Especialidade: brasileira, pizza. Avaliações elogiam as pizzas, em especial a de costela no bafo, a massa leve e crocante, a entrega quentinha e a embalagem que valoriza a cultura local. Uma avaliação elogia o atendimento atencioso, outra reclama de atendimento muito ruim e desorganização no salão e sugere que a casa funcione só por delivery.
Comida Caseira do Silvio;-10.9079093933105;-37.0615577697754;Especialidade: brasileira. Avaliações curtas e positivas, sem detalhes. Uma delas indica que achou caro.
Companhia da Pizza;-10.9300470352173;-37.0518283843994;Especialidade: pizza. Avaliações elogiam a pizza saborosa e a rapidez no preparo. Há críticas ao espaço na calçada, que não passa conforto nem segurança e leva um avaliador a preferir pedir para viagem, a atendentes pouco cordiais, ao preço um pouco acima do padrão da cidade e à falta de orégano nas pizzas. Uma avaliação se refere à loja do Shopping Jardins.
Companhia do Pão;-10.9334726333618;-37.0547580718994;Especialidade: padaria, doces e padaria. Avaliações curtas e positivas. A única com detalhe elogia o pão e o atendimento, mas diz que o pão estava um pouco frio e não tão fresco às 8h.
Complexo Paió Food park;-10.9844760894775;-37.0531158447266;Especialidade: drinks, japonesa (sushi). Avaliações descrevem um complexo bonito, arborizado e agradável, com várias opções de comida, estacionamento e clima bom para casais e famílias. Elogiam a pizza e o café da manhã da cafeteria do local, com cuscuz e atendimento atencioso. Uma avaliação relata experiência decepcionante na cafeteria, com atendente desatenta e cappuccino aguado.
Confeitaria Kadoce - Aracaju;-10.8977637290955;-37.0872211456299;Especialidade: doces, padaria. A única avaliação elogia o sabor e a decoração impecável dos produtos e recomenda.
Confeitaria Lau e Cia;-10.9196734428406;-37.077054977417;Especialidade: doces. Uma avaliação longa reclama de encomenda feita por venda online, com falta de informação, torta salgada sem recheio e queimada no fundo e bolo com pouco recheio, salvando-se em parte os doces e salgados. A outra é um elogio curto.
Confraria do Cajueiro;-10.9544959068298;-37.0619812011719;Especialidade: brasileira. Avaliações curtas, em geral positivas, citando boa comida e bom ambiente, sem detalhes. Uma avalia como regular.
Conservatorio de Música de Sergipe;-10.9174342155457;-37.0518741607666;Avaliações são de alunos e descrevem uma escola de música, apontada como a melhor do estado, com prédio bonito, cursos técnicos para crianças, adolescentes e adultos e professores dedicados. Uma delas menciona recursos escassos para a manutenção do prédio.
Container Dvinis;-10.9908180236816;-37.0512371063232;Especialidade: churrasco, drinks. Avaliações apontam como um dos melhores lugares para carne em Aracaju, com ponto certo, bons acompanhamentos, donos e equipe atenciosos, ambiente agradável e banheiros limpos. Por ser aberto, às vezes há moscas. Há reclamações de espera de 50 minutos por um prato que chegou queimado e de falta de apoio da casa num problema de entrega pelo iFood.
Conversa Fiada;-10.9728174209595;-37.037015914917;Especialidade: brasileira. Avaliações curtas e positivas ou neutras, sem detalhes.
Corno Velho Atracador;-10.9841146469116;-37.0452747344971;Avaliações descrevem restaurante na Orla de Atalaia com decoração que remete à história do Nordeste, espaço kids e lojinha de produtos locais. Elogiam moqueca e carne de sol e o atendimento de alguns garçons. Há críticas a porções pequenas, preços salgados, sobremesas fracas e serviço lento, com um só garçom e pratos servidos fora de sincronia.
Costela do Alemão;-10.9362740516663;-37.0610580444336;Especialidade: japonesa. Avaliações curtas e positivas, sem detalhes.
Costelão do Mestre;-10.9319648742676;-37.0673713684082;Especialidade: churrasco. Avaliações elogiam o churrasco e apontam a costela no bafo como a melhor de Sergipe. Uma avaliação não recomenda, reclamando de falta de profissionalismo ao pedir solução para um erro em pedido por aplicativo de entrega.
Cozinha Nativa;-10.9668674468994;-37.0456485748291;Avaliações elogiam a comida, citando ostras frescas, parmegiana, cerveja gelada, marmitas fit e bom atendimento. Há críticas à apresentação dos pratos, ao som muito alto e a um cliente que encontrou a casa fechada às 11h20.
Cúrcuma Amor e Sal;-10.8812685012817;-37.0825519561768;Especialidade: hambúrguer, lanchonete. As duas avaliações elogiam o hambúrguer gourmet e o lanche, chamando de o melhor da cidade, sem mais detalhes.
Cuscuz Mania;-10.942946434021;-37.0835418701172;Avaliações curtas e positivas, sem detalhes.
Dallas choperia e petiscaria;-10.9416694641113;-37.0739574432373;Avaliações descrevem bar temático de Velho Oeste, animado e confortável, com roupas para fotos, música ao vivo que dificulta a conversa e muitos drinks. Elogiam pão de alho recheado, batata frita, churrasquinho barato e bebidas em promoção. Hambúrgueres são considerados caros. Uma avaliação diz que o espaço não é totalmente acessível, mas que a equipe se esforça e acolhe bem.
Darin Choperia;-10.9684114456177;-37.0394840240479;Especialidade: brasileira. Avaliações descrevem bar amplo e bonito, com espaço kids, chope bem gelado, happy hour com bons preços e petiscos elogiados, como pastel e escondidinho de camarão e risotos. Há críticas ao atendimento quando a casa enche, à música alta demais, a porções pequenas e a uma picanha de preço alto que veio fina e passada.
Davi;-10.94455909729;-37.0683574676514;Avaliações descrevem um barzinho aberto e arejado, com área coberta e telões para futebol, bom para cerveja gelada no fim do expediente. Elogiam petiscos como coxinha de carne de sol e empadinhas, preços justos e atendimento bom mesmo com a casa cheia. Há crítica aos banheiros e à proteção fraca em dias de chuva com vento.
Dedinho de Prosa Beach Bar;-11.0517039299011;-37.0922698974609;Avaliações descrevem bar de praia com boa estrutura: mesas dentro e fora da areia, duchas, brinquedos e piscininhas para crianças, cadeiras e sombreiro sem cobrança. Elogiam o atendimento dos garçons e a comida a preço justo. Há ressalvas ao som alto e a pratos que pedem mais capricho.
Dedinho Prosa;-10.9305257797241;-37.0588626861572;Especialidade: drinks, espanhola. Avaliações descrevem um bar querido por frequentadores, com cerveja gelada, bons drinks, caldinhos, espaço kids e garçons elogiados pelo nome. Uma avaliação destoa e relata atendimento desastroso num dia, tendo que chamar três garçons e recebendo a conta sem o preço de happy hour.
Del canto Hotel;-10.9693250656128;-37.0543804168701;Avaliações descrevem hotel em local tranquilo, perto de shopping e praias, confortável, organizado e com funcionários gentis. Uma aponta que os chuveiros precisam de melhoria e outra o considera um hotel comum, sem nada de especial.
Del Rey Confeitaria;-10.9335308074951;-37.0592746734619;Especialidade: doces e padaria, doces. Avaliações elogiam salgados, coxinhas, bolos e biscoitos, apontados como os melhores da região, além do atendimento e da entrega rápida e bem embalada. Todas são positivas.
Deli Jardins;-10.9402627944946;-37.0578784942627;Especialidade: lanches. Avaliações são mistas. Há elogios ao café da manhã básico, ao ambiente tranquilo, ao atendimento cordial e a caldos, bolos, pães e comidas típicas no jantar. Há reclamações de coxinha estragada, com suspeita de salgados do dia anterior vendidos no domingo, de ambiente mal iluminado e de preços altos nas gôndolas.
Deli Jardins;-10.9346675872803;-37.0520763397217;Especialidade: lanches. A única avaliação descreve lugar calmo e tranquilo para um café, um lanche ou uma cerveja, com funcionários simpáticos e bom serviço.
Deli Pães Padaria e Delicatessen;-11.0031485557556;-37.0842266082764;Especialidade: padaria, café. A avaliação com mais detalhe descreve bom lugar para café da manhã, limpo e climatizado, com comida saborosa e bem servida e equipe simpática, mas com espera um pouco longa porque enche e a comida é feita na hora. As demais são curtas, em geral positivas, e uma avalia como regular.
Deli Pizza e Açaí;-10.89919090271;-37.0742168426514;Especialidade: pizza. Avaliações se dividem. Duas curtas elogiam a pizza. Três relatam problemas sérios em pedidos por entrega: pizza trocada e crua, informações desencontradas, telefone que ninguém atende e recusa em devolver o dinheiro. Duas delas dizem que o dono foi mal educado, gritou ao telefone e ofendeu e humilhou os clientes.
Delicatessen Augusto Franco;-10.9749765396118;-37.0651512145996;Especialidade: lanches, doces. Avaliações descrevem local agradável, com comida bem servida, atendimento de primeira e facilidade para estacionar, citando tapioca recheada, cuscuz e suco de laranja. Uma avaliação alerta para a qualidade dos produtos, dizendo que itens de produção própria e industrializados muitas vezes estão mofados ou estragados.
Delicatessen Brioche;-10.9344010353088;-37.0571155548096;Especialidade: lanches. Avaliações descrevem delicatessen com buffet por quilo de café da manhã e almoço, salgados e doces, ambiente agradável e preço bom para a região. Elogiam a comida e uma funcionária em especial. Há críticas à pouca variação do cardápio, a buffet desabastecido nas primeiras horas e a uma cliente que só soube na hora de pagar que a casa não aceitava Pix.
Delicatessen Nossa Senhora do Socorro;-10.9751377105713;-37.0413761138916;Especialidade: padaria. Avaliações curtas, em geral positivas, com um elogio ao pão de queijo e uma nota regular, sem mais detalhes.
Delicatessen São José;-10.9253005981445;-37.0515098571777;Especialidade: padaria, lanchonete. Avaliações elogiam o ambiente, os funcionários gentis e as opções de café da manhã, lanche, almoço e jantar a preço justo, citando pão com queijo coalho na chapa e sonho de goiabada. Uma avaliação avisa que o suco de frutas é feito com salada de frutas pronta batida com suco de laranja, e não com fruta cortada na hora.
Delicatessen Trigo & Art;-10.9293193817139;-37.0579853057861;Especialidade: lanches. Avaliações elogiam o café da manhã, as comidas bem elaboradas, o atendimento e o ambiente refrigerado, com buffet de boa variedade para uma refeição simples. Há ressalva de que o salão fica apertado quando cheio e de que o atendimento demora por ter poucos atendentes.
Delícias do Pão;-10.9738392829895;-37.0703964233398;Especialidade: padaria. Avaliações divididas. Parte elogia o pão, a qualidade dos produtos, a limpeza, os preços e o atendimento da padaria. Há reclamações graves de higiene, com relato de pedaço de barata em um pão e de rato visto dentro do estabelecimento.
Della Cozinha;-10.9333248138428;-37.0557327270508;Avaliações descrevem ambiente descolado e agradável no quintal de uma casa reformada que funciona como mini galeria, com decoração rústica e música ambiente. Elogiam atendimento rápido e gentil, porções fartas, drinks e a variedade de opções veganas. Uma avaliação diz que os pratos são mais bonitos do que saborosos e que um deles veio seco.
Delta Expresso;-10.9463534355164;-37.0752372741699;Especialidade: café. Avaliações descrevem cafeteria dentro de loja, com mesas grandes com tomadas para trabalhar e poltronas. Elogiam o atendimento, os sanduíches e a degustação de cafés. Há críticas a preços altos, sanduíches pequenos e pouco recheados, a uma massa ruim e ao café ácido, além de barulho da rampa de acesso ao lado.
Deltaexpresso;-10.9450306892395;-37.0472393035889;Especialidade: café. Avaliações descrevem café no Shopping RioMar bom para um café e uma conversa reservada, com cafés gostosos, bons preços e wi-fi gratuito mediante cadastro. Elogiam o atendimento e o acolhimento de uma funcionária. As demais são curtas e positivas, sem detalhes.
Deltaexpresso Coffee Convenience Store;-10.9461698532104;-37.0750370025635;Especialidade: café. Avaliações descrevem cafeteria dentro de loja, com mesas grandes com tomadas para trabalhar e poltronas. Elogiam o atendimento, os sanduíches e a degustação de cafés. Há críticas a preços altos, sanduíches pequenos e pouco recheados, a uma massa ruim e ao café ácido, além de barulho da rampa de acesso ao lado.
Depósito de bebidas Nené;-10.8870539665222;-37.0619716644287;Avaliações curtas e positivas, que citam cerveja boa, preço e atendimento, sem mais detalhes.
Deposito De Bebidas Saturno;-10.9540061950684;-37.0662899017334;Uma única avaliação, curta e positiva, sem detalhes.
Deppan;-10.959400177002;-37.0551128387451;Especialidade: chinesa. Avaliações apontam como o melhor restaurante chinês da cidade, com comida saborosa, porções grandes, bom preço e equipe simpática. Uma delas diz que serve para casais, família, amigos, crianças, reuniões de negócios e comemorações.
Desfrute;-10.9703001976013;-37.0373363494873;Avaliações tratam o lugar como motel, com tom misto. Três são curtas e sem detalhes. As detalhadas reclamam de colchão ruim, banheira sem água quente, pernoite caro sem café da manhã, cobrança à parte por lençol e preservativo e valor cobrado a mais. Um avaliador diz que havia gostado em visita anos antes.
Dhomus Lounge;-10.9381265640259;-37.0596408843994;Avaliações descrevem salão de festas climatizado, bonito e aconchegante, usado para aniversários, casamentos, festas de 15 anos, formaturas e confraternizações de pequeno e médio porte. Elogiam o salão amplo, a cozinha, o bar, os banheiros e a localização perto do Shopping Jardins, com praça em frente que facilita estacionar.
Di Belle Pizzaria;-10.9900393486023;-37.0767917633057;Especialidade: pizza. Avaliações curtas e positivas. A única com detalhe elogia o atendimento e as sugestões de pizza dadas por um funcionário.
Di Maré Bistrô;-10.9320249557495;-37.0496387481689;Avaliações elogiam o ambiente, a comida e o preço justo, com destaque para a moqueca de camarão e para as sobremesas, como pavês e pudim com goiabada. Citam atendimento personalizado e uma delas diz que a direção mudou e trouxe melhorias.
Di Vino Vinho e Gourmet;-10.9313068389893;-37.048900604248;Avaliações descrevem um dos restaurantes mais sofisticados de Aracaju, procurado para jantares românticos e comemorações de casal, com decoração, atendimento e pratos fartos elogiados e adega apontada como a melhor da cidade. Há ressalvas pontuais: pouca flexibilidade para trocar o espumante do pacote romântico e camarão servido com cabeça apesar do preço.
Disk China;-10.9427099227905;-37.0797023773193;Especialidade: chinesa, japonesa (sushi). Avaliações tratam principalmente de delivery de comida chinesa e japonesa. Elogiam os sushis, os sashimis frescos, os preços em conta e o aplicativo próprio de pedidos. Há reclamações fortes de demora na entrega, de duas a três horas, e de não atenderem o telefone.
Disk Delicias;-10.9339933395386;-37.0600719451904;Especialidade: doces e padaria, brasileira. Avaliações de tom misto sobre uma doceria. Há elogio aos sabores, à variedade e ao atendimento. Outras dizem que a qualidade de uma torta caiu, que as tortas são diferentes das de outra unidade e que o local parece voltado a encomendas e delivery, não sendo ideal para tomar café ali.
Doce Acaso;-10.9319753646851;-37.0563354492188;Especialidade: café, doces e padaria. Avaliações descrevem cafeteria pequena, confortável e tranquila, com cardápio variado de doces e salgados muito elogiado e bom atendimento. A ressalva recorrente é o espaço: poucas mesas e próximas umas das outras, espera para sentar e atendimento mais lento quando cheio, não sendo ideal para grupos grandes.
Doce Aju;-10.9684762954712;-37.0377521514893;Especialidade: doces, padaria. Avaliações em maioria curtas e positivas. Uma elogia bolos e tortas saborosos e de qualidade. Outra reclama de bolo encomendado que veio diferente do pedido, duro e sem sabor, e de a loja não ter se interessado em resolver.
Doce Lembrança Confeitaria;-10.9285349845886;-37.047004699707;Especialidade: doces. Avaliações elogiam o ambiente agradável e confortável, o atendimento e os pratos executivos de almoço, com o detalhe de uma toalhinha úmida perfumada oferecida aos clientes. Uma avaliação acha que o foco da casa parece ser mais os congelados do que o consumo no local. As demais são curtas e positivas.
Doce Sabor;-11.0079822540283;-37.0875034332275;Especialidade: buffet (rodízio), sorvete. Avaliações curtas e positivas. A única com detalhe descreve buffet de almoço aberto todos os dias, com carnes e uma grande seleção de pratos vegetarianos, incluindo pratos regionais, e o recomenda para vegetarianos.
Dom PedroI;-10.9048466682434;-37.0881443023682;Especialidade: churrasco, pizza. Avaliações curtas e positivas, sem detalhes.
Domino's;-10.994873046875;-37.0533046722412;Especialidade: pizza. Avaliações elogiam o sabor das pizzas, a variedade e o pastel de churros, e uma delas descreve atendimento caloroso e prestativo. Duas apontam mesas sujas de clientes anteriores e uma pede melhora no atendimento de balcão, que foi confuso e demorado. Uma acha a pizza boa, mas nada de excepcional.
Don José Pizzaria e Restaurante;-10.9229650497437;-37.057710647583;Especialidade: pizza. Avaliações elogiam as pizzas, os preços justos e o ambiente, com área interna climatizada e área externa com vista para a avenida. O tom é misto no serviço: há elogios à equipe, mas também relatos de poucos atendentes, pizza com mais de uma hora de espera em dia cheio, acústica ruim e de um gerente ou dono descrito como arrogante e mal-educado.
Don Rafael;-10.9380054473877;-37.0531845092773;Especialidade: brasileira. Avaliações descrevem restaurante e bar agradável, com happy hour que vale a pena, feijoada à vontade aos sábados e comida saborosa. O atendimento divide opiniões: há elogios aos garçons, mas também relato de demora e pedidos esquecidos em dia de jogo e de gerente arrogante. Uma avaliação diz que o público é padrão do bairro e que quem foge do padrão recebe olhares.
Donn Gourmet;-10.9283638000488;-37.0601482391357;Especialidade: japonesa (sushi), japonesa. Avaliações curtas e positivas, sem detalhes.
Donuts da Jô - Aracaju;-10.9162693023682;-37.0643615722656;Especialidade: doces, padaria. Avaliações elogiam os donuts bem recheados, os doces especiais, o atendimento e a entrega, tratando o lugar como venda por pedido. Uma avaliação reclama que o horário informado não é confiável e que o local está sempre fechado mesmo constando como aberto no Google.
Draga;-10.9669551849365;-37.0454807281494;Avaliações descrevem bar simples e tranquilo, sem luxo, com varanda ventilada, chão de brita, mesas de plástico e piscinas infantis, que lota no sábado. Elogiam o caranguejo e garçons amáveis. Há quem ache as bebidas um pouco caras e um relato de quase duas horas de espera por um prato de almoço que não chegou, com atendimento desorganizado.
Duna Beach Restaurant Bar;-11.1053981781006;-37.1293258666992;Especialidade: italiana. Avaliações descrevem beach club à beira-mar, com clima animado, música, boa estrutura e drinks, apontado como ótimo lugar para passar o dia na praia. Elogiam garçons atenciosos. O tom é misto em preço e serviço: há quem ache os preços bons e quem os ache altos para a região, com serviço lento, caranguejo com pouca carne e risoto mediano. Costuma lotar e recomendam chegar cedo.
Edificio Mansao Aloisio Campos;-10.9658432006836;-37.0542182922363;Avaliações descrevem um condomínio de apartamentos residenciais, comentando a planta ampla dos apartamentos e a estrutura mediana do condomínio, com piscina, churrasqueira pequena e playground. Dois avaliadores ironizam o uso do nome mansão.
Eisenbahn;-10.9778127670288;-37.0412578582764;Uma única avaliação, que elogia a comida, o atendimento e a rapidez no preparo dos pratos, destaca um bolinho de camarão crocante e cremoso e diz que fica perto da entrada do Projeto Tamar.
El Kalango;-10.9700422286987;-37.0580711364746;Especialidade: hambúrguer. Avaliações muito positivas sobre os hambúrgueres artesanais, o açaí, as pizzas e os pastéis, com preço justo, promoções e combos. Uma delas descreve o local como bem aconchegante e bom para ir em família.
El Kalango;-10.9119071960449;-37.0724773406982;Especialidade: hambúrguer, açaí. Avaliações curtas e positivas, sem detalhes.
El Turko;-10.9927701950073;-37.0517559051514;Avaliações elogiam o kebab e os lanches turcos feitos pelo dono, que é turco, o atendimento acolhedor, o preparo rápido e os preços. Descrevem o local como simples e aconchegante, com vista da orla da Atalaia e pet friendly. Uma avaliação critica a opção vegetariana mal preparada e a falta de molhos, mas diz que é barato.
Elite Grill;-10.9706239700317;-37.0647296905518;Especialidade: pizza. Avaliações descrevem um restaurante de bairro limpo, climatizado e confortável, com almoço e pizza à noite, bom para ir com amigos e sem lotação. Elogiam o garçom e o atendimento. As opiniões sobre a comida vão de boa a apenas aceitável, o preço é apontado como o mais alto do bairro e há reclamação de entrega que levou quase duas horas e chegou fria.
Empório Nordestino;-10.942271232605;-37.0809574127197;Especialidade: brasileira. Avaliações descrevem um self-service de almoço com comida de gosto caseiro, boa variedade e churrasco na brasa. Elogiam o atendimento rápido, os proprietários receptivos, o ambiente limpo e arejado, o fácil acesso e o preço acessível.
Empório Seu Bento - Beira Mar;-10.9678854942322;-37.0536251068115;Especialidade: padaria, café. Avaliações curtas e positivas, uma delas citando como bom lugar para um lanche.
Emporio Va Bene;-10.9483613967896;-37.0651111602783;Especialidade: italiana. Avaliações citam como opção frequente de almoço, com comida boa, preço justo, pratos do dia e pizzas mais em conta, bom tempo de preparo e atendimento elogiado pela maioria. Uma avaliação reclama de atendimento péssimo e má vontade no caixa em um domingo e diz que não volta.
Empórium do Espetinho;-10.9715814590454;-37.0721092224121;Avaliações curtas e positivas mencionam música ao vivo, boas bebidas, comida e atendimento, e citam como bom lugar para ir com a família.
Emporium Jardins;-10.9376068115234;-37.0635890960693;Especialidade: lanches. Avaliações curtas e positivas, uma delas citando boa oferta de vinhos de vários países.
Enjoy Hostel e Pousada;-10.9907693862915;-37.0538311004639;Avaliações são mistas. Há elogios à decoração artística, ao jardim, ao café da manhã, às funcionárias e ao proprietário, com relato de quem foi hóspede e voluntária e fez amigos. Há também críticas a quarto com mau cheiro, animais em cima das mesas, falta de sabonete nos banheiros, comida sumindo da cozinha, atendimento grosseiro na recepção e preço alto pelo que oferece.
Eskilo Restaurante | Self-Service | Comida Caseira | Aracaju;-10.9439344406128;-37.0635623931885;Especialidade: brasileira. Avaliações descrevem um self-service de almoço com grande variedade, saladas, comida saborosa e atendimento e pagamento rápidos. Duas avaliações criticam a higiene, relatando uso da mesma faca e tábua para carne crua e assada, cheiro azedo em saladas, itens queimados e carne mal passada, e uma delas diz que não volta.
Espaço Cigari;-10.9107765;-37.0760174;Avaliações curtas e sem detalhes, uma positiva e outra de quem diz não conhecer bem o lugar.
Espaço Gourmet JFC;-10.9484481811523;-37.0649394989014;Avaliações descrevem um espaço charmoso, elegante e acolhedor, em ambiente coberto e bem frequentado, com cardápio variado de opções saudáveis.
Espaco Mestre Cervejeiro.com;-10.9304819107056;-37.0527973175049;Avaliações descrevem uma loja de cervejas artesanais para viagem que também tem espaço para consumo no local, com boas IPAs e chope artesanal na torneira e petiscos como bacon no copo. Uma avaliação aponta pouca variedade e atendimento com pouca empatia do vendedor, mas ainda assim recomenda.
Espaço Requinte Aracaju;-10.8896427154541;-37.0909252166748;Avaliações descrevem um salão de festas climatizado e bem organizado para aniversários e comemorações, com espaço para buffet, som próprio, cadeiras e fácil localização. Elogiam a estrutura e os proprietários. Uma avaliação aponta que a fresta da porta da cabine do banheiro deixa ver quem está dentro.
Espaço Sobre as Ondas - Eventos;-10.9822244644165;-37.0435428619385;Avaliações descrevem um espaço de eventos bem localizado, amplo, climatizado e bem dividido, com palco para shows e estacionamento amplo, citado como acolhedor em evento de premiação. Uma avaliação curta classifica como regular.
Espaço Vida Saudável Fabí e Cláudio;-10.9163112640381;-37.0492820739746;Avaliações descrevem um espaço agradável, acolhedor e relaxante para tomar shakes e chás Herbalife e lanches fit, com variedade de produtos. Elogiam o atendimento, a conversa com o proprietário e a companhia dos frequentadores.
Espetinho Aju;-10.9292306900024;-37.0759868621826;Especialidade: hambúrguer e grelhados, árabe. Avaliações curtas e positivas citam petiscos e música ao vivo. Uma diz que é bom, mas caro.
Espetinho Caduda;-10.9681406021118;-37.0876502990723;Avaliações curtas e positivas, sem detalhes.
Espetinho da Cida;-10.9443640708923;-37.062593460083;Especialidade: árabe. Avaliações elogiam os espetinhos, a carne suculenta no ponto pedido, a farofa crocante, o vinagrete e o custo-benefício, e descrevem o lugar como fresco e com cardápio variado. Uma avaliação avisa que o atendimento pode demorar quando a casa está cheia.
Espetinho Do Cabeça;-10.990650177002;-37.0503120422363;Especialidade: churrasco. Avaliações elogiam o espetinho, que acompanha farofa no copinho, e informam que há bebida à venda no local.
Espetinho do Chapelão;-10.9427561759949;-37.0827045440674;Avaliações curtas e positivas, elogiando o atendimento.
Espetinho Do Kekeu;-10.9218797683716;-37.0604839324951;Avaliações descrevem um espetinho casual de rua, bom para encontrar amigos e tomar cerveja gelada depois do expediente, com preços baixos, carne elogiada e proprietário acolhedor. Contam que usa a estrutura e os sanitários do bar do outro lado da rua.
Espetinho do Luizão;-10.9691643714905;-37.0700759887695;Avaliações elogiam os espetinhos de carne, frango, medalhão e camarão, o preço justo e o ambiente e atendimento agradáveis. Uma delas conta que com a casa cheia o atendimento ficou confuso no início e depois melhorou muito.
Espetinho do ninho;-10.9681358337402;-37.0683784484863;Avaliações descrevem um lugar familiar e tranquilo, com bom atendimento, garçom atencioso, comida de qualidade, cerveja gelada e música.
Espetinho do Roberto;-10.9138307571411;-37.0482406616211;Avaliações elogiam o tempero, os espetinhos, o preço baixo e a cerveja gelada, e descrevem um lugar calmo e agradável na praça, especialmente em datas comemorativas quando ela é enfeitada. Uma avaliação acha que os espetinhos poderiam ser maiores e o atendimento melhor.
Espetinho Do Rodrigo;-10.9702262878418;-37.0681171417236;Especialidade: drinks. Avaliações elogiam o espetinho simples e saboroso, a carne macia, os petiscos, a cerveja bem gelada e o atendimento, e descrevem o ambiente como familiar.
Espetinho Dos Amigos;-10.9737639427185;-37.069917678833;Avaliações elogiam o espetinho, a cerveja sempre gelada, o preço acessível, o atendimento e a recepção, e descrevem o local como agradável.
Espetolândia;-10.9700651168823;-37.0573463439941;Especialidade: hambúrguer e grelhados, drinks. Avaliações elogiam os espetinhos bem feitos e com várias opções, o custo-benefício, o atendimento educado e o proprietário atencioso com os clientes.
Espetos Jardim Bahia;-10.883129119873;-37.0857028961182;A única avaliação é curta e afetuosa, sem detalhes sobre o lugar.
Espettos happy hour;-10.9397039413452;-37.0718250274658;Especialidade: hambúrguer e grelhados. Avaliações elogiam os espetinhos, os drinks, petiscos e caldinhos e indicam o lugar para happy hour. As opiniões divergem sobre a cerveja, gelada para uns e quente e com pouca variedade para outro. Há queixa de preços altos, de barulho do trânsito e de mesas da calçada ignoradas, com espera de cerca de uma hora por falta de funcionários.
Esquina da Carne;-10.9029750823975;-37.0578937530518;Avaliações tratam o lugar como açougue. Parte elogia o atendimento, a educação dos donos e a qualidade das carnes. Há críticas fortes de desorganização, mercadoria entregue a menos, arrogância no atendimento e cortes de carne duros, com avaliadores dizendo que não recomendam.
Esquina da Comida Caseira do Rutinho;-10.9072241783142;-37.0536022186279;Avaliações descrevem restaurante popular de comida caseira com buffet a quilo e churrasco, em ambiente simples, rústico e apertado, sem estacionamento. Elogiam o tempero, a variedade, o preço em conta e o atendimento simpático. Há críticas de que o churrasco piorou, de quentinha com carne queimada e pouca, e de dono que não deu atenção à reclamação.
Estação Espetinho;-10.9339847564697;-37.0687255859375;Especialidade: hambúrguer e grelhados, árabe. Avaliações descrevem bar de espetinho e caldinho com cerveja bem gelada e música agradável, bom para bater papo com amigos e onde a família é bem-vinda. Elogiam a comida, a picanha argentina e o atendimento. Uma avaliação reclama de atendente despreparada e mal-educada, embora diga que a comida é boa.
Fábrica;-10.9370632171631;-37.0685234069824;Especialidade: sorvete, doces. Avaliações descrevem uma sorveteria com açaí. Elogiam o açaí, o atendimento atencioso dos donos, os preços acessíveis e a variedade de sabores. Uma avaliação longa critica o sabor e a consistência dos sorvetes, que seriam à base de água e sem liga. Outra reclama que o WhatsApp e o telefone não são atendidos.
Fabrícia Bolos Patisserie Fine;-10.9314584732056;-37.0519847869873;Especialidade: doces, padaria. Avaliações elogiam os produtos, descritos como muito gostosos, e o atendimento, com destaque repetido para a atendente Dani. Uma avaliação recomenda ir ao local também pela arquitetura e pelo ambiente agradável, para tomar um café sem pressa.
Faisca Lanches;-10.9426636695862;-37.0741519927979;Especialidade: lanchonete. Avaliações falam de lanchonete para comer de madrugada, com lanche gostoso e bom atendimento, e um cliente diz ter sido bem recebido e tratado de igual para igual. Há uma crítica dura sobre higiene no preparo, sem luvas nem touca, carne quase crua e gosto ruim pelo valor pago.
Famiglia Bittencourt;-10.8989572525024;-37.0672168731689;Especialidade: pizza. Avaliações elogiam bastante a pizza, pela massa e pelo recheio, e o atendimento. O ambiente é descrito como aconchegante e descontraído.
Fantasy;-10.9558634;-37.043357;Avaliações curtas e positivas, sem detalhes. Uma avaliação em inglês reclama do atendimento por telefone, dizendo ter se sentido insultado ao procurar um lugar para uma despedida de solteiro, e que desistiu de ir.
Farofa Carioca;-10.911678314209;-37.0484066009521;Especialidade: buffet (rodízio). Avaliações descrevem self-service a quilo e prato feito no calçadão do centro, com comida bem temperada, muita variedade, churrasco, sobremesa e opção de marmita. Elogiam o preço justo e o salão amplo, climatizado e silencioso, bom para almoço em família, com amigos ou em casal. Citam falta de estacionamento e menos cortes de churrasco depois do meio-dia.
Farol;-10.9695129394531;-37.0366725921631;Avaliações curtas e positivas. A única com detalhes elogia o café da manhã e o quarto novo, de estilo moderno, e aponta a falta de estacionamento.
Farol das Águas;-10.974232673645;-37.0650157928467;A única avaliação com texto reclama que pediu uma água, não recebeu e não teve nenhuma satisfação.
Fast Burg;-10.969386100769;-37.0467624664307;Especialidade: hambúrguer, fast-food. Avaliações curtas e positivas, sem detalhes.
Fazendinha - Espaço & Eventos;-10.8891429901123;-37.0493621826172;Avaliações descrevem um salão de festas alugado para aniversários, festas infantis, casamentos, formaturas e confraternizações, com ambiente familiar, área ampla e arejada, jardim, cozinha e banheiros, e preço acessível. Uma cita um evento de samba no local. Há crítica à porta do sanitário, que não dá privacidade nem segurança.
Ferreira Bistrô;-10.9942893981934;-37.0537910461426;Avaliações elogiam muito a comida, com pratos contemporâneos de frutos do mar, carnes e massas, um prato de cordeiro e a carta de vinhos. O atendimento é descrito como impecável e atencioso, com pratos adaptados ao gosto do cliente. O ambiente é citado como intimista, excelente para um jantar a dois.
Ferreirinho;-10.9442472457886;-37.0679912567139;Avaliações curtas, em geral positivas. Uma diz que é um lugar excelente para tomar cerveja gelada e comer bem, e outra classifica como regular.
Fina Massa Trattoria;-10.9420957565308;-37.0696506500244;Especialidade: pizza, italiana. Avaliações descrevem pizzaria e casa de massas pequena e simples numa galeria, com pizza fina de recheios diferentes ligados a sabores do estado. Elogiam pizzas, massas, harmonização com vinhos e o atendimento receptivo dos donos. Uma crítica diz que a cozinha não é isolada do salão e os cheiros tomam o ambiente. O espaço pequeno também é citado.
Flash Burg;-10.97327709198;-37.0380420684814;Especialidade: lanchonete, hambúrguer e grelhados. Avaliações divididas. Há quem elogie o serviço rápido e simpático e os hambúrgueres estilo podrão, de vários tamanhos e recheios, a bom preço. Outras relatam decepção: pão diferente do anunciado, banheiro sem papel e sem higiene, falta de suco, atendimento desorganizado com pedidos trocados e sanduíche mal montado.
Flor de Sal;-10.9275212287903;-37.0453338623047;Especialidade: frutos do mar. Avaliações descrevem restaurante de frutos do mar e comida japonesa com ambiente aconchegante, iluminação baixa e plantas, indicado para casais e jantar a dois, mas com área kids. Elogiam o atendimento, os peixes frescos, o ceviche de atum e os combinados. Há ressalvas sobre porções pequenas de polvo, camarão e carne, e um avaliador acha caro para a cidade, embora valha.
Flow;-10.9303112030029;-37.057186126709;As duas avaliações com texto falam de ambiente aconchegante para beber chope, elogiando a qualidade, a variedade e o atendimento especializado.
Fornalhas;-10.9533543586731;-37.0683307647705;Especialidade: pizza. Avaliações curtas e positivas elogiam a pizza e o buffet. Uma avaliação em inglês diz que o lugar é quente mesmo com ar-condicionado.
Fornalhas Pizzaria;-10.9753413200378;-37.0716915130615;Especialidade: pizza. Avaliações divididas. Algumas elogiam a pizza e o atendimento. Há reclamações longas de cobrança errada na conta e postura da administração, de garçonete sem educação e cliente que se sentiu expulsa, e de que a pizzaria já foi muito boa mas parece largada, com cheiro de água sanitária, atendimento despreparado e salão vazio.
Fornalhas Pizzaria em Aracaju;-10.9397568702698;-37.0828838348389;Especialidade: pizza, buffet (rodízio). Avaliações curtas e positivas, sem detalhes.
Forneria;-10.9926071166992;-37.0622787475586;Especialidade: lanches, café. Avaliações curtas e positivas elogiam a comida e o ambiente. Uma avaliação em inglês diz que o pão e o café são da melhor qualidade, mas que no sábado de manhã o lugar estava barulhento, com mesas sem limpar e sem atendimento.
Forneria;-10.9382266998291;-37.0524215698242;Especialidade: lanches, café. Avaliações, várias em inglês, descrevem uma padaria com grande variedade de pães, doces, pizzas, sanduíches, bolos e cafés, de alta qualidade e bom preço. O ambiente climatizado é elogiado e apontado como bom para ir sozinho, com amigos, família ou até num encontro romântico sem muita sofisticação.
Forneria Napoletana;-10.9763507843018;-37.0538539886475;Especialidade: pizza. Avaliações elogiam as pizzas, com destaque para portuguesa e marguerita, o preço das clássicas, o atendimento e o ambiente simples e acolhedor no novo endereço. Sentem falta de alguns sabores no cardápio. Há reclamação de entrega com pizza retorcida, sem sabor, caixa sem identificação e mensagem sem resposta.
Forno a Lenha Massas e Pizzas;-10.9916477203369;-37.0516204833984;Especialidade: pizza. Avaliações, em parte em inglês, elogiam as pizzas de forno a lenha, os bons preços, a localização perto da praia e o atendimento rápido e simpático. O ambiente é descrito como acolhedor e descontraído, com mesas dentro e fora. Uma avaliação diz que a pizza chegou fria e que o lugar poderia ser mais limpo.
Fran's Cafe;-10.9369945526123;-37.0531978607178;Especialidade: café. Avaliações descrevem um café dentro de uma livraria, com ambiente agradável porém pequeno e cadeiras desgastadas. As atendentes são elogiadas como gentis e os sucos como deliciosos. Há críticas aos salgados, com croissant gelado por dentro e folhado mole, aos pratos rápidos sem sabor e à existência de dois cardápios.
Frango Prensado;-10.9231886863708;-37.0579948425293;Especialidade: brasileira. Avaliações curtas, entre positivas e neutras, sem detalhes.
Fred's;-11.0264301300049;-37.0755481719971;Avaliações descrevem barraca de praia com estrutura grande, sombra, ducha, piscininha para crianças e estacionamento perto, em trecho de mar calmo e raso. Elogiam o caranguejo e as bebidas geladas. Opiniões se dividem sobre atendimento e comida: há relatos de demora, de pastel e caldo ruins e de pratos caros na alta estação.
Frut-Sabor Sorvetes;-10.9757900238037;-37.0393238067627;Especialidade: sorvete, doces. Avaliações curtas e divididas. Uma diz que é uma das melhores sorveterias da cidade e recomenda um sabor. Outra achou o açaí apenas razoável e sem frutas frescas, citando banheiros e mesas internas e externas. Uma terceira achou o gosto péssimo, só gelo e açúcar.
Frutos de Goiás - 13 de Julho;-10.9318361282349;-37.0483074188232;Especialidade: sorvete, doces. Avaliações elogiam o atendimento, o ambiente aconchegante e acolhedor e os sorvetes e picolés com gosto de fruta, citando sabores como coco queimado, abacaxi com hortelã e jabuticaba, além do açaí. Uma avaliadora com intolerância à lactose diz ter encontrado opções. Sem críticas nas avaliações lidas.
Frutos de Goiás | Loja Jardins - Melhor Açaí Aracaju;-10.9422960281372;-37.0545635223389;Especialidade: sorvete, doces.
Fuego Churrascaria;-10.9379920959473;-37.0523471832275;Especialidade: churrasco. Avaliações curtas e em geral positivas, sem detalhes. Uma descreve o lugar como chique e outra como normal.
Fulô Cafe & Bistrot;-10.9401664733887;-37.0544986724854;Especialidade: café. Avaliações descrevem um lugar aconchegante, com sensação de estar em casa, preços justos e atendimento muito elogiado. Citam comida regional para café, almoço e jantar, salmão ao molho de maracujá, feijoada, massas, saladas com peixe grelhado, pudim e caipirinha. Uma avaliação achou a lasanha saborosa, mas um pouco seca por falta de molho.
Galdinos Restaurante;-10.9770479202271;-37.0710620880127;Avaliações falam de comida caseira bem temperada e muito saborosa, preço bom, serviço ágil e ambiente simples, coberto e ventilado, sem luxo. Também elogiam a entrega. Há uma reclamação de atendimento ruim, com garçonete ríspida, embora a mesma avaliação reconheça comida e preço bons.
Galego Lanches;-10.9355387687683;-37.0597190856934;Especialidade: hambúrguer. Avaliações elogiam o lanche de sabor caseiro, grande e com preço justo, o ambiente e o atendimento. Há uma reclamação forte de demora, com mais de uma hora de espera mesmo com a lanchonete vazia e sucos servidos depois dos sanduíches. Outra pessoa diz preferir a outra loja da marca.
Galeteria Acioli;-10.9347796440125;-37.079439163208;A única avaliação descreve dois momentos: de dia o galeto, elogiado e servido com farofa e acompanhamentos opcionais, com entrega em domicílio, e à noite o espetinho com cardápio variado, vinagrete e farofa, várias marcas de cerveja e atendimento ágil. Cita mesas dentro e fora, som ambiente agradável e bolos de pote.
Galeto Prensado;-10.9297389984131;-37.0474472045898;Especialidade: frango, brasileira. Avaliações mistas. Uma elogia o filé à parmegiana de boi como um dos melhores da cidade, com preço justo, entrada de patê e torradas, bom ambiente e atendimento, mas diz que o purê piorou. Outra reclama do parmegiana de frango, com pouco queijo e molho de catchup, e se diz frustrada. As demais são curtas, entre positivas e regular.
Garage 585;-10.9320545196533;-37.0590553283691;Especialidade: hambúrguer. Avaliações descrevem hamburgueria com decoração temática de rock, ambiente agradável e boa música. Elogiam os hambúrgueres, a batata, os petiscos e o preço justo. Uma avaliação aponta pontos negativos: fecha muito cedo, a cerveja acaba ou falta marca, só vende long neck e o atendimento é razoável.
Gardini;-10.9325094223022;-37.0683650970459;Especialidade: pizza. Avaliações elogiam a pizza, o preço e o atendimento, e citam almoço de comida caseira com boa variedade de saladas em ambiente amplo e arejado. Uma avaliação reclama de demora para servir esfihas, que achou apenas ok, e diz que o ambiente é muito quente.
Gastro House;-10.8920526504517;-37.0540256500244;Avaliações descrevem lugar aconchegante e agradável para se reunir com família e amigos, com sensação de estar em casa, atendimento excelente e preço acessível. Citam almoço, açaí, tapioca e sopa à noite e música ao vivo com regularidade. Sem críticas nas avaliações lidas.
GAV Resorts;-10.9451766014099;-37.0474758148193;Avaliações são todas negativas e tratam da abordagem de vendas, não de hospedagem. Reclamam de consultores que param e importunam turistas na rua e na praia, forçam a venda e têm atendimento ruim. Uma pessoa diz que a proposta é interessante, mas que faltou profissionalismo do consultor.
Gazo's Snooker Bar;-10.9250717163086;-37.0747947692871;Avaliações descrevem bar com mesas de sinuca de qualidade alugadas por hora, boa comida, bebida gelada e preço muito acessível. Falam em ambiente calmo, divertido e descontraído, bom para um programa diferente com amigos ou família, e elogiam o atendimento.
Geladinho Polar Bear;-10.9090065956116;-37.0676918029785;Especialidade: sorvete, doces.
Gelateria Moderna;-10.9377717971802;-37.0533885955811;Especialidade: sorvete, doces. Avaliações divididas. Três elogiam muito o gelato, o ambiente, a limpeza, a organização e a gentileza no atendimento. Uma diz que o produto é sem gosto, aguado e que é sorvete e não gelato. Outra reclama de ter encontrado a loja com um só funcionário para atender e montar os pedidos.
Gelateria Moderna;-10.9315237998962;-37.0618686676025;Especialidade: sorvete, doces. Uma avaliação detalhada elogia o gelato como o melhor da cidade, com sabores criativos, equipe bem treinada e espaço pequeno, aconchegante e bem decorado, bom para casais, famílias e amigos. Outra diz que é muito caro. As demais são curtas e positivas.
Gelato Sao Paulo;-10.9424195289612;-37.0595264434814;Especialidade: sorvete, doces. Avaliações elogiam o gelato como muito gostoso e uma o chama de melhor do Brasil, além de citar atendimento excelente. Uma avaliação critica que a mesma pessoa do caixa serve o sorvete, o que atrasa o atendimento quando há fila, e diz que a foto não representa o lugar.
Gelatto Açaí e Sorveteria;-10.9160871505737;-37.0508785247803;Especialidade: sorvete, doces. Avaliações majoritariamente negativas e ligadas ao delivery: pedido não entregue por causa do código do iFood, espera de mais de quatro horas sem solução, açaí entregue atrasado e derretido por valor considerado alto e atendimento mal educado. Uma avaliação elogia sorvetes e açaí, a variedade, o atendimento e a agilidade no iFood.
Gelo Neve;-10.9034724235535;-37.0750370025635;Avaliações curtas e positivas, sem detalhes.
Geo's Beach Bar;-11.028308391571;-37.0770950317383;Avaliações elogiam o atendimento educado e atencioso, a rapidez dos pedidos, a comida bem servida e o preço justo. Citam moqueca mista, picanha, pastel de caranguejo, água de coco e caipirinha. Dizem que as porções são para compartilhar, sem pratos individuais, e uma não recomenda o pastel de camarão. Um relato elogia o cuidado do garçom com o cachorro da família.
Gino's Lanches;-10.9337611198425;-37.0624046325684;Especialidade: lanchonete, hambúrguer. Avaliações lidas são na maioria negativas: demora de mais de uma hora, clientes que chegaram depois sendo atendidos antes, comida muito salgada, suco quente, preço alto e atendimento que precisa melhorar. Uma lamenta a queda de qualidade de uma lanchonete tradicional. Uma avaliação é positiva, elogiando lanche e atendimento.
Giraffas;-10.9454650878906;-37.0488033294678;Especialidade: fast-food. Avaliações mistas sobre a unidade do shopping RioMar. Há elogios à rapidez, ao padrão da franquia e aos pratos com frango empanado, com a ressalva de evitar a carne bovina. Uma avaliação relata comida fria e larva no prato, e outra reclama de funcionários sem máscara no balcão e na cozinha.
Giro Burguer Hamburgueria em Aracaju;-10.9003143310547;-37.0579624176025;Especialidade: hambúrguer. Avaliações elogiam o hambúrguer artesanal, a variedade do cardápio, o atendimento atencioso e o ambiente bonito e confortável. Uma descreve o rodízio de mini hambúrgueres, com ingredientes de qualidade e molhos à vontade na mesa, e o dono explicando o funcionamento. Sem críticas nas avaliações lidas.
Giro Total Lanches;-10.9220085144043;-37.066987991333;Especialidade: lanchonete. Avaliações mistas. Elogiam o sabor dos lanches e, em parte, o atendimento. Há reclamações de pedido entregue errado, inclusive para cliente com restrição alimentar, de cachorro-quente com molho demais e de uma garçonete grosseira com clientes que chegaram perto do fechamento.
Glacial Açaí Aju;-10.9651260375977;-37.08571434021;Especialidade: sorvete, doces. Avaliações elogiam o açaí e os sorvetes, com muitos sabores e boa consistência, o atendimento e o ambiente limpo, organizado, arejado e ventilado. Uma família de passagem pela cidade diz que os filhos adoraram. Há a observação de que estacionar é mais difícil no fim de semana.
Go Inn Aracajú;-10.9690070152283;-37.0542659759521;Avaliações descrevem hotel econômico, limpo, de design moderno, com bom café da manhã, academia e piscina pequenas, estacionamento e localização segura, perto da praia, de restaurantes e do aeroporto. Elogiam a equipe e o preço. Uma avaliação reclama de quartos muito pequenos e de um hóspede batendo à porta de madrugada sem que a recepção desse importância.
GolkBurguer;-10.9177708625793;-37.0657787322998;Especialidade: hambúrguer. Avaliações curtas e positivas, elogiando os lanches e o atendimento. Uma menciona entrega dentro do horário e lanche quente.
Good Pão;-10.9309844970703;-37.0720100402832;Especialidade: padaria, lanches. Avaliações descrevem padaria e delicatessen com pães variados, bolos, salgados, sobremesas e itens para festas, além de vagas de estacionamento. Elogiam o atendimento e a qualidade. Há críticas aos preços, vistos como altos e em alta, a produtos considerados comuns, ao pão pequeno e ao troco arredondado contra o cliente.
Gordinho Hamburguers;-10.995626449585;-37.0535831451416;Especialidade: fast-food, lanches. Avaliações mistas. Reconhecem que o sanduíche é bom, mas reclamam que boa parte do cardápio extenso costuma estar em falta, de atendimento ruim com atendentes conversando em vez de ir às mesas, de uma atendente grosseira e de mesas sujas. Uma avaliação considera o lanche fraco e com porção menor que a descrita.
Goré Lounge;-11.1021947860718;-37.1509017944336;Avaliações destacam a vista e o pôr do sol, o ambiente decorado, petiscos, cerveja gelada, música ao vivo com couvert e opções vegetarianas e veganas, com preço visto como justo. Há críticas: uma diz que é um bar simples e não um lounge como nas redes, com sofás velhos e cheiro de esgoto perto do banheiro, e outra relata demora e pedidos fora de ordem.
Gralha Azul;-10.9804172515869;-37.0424652099609;Especialidade: churrasco, japonesa (sushi). Avaliações curtas descrevem churrascaria com bufê de boa variedade, saladas, equipe simpática e preço bom, perto da praia e com vista para um parque. Uma diz que o sushi é apenas ok e outra classifica comida, variedade e preço como razoáveis.
Gratia Nagao;-10.9294810295105;-37.0540676116943;Especialidade: padaria. Avaliações elogiam o pão delícia e o pão de queijo como os melhores da cidade, o local agradável, as embalagens delicadas e a simpatia da proprietária. Sem críticas nas avaliações lidas.
Grelha Quente;-10.9307894706726;-37.052396774292;Especialidade: brasileira. Avaliações descrevem local simples e aconchegante, com cardápio pequeno de espetinhos, pão de alho, batata frita e hambúrguer, preço acessível e bom atendimento. Uma avaliação achou o hambúrguer demorado e pequeno e o churrasco e o pão de alho sem destaque. Outra reclama que ninguém atende o telefone.
Grelhados;-10.9422006607056;-37.0595607757568;Avaliações majoritariamente negativas: relatam cabelo e pedaço de barata na comida, atendentes servindo sem máscara e luva, deboche de uma atendente e massa à bolonhesa muito ruim. Uma avaliação destoa e elogia a comida, a porção e a simpatia dos atendentes, de quem almoçou lá por duas semanas.
Grupo Imbuaca;-10.8969793319702;-37.0577545166016;Avaliações descrevem a sede de um grupo de teatro sergipano em atividade desde 1972, tratado como tesouro cultural do estado. Elogiam o profissionalismo das produções, as oficinas e vivências teatrais, a boa localização e a estrutura do espaço.
Guaiamuns Bar;-10.9892339706421;-37.0751190185547;Uma avaliação detalhada descreve lugar conhecido para comer guaiamum, aratu e siri, onde o cliente pode ver e escolher os caranguejos, e elogia muito a rabada, o ambiente e o serviço, com ressalva aos acompanhamentos. As demais são curtas e positivas, sem detalhes.
Guerreiros bar;-10.9771537780762;-37.0707378387451;Avaliações mistas. Há elogios ao mocotó, à comida boa, ao ambiente simples, alegre e familiar. Há reclamações de comida sem tempero, porções pequenas para o que prometem, bebida quente, atendimento lento ou grosseiro e cobrança de couvert mesmo chegando perto do fim da música. Citam roda de samba em área com outros bares.
Habeas Beach;-11.0672311782837;-37.1028842926025;Especialidade: drinks. Avaliações descrevem barraca de praia tranquila, com boa estrutura para famílias com crianças, cerveja gelada, comida saborosa, preços razoáveis e bela vista. Elogiam o atendimento e a limpeza. Há ressalvas à demora na entrega dos pedidos, a clientes que levam cachorros à praia e ao cuidado necessário com as ondas no banho.
Hamburgão;-10.924129486084;-37.05104637146;Especialidade: hambúrguer, lanchonete. Avaliações descrevem lanchonete de atendimento rápido, prático e cordial. Há reclamações de preço alto para o tamanho do lanche, como um cachorro-quente prensado muito pequeno, e um relato de alface com areia em lanche para viagem.
Hamburgueria Sabor da Vida;-10.9671583175659;-37.08620262146;Especialidade: hambúrguer. Uma única avaliação, curta e positiva, sem detalhes.
Haori Sushi Bar;-10.9313802719116;-37.0538578033447;Especialidade: japonesa (sushi), japonesa. Avaliações curtas elogiam o sushi. Uma cita self-service com poucas opções numa segunda-feira e sushi apenas ok, valorizando que abre às segundas. Há reclamação forte do atendimento de pedidos para entrega, com demora para responder, entrega muito lenta e atendente mal-educada.
Hashi Culinaria Chinesa;-10.9325823783875;-37.0700664520264;Especialidade: japonesa, japonesa (sushi). Avaliações curtas e positivas, sem detalhes.
Hashtag Restaurante e Jantar Nordestino;-10.9453339576721;-37.0744400024414;Especialidade: brasileira, café. Avaliações descrevem um quiosque aconchegante, com bom atendimento, preço justo e comida bem temperada, com destaque para o caldinho de camarão, os sanduíches artesanais, o suco de laranja feito na hora e as bebidas geladas. Uma pessoa relata ter encontrado o lugar fechado e com aparência pouco agradável, diferente do que as avaliações diziam.
Havanna;-10.9459347724915;-37.0484790802002;Especialidade: café. Avaliações mistas sobre a cafeteria. Há quem adore os cafés e os doces e note a ampliação de mesas. Outras reclamam de queda de qualidade: café frio ou amargo, doce de leite açucarado, croissant ressecado, falta de produtos e sanduíche incompleto. O atendimento é elogiado como gentil e atencioso, embora uma avaliação diga que pode melhorar.
Havanna Beach Bar;-11.0311260223389;-37.0790729522705;Especialidade: frutos do mar. Uma avaliação detalhada diz que o bar já foi excelente e hoje é mediano: ficou popular demais, perdeu o charme, tem equipe pouco acolhedora, demora, preços altos e comida razoavelmente boa. As demais são curtas e positivas, sem detalhes.
Helena Bar Drinks;-10.9036707878113;-37.0391387939453;Especialidade: drinks. Avaliações elogiam os drinks e o atendimento atencioso, que acatou um pedido de música mais leve para curtir o pôr do sol. Descrevem ambiente familiar e aconchegante, com vista bonita.
Hiper Lanches;-10.9253482818604;-37.0767593383789;Especialidade: lanchonete, hambúrguer. Avaliações elogiam o lanche de qualidade, bem preparado e com pão fresco, e o atendimento rápido e eficiente. Citam pedidos por WhatsApp e aplicativo próprio. Uma avaliação o considera o melhor lanche do estado.
Hiroki Sushi Bar;-10.9304571151733;-37.0576915740967;Especialidade: japonesa, drinks. Avaliações descrevem restaurante por quilo com opções japonesas e brasileiras, ambiente agradável e climatizado, som baixo e também área aberta. O sushi é tido como de qualidade e justo pelo preço, sem ser excepcional. O atendimento divide opiniões: há elogios ao acolhimento e à presteza e uma crítica de que não é muito bom.
Hiroshi Sushi Bar Aju;-10.9422054290771;-37.0817127227783;Avaliações divididas. Três elogiam o atendimento, os pratos, os almoços e a sobremesa, com ressalva de que o ambiente poderia ser melhor. Duas relatam não ter encontrado o restaurante no endereço: sem fachada de sushi, parecendo casa de petiscos, fechado no horário anunciado e sem atender o telefone.
Hotel Amado;-10.9115552902222;-37.0528430938721;Avaliações descrevem hotel econômico no centro, com quartos limpos, banheiro privativo, ar-condicionado, chuveiro quente e preço bem abaixo dos hotéis da orla. Elogiam o ambiente aconchegante e as atendentes. Um hóspede reclama da cobrança da diária, que entendeu valer por 24 horas e não valia.
Hotel Aracajú Express;-10.9831454;-37.0563035;Avaliações descrevem hotel bem básico, com boa localização perto do aeroporto, elevador, piscina razoável, quarto agradável e bom café da manhã. Uma cita frigobar quebrado. As demais são curtas, sem detalhes.
Hotel Aracaju Suítes;-10.9600806236267;-37.0422115325928;As avaliações detalhadas são negativas: quartos sem limpeza e sem troca de toalhas e roupa de cama durante vários dias, recepcionista mal-humorado, frigobar pago e não entregue, café da manhã cobrado à parte e fraco ou não servido, elevador precário, alagamento quando chove e local isolado, sem comércio. Reconhecem que o quarto é novo e a área de cima é boa.
Hotel Brasília;-10.9113569259644;-37.0533504486084;Avaliações elogiam principalmente o restaurante, com almoço saboroso, ingredientes frescos, destaque para o cupim assado e ótimo atendimento, além da recepção acolhedora. Um hóspede faz crítica dura à hospedagem: quarto diferente das fotos, banheiro muito sujo, lençol rasgado e sumiço de um carregador esquecido.
Hotel da Costa by Nobile;-10.9725670814514;-37.0375957489014;Avaliações elogiam o hotel limpo, confortável e bem localizado junto à praia, perto de bares e restaurantes, com bom custo-benefício, café da manhã farto, quartos agradáveis e equipe gentil.
Hotel da Orla;-10.9853162765503;-37.0464916229248;Avaliações elogiam a localização de frente para a orla, a limpeza e organização, o café da manhã com comidas típicas e a cordialidade de toda a equipe. Há ressalvas ao barulho da rua na hora de dormir nos quartos de frente e a uma informação desencontrada da recepção sobre estender a estadia.
Hotel Fênix;-10.9104537963867;-37.0744323730469;Avaliações divididas. Um hóspede diz que, pelo preço baixo, o hotel entrega mais que o esperado, com cama confortável, frigobar e ar funcionando. Outro elogia quartos e café da manhã, mas reclama da falta de educação das recepcionistas. Há relato de quartos com mofo, chuveiro com lodo, falta de manutenção e alarme de incêndio disparando de madrugada.
Hotel Ibis;-10.942076;-37.066228;Avaliações descrevem hotel confiável, confortável e de preço acessível, com quartos simples e agradáveis, serviço de quarto eficiente, bom restaurante e café da manhã nordestino muito elogiado. Citam instrumentos musicais no lobby à disposição dos hóspedes e boa localização, perto de shopping, praia, bares e farmácias. A vista da janela é fraca.
Hotel Jangadeiro;-10.9161901473999;-37.0516376495361;Uma avaliação descreve hotel muito bom, com piscina pequena, bom café da manhã e bairro seguro, mas sem restaurante próprio e com poucos restaurantes a pé para jantar. As demais são curtas e positivas, sem detalhes.
Hotel Litoral;-10.9826288223267;-37.045934677124;Avaliações curtas e positivas, sem detalhes.
Hotel Orion;-10.9689302444458;-37.0368938446045;Avaliações curtas e na maioria positivas, destacando a localização perto da praia e de muitos restaurantes. Uma diz apenas que o hotel é ruim.
Hotel parque das Águas;-10.9722661972046;-37.0428581237793;Avaliações elogiam a localização perto do shopping, da praia de Atalaia e da vida noturna, a piscina de água morna, o restaurante, o café da manhã com muitos bolos e o silêncio à noite. Um hóspede estrangeiro observa que quase ninguém fala inglês.
Hotel Praia e Mar;-10.9850955;-37.0466022;Avaliações divididas. Uma elogia a localização na praia de Atalaia, o café da manhã e o estacionamento próprio. Outra relata experiência péssima: quarto sem janela e sufocante, cama desconfortável, recepcionista rude e padrão de hostel barato. As demais são curtas e positivas, sem detalhes.
Hotel Rekinte;-10.9874558;-37.0508945;Avaliações curtas e positivas, citando bons quartos, café da manhã gostoso, equipe agradável e preço acessível.
Hotel Sandrin;-10.9879326;-37.0508794;Avaliações curtas, em geral positivas, citando bom café da manhã e boas acomodações. Uma descreve o hotel como muito básico e outra diz ter usado apenas o salão.
Hotel Shalom;-10.9118032455444;-37.0536632537842;Avaliações divididas sobre a pousada simples no centro. Há elogios ao ambiente familiar, aos proprietários atenciosos, ao quarto limpo e ao café da manhã. Outras criticam quartos minúsculos nos fundos, falta de toalha e TV, móveis quebrados, barulho na porta, café da manhã ruim e cachorro na cozinha, dizendo que serve só para dormir. Fica longe da orla.
HS Depósito & Mercearia;-10.9698004722595;-37.0897693634033;Avaliações elogiam o atendimento, as bebidas bem geladas, a variedade de produtos, o preço bom e as novas instalações, descritas como confortáveis. Há reclamação forte de demora na entrega, com mais de uma hora de espera mesmo para quem mora perto.
Huramaki;-10.9368438720703;-37.0614242553711;Especialidade: japonesa, japonesa (sushi). Avaliações elogiam o sushi, as boas opções do cardápio, o self service bem servido e os preços considerados justos e acessíveis para a qualidade. Um avaliador destaca o sanduíche de sushi, grande e saboroso. Parte das avaliações é curta e positiva, sem detalhes.
I Love Shake Herbalife - Augusto Maynard;-10.9243774414062;-37.0489673614502;A única avaliação lida descreve o local como muito agradável, com ótimo atendimento, bom para tomar a nutrição.
Ibero;-10.9316883087158;-37.0484714508057;Especialidade: espanhola. Avaliações descrevem um restaurante aconchegante e bonito, com atendimento impecável, boa adega e drinks elogiados. Destacam os frutos do mar, como o polvo fresco, e o almoço como um dos melhores da cidade. Ressalva de que estacionar por perto não é fácil.
ibis Aracaju;-10.9419436454773;-37.0662784576416;Avaliações descrevem um hotel confiável, confortável e de preço acessível, com quartos simples e serviço de quarto eficiente. Elogiam bastante o café da manhã nordestino, o restaurante e a localização perto de shopping, praia, bares e farmácias. Citam instrumentos musicais disponíveis no lobby. Ressalva de que a vista da janela não é grande coisa.
ibis budget Aracaju;-10.9838466644287;-37.0463314056396;Avaliações têm tom misto. Elogiam a localização perto da praia, a piscina, a equipe simpática, o preço baixo, o estacionamento e o fato de aceitar pets. Há reclamações de mofo nos quartos, cheiro de umidade, corredores sujos, quartos pequenos com chuveiro e pia dentro do quarto, toalhas velhas, ralos entupidos, wifi instável e alarme de incêndio disparando de madrugada.
Ideal;-10.9037842750549;-37.05686378479;Especialidade: padaria, lanches. Avaliações curtas e positivas, sem detalhes.
Il Cioccolato;-10.9924597740173;-37.0519828796387;Especialidade: café.
Il Sordo Gelato;-10.9307260513306;-37.0505809783936;Especialidade: sorvete, doces. Avaliações elogiam muito o gelato, citado como o melhor sorvete da cidade, com muitos sabores e possibilidade de provar antes de pedir. Destacam que toda a equipe é surda e descrevem o atendimento como simpático e genuíno, mesmo para quem não sabe língua de sinais. Lugar descrito como legal para passar um tempo.
il Sordo Quiosque Carrara;-10.9911870956421;-37.0514793395996;Especialidade: sorvete, doces. Avaliações elogiam o sorvete artesanal, com sabores autorais, porções generosas e bons preços, e o atendimento gentil e inclusivo feito por atendentes surdos, com cardápio explicativo para facilitar a comunicação. Descrevem um quiosque limpo e bem decorado dentro do espaço de alimentação Carrara, a uma quadra da praia. Uma avaliação diz que há poucos sabores.
Indústria Panificadora Cecy;-10.902663230896;-37.0546398162842;Especialidade: padaria. Avaliações descrevem uma padaria histórica e tradicional de Aracaju, com ambiente antigo e nostálgico, pães e bolachas elogiados. Há críticas de que o lugar não se atualizou e deixa a desejar, e um relato de constrangimento no caixa com reclamações de balcões velhos e sujos e higiene inadequada.
Inovar cozinha;-10.9128308296204;-37.0908737182617;Especialidade: brasileira. Avaliações elogiam a comida saborosa e bem temperada, o prato feito bom e barato, o atendimento e o custo-benefício, citado como o melhor da zona norte.
Irré Gourmet Marmitas de Alto Padrão;-10.9213829040527;-37.0645694732666;Avaliações elogiam as marmitas com gosto de comida de casa, bem temperadas e variadas, a embalagem cuidadosa, a entrega cedo e a proprietária atenciosa e hospitaleira. Há um relato negativo de comida salgada, arroz cru, item com bacon não pedido e de que a proprietária não aceita críticas.
Israel Beach Bar;-10.9714115;-37.0357161;Avaliações curtas e positivas, sem detalhes.
Ita Bolos;-10.9249081611633;-37.0674152374268;Especialidade: doces, padaria. Avaliações descrevem uma loja de bolos, salgados, doces e itens para festa a pronta entrega, com grande variedade, preços atrativos e atendimento satisfatório. O bolo de banana é elogiado. Há críticas aos salgados, com relato de coxinha de massa pesada e crua, quase sem recheio.
Ita Bolos;-10.905499458313;-37.0603637695312;Especialidade: doces, padaria. Avaliações em geral curtas, entre positivas e neutras. Uma relata compra de salgados para aniversário com item trocado no pedido e um pão de queijo que veio mordido.
Itabi Pizzaria;-10.9647626876831;-37.085241317749;Especialidade: pizza. Avaliações têm tom misto. Parte elogia a pizza, citada como uma das melhores, e os funcionários. Há reclamações recorrentes de demora de 45 a 50 minutos, calor no ambiente e equipe reduzida. Um relato diz que a família foi ignorada pela gerente enquanto outras mesas eram atendidas e atribui isso a preconceito.
Janaína;-10.9831733703613;-37.0569477081299;Especialidade: pizza. Avaliações descrevem um restaurante de espaço grande e arejado, com comida gostosa e atendimento rápido mesmo cheio, indicado para almoço. Há relato de atendimento pior numa segunda visita e uma reclamação detalhada de picanha dura, batatas encharcadas de óleo e vinagrete ruim.
Janaína Restaurante e Pizzaria;-10.9326581954956;-37.05637550354;Especialidade: pizza. Avaliações elogiam a pizza, a comida boa e variada, o preço e o atendimento. Há reclamação da grande quantidade de pombos no ambiente, que chegam a pousar nas mesas.
JanTon Soparia;-10.9735069274902;-37.0697441101074;Especialidade: brasileira. Avaliações elogiam a variedade de sopas caprichadas, como frango com legumes, feijão com carne e macaxeira com charque, além de opções de jantar e cuscuz recheado. Descrevem atendimento agradável e acolhedor e clientes antigos. Lugar apontado como bem localizado no Augusto Franco.
Japan Sushi;-10.9432830810547;-37.0857639312744;Especialidade: hambúrguer, chinesa. Avaliações têm tom misto. Elogiam o ambiente organizado, limpo e agradável, o custo-benefício das peças de sushi, o yakisoba bem servido e garçons solícitos. Há críticas de demora inicial no atendimento, cardápio desatualizado, falta de drinks apesar de se chamar bar e uma avaliação que considera o sushi o pior que já comeu, com pouca variedade.
Jappa79;-10.9260101318359;-37.0668697357178;Especialidade: japonesa. A única avaliação lida é negativa e reclama de pedido que não chegou após mais de uma hora de espera.
Jardim de Casa;-10.9424648284912;-37.0526523590088;Uma avaliação descreve um ambiente aconchegante, bonito e aberto, com boas opções de restaurantes, bom para sair com amigos, e elogia os pratos do Della Cozinha. As demais são curtas e positivas, sem detalhes.
Jardins Villa Gastro;-10.9538431167603;-37.0543460845947;Especialidade: buffet (rodízio). Avaliações descrevem um restaurante de almoço por quilo com buffet variado e comida muito boa, em ambiente bonito, arborizado, climatizado e aconchegante, com música boa e café de cortesia. Elogiam os atendentes, com uma ressalva de que o atendimento demora um pouco.
Jatoba Praia Hotel;-10.9921894073486;-37.0514392852783;Avaliações curtas. Uma elogia a recepção e a comida, outra reclama que é caro demais, as demais são positivas sem detalhes.
Jaú Lanches;-10.917064666748;-37.0797805786133;Especialidade: lanchonete.
Joop;-10.9727239608765;-37.0357112884521;Especialidade: frutos do mar. Avaliações descrevem um bar de praia tranquilo, com mesas perto do mar, almoço bem servido, ducha e dono simpático. Elogiam a comida e, em parte, o atendimento. Há reclamações de poucos funcionários, demora para servir e música escolhida só ao gosto da dona. Uma avaliação diz que os bares da Orlinha precisam de reforma e que a praia é perigosa para banho.
Jorge Amado Bar e Restaurante;-10.9390869140625;-37.0528736114502;Especialidade: drinks. Avaliações descrevem um restaurante bom para encontros e para ir com a família, com cardápio variado, pratos elogiados, chope bem gelado e atendimento rápido e simpático mesmo com casa cheia. Elogiam o ambiente bonito e aconchegante e a playlist em volume agradável.
Jorjao;-10.9276280403137;-37.0444316864014;Avaliações elogiam o caranguejo, citado como o melhor de Aracaju, o catado de aratu, os pastéis grandes de camarão, carne e queijo do reino e a galinha ao molho pardo bem servida. Descrevem ambiente limpo, garçons atenciosos, cerveja gelada e clima bom para ir com amigos.
Jubaia Pousada e Hostel;-10.9943404197693;-37.0538387298584;Avaliações descrevem uma pousada aconchegante e espaçosa, com atendimento hospitaleiro. Apontam que o café da manhã precisa melhorar e que faltam TV e frigobar nos quartos. Uma avaliação reclama que o telefone informado no site não funciona.
Juca's;-10.9336214065552;-37.0510692596436;Especialidade: hambúrguer, fast-food. Avaliações descrevem uma hamburgueria de ambiente aconchegante e instagramável, com música em bom volume e atendimento atencioso que dá sugestões. Elogiam as entradas sequinhas e os hambúrgueres. Há ressalvas pontuais, como pouco gorgonzola e um hambúrguer de camarão com carne que decepcionou pelo blend pequeno.
Júnior Lanches;-10.9366283416748;-37.0608196258545;Especialidade: lanchonete, hambúrguer. Avaliações têm tom misto. Uma elogia os lanches, o atendimento e o ambiente aconchegante e tranquilo. Há reclamações de frango com gosto de queimado e cheiro estranho e de um pedido de entrega que nunca chegou após mais de duas horas, sem conseguir cancelar.
Kadô Cozinha Oriental;-10.9649639129639;-37.0536651611328;Especialidade: japonesa (sushi), japonesa. Avaliações têm tom misto. Elogiam o sushi, o ambiente aconchegante e limpo, a música agradável e a facilidade para estacionar. Há críticas ao ar-condicionado fraco, ao atendimento pouco atento, ao shoyu aguado, ao yakisoba salgado e ao sushi do buffet sem refrigeração, além do preço alto no à la carte.
Kalilândia;-10.973316192627;-37.069938659668;Especialidade: brasileira. Avaliações elogiam o sabor das pizzas, bem recheadas, mas reclamam bastante do serviço. Há relatos de entrega com mais de duas horas e meia de atraso, pedidos aceitos e não entregues, rodízio com sabores repetitivos que para antes do horário e atendimento no salão com pedido errado e prato quebrado e sujo.
Kamarote Aju;-10.9187774658203;-37.0579242706299;Especialidade: drinks, espanhola. Avaliações descrevem um bar de samba e pagode com área coberta, espaço ao ar livre e lounge, elogiando caipirinha, cerveja gelada, comida, atendimento e segurança. Há reclamações de cobrança de entrada e também de mesa, de poucos lugares para sentar e de logística que poderia ser melhor. Indicado nas avaliações para happy hour, tarde de domingo e ir em grupo.
Karoline;-10.9167985916138;-37.0862426757812;Avaliações curtas e positivas. Uma delas descreve como restaurante simples, mas uma boa churrascaria.
Kasato Sushi;-10.9296021461487;-37.0575790405273;Especialidade: japonesa (sushi), buffet (rodízio). Avaliações elogiam o sushi fresco e em peças grandes, porções bem servidas, yakisoba, menu degustação, pedidos rápidos, atendimento prestativo e boa playlist. Citam mesas internas e externas e segurança no local à noite. Ressalvas: o local não é o mais confortável e a roupa fica com cheiro de comida.
Kayana Açaí Gourmet;-10.9721727371216;-37.0633544921875;Especialidade: lanchonete. Avaliações elogiam a qualidade do açaí, a variedade de recheios com possibilidade de troca, o creme de cupuaçu, o preço acessível e o ambiente confortável. Há críticas ao atendimento: dono descrito como introspectivo e frio e demora em dias de maior movimento, com poucas pessoas servindo.
KB Kebab;-10.9908471107483;-37.0505619049072;Especialidade: árabe. Avaliações elogiam a comida saborosa e bem servida, os bons preços, a variedade e as opções vegetarianas. O ambiente é descrito como simples e aconchegante. O atendimento é muito elogiado, com destaque para a simpatia e agilidade da dona, que é francesa e atende as mesas.
Kite Beach Club;-11.032000541687;-37.0796031951904;Avaliações curtas e positivas. Uma delas descreve como um dos melhores bares de praia da cidade e recomenda os petiscos e os drinks.
KM Espetinho;-10.9848527908325;-37.046350479126;Especialidade: churrasco. Avaliações são majoritariamente críticas: atendimento lento e desatento, pedidos demorados, mesa suja, cobrança à parte de farofa e vinagrete e um relato de mal-estar após o espetinho. Há quem ache o preço justo e a comida saborosa e elogie uma atendente. Citam mesas na calçada com muitos pedintes e ambulantes e mau cheiro de esgoto.
Kobe;-10.9245252609253;-37.0447940826416;Avaliações descrevem buffet livre de comida japonesa com boa variedade e qualidade, sushi gostoso, atendimento atencioso e ágil, ambiente tranquilo e bom custo-benefício. As demais são curtas e positivas.
Koi no Yokan;-11.0040435791016;-37.0873432159424;Especialidade: japonesa, japonesa (sushi). Avaliações elogiam o sushi fresco com peças grandes, o self-service por peças, os sashimis, o yakisoba, o bom custo-benefício e o atendimento atencioso. O ambiente é descrito como agradável, climatizado, com luz suave e espaço kids. Ressalva: não tem estacionamento, é preciso parar nas ruas vizinhas.
Kopenhagen;-10.9452748298645;-37.0482196807861;Especialidade: doces. Avaliações falam de café e chocolates no Shopping Riomar: elogiam o café, os chocolates e as bebidas com chocolate da marca, com preço considerado razoável. O espaço é pequeno e é comum não achar lugar para sentar. O atendimento divide opiniões: há quem tenha sido bem tratado e um relato de cliente ignorado por três atendentes.
La Bella delicatessen;-10.9359459877014;-37.0555114746094;Especialidade: lanches. Avaliações elogiam preços, qualidade dos produtos, tortas doces, frios, salgados, pão com carne do sol e torta de morango, além do atendimento simples e agradável. É citada como opção para café da manhã e jantar nordestino. Ressalvas: atendimento fica atropelado em horários movimentados e um relato de poucas opções.
La Burgueria;-10.931324005127;-37.0700244903564;Especialidade: hambúrguer. Uma única avaliação curta e positiva, sem detalhes.
La Casa do Sushi;-10.9102182388306;-37.084997177124;Avaliações são mistas. Há elogios à limpeza, ao ambiente rústico, aos funcionários atenciosos e à qualidade do sushi. Há reclamações de atendimento com má vontade, som muito alto e incompatível com a proposta, demora e cancelamento de pedido de entrega sem explicação e de encontrar o local fechado no horário informado.
La Chapa;-10.993218421936;-37.1052341461182;Especialidade: brasileira. Avaliações curtas e positivas, elogiando o atendimento e a pizza e citando a entrega de refeições em casa.
La Fornatta Pizzaria e Petiscaria;-10.9917192459106;-37.061595916748;Especialidade: pizza. As avaliações lidas são quase todas negativas: pizza entregue com sabor errado sem solução, apenas um garçom atrapalhado, longa espera, pratos do cardápio indisponíveis e uma comemoração com reserva em que o grupo foi colocado na área externa. A área kids é citada como gratuita e com ar-condicionado, mas sem nada demais.
La Grelha;-10.9911994934082;-37.0516109466553;Avaliações são mistas. Elogiam o ambiente aconchegante, a comida, o suco de morango e o cardápio variado com opções para vegetarianos e veganos. Há críticas a porção de camarão insuficiente para duas pessoas pelo preço, a cobrança diferente do cardápio com resposta pouco profissional e à desorganização na ordem dos pedidos.
La Pâtisserie Prata Martins Confeitaria;-10.9289150238037;-37.050817489624;Especialidade: doces. Avaliações elogiam os bolos e tortas, com fatias grandes e ingredientes de primeira, o capricho nas encomendas para datas comemorativas e o atendimento. O ambiente é descrito como pequeno, aconchegante, confortável e elegante, com vitrine cheia de opções.
La Sorveteria;-10.9071731567383;-37.0863246917725;Especialidade: sorvete, doces. Avaliações elogiam o ambiente agradável e aconchegante, o atendimento, a variedade de produtos, os sorvetes e lanches e os preços acessíveis. É citada como bom lugar para um café ou um lanche.
La Tavola;-10.9252405166626;-37.0442237854004;Especialidade: italiana. Avaliações em geral elogiam o ambiente bonito, sofisticado e discreto, a música ambiente suave, o serviço cordial e os pratos, sendo citado como um dos melhores lugares para jantar na cidade. Uma avaliação destoa e relata atendimento péssimo e pratos sem sal e sem gosto.
La Vecchia;-10.9272918701172;-37.0517711639404;Especialidade: italiana, pizza. Avaliações descrevem ambiente rústico, aconchegante, de luz baixa e romântico, com atendimento atencioso e pratos que chegam rápido. O tom é misto quanto à comida: há quem ache a massa muito saborosa, mas várias avaliações consideram o restaurante caro e superestimado, com sabor que não acompanha o preço, e há crítica à massa da pizza.
Lago Colorido da Tapioca;-10.9782843589783;-37.0399169921875;Especialidade: lanchonete. Uma única avaliação, curta, que diz ser agradável para fazer passeios.
Lagos da Orla;-10.9793906211853;-37.040506362915;Avaliações descrevem como um parque agradável, com boa vista e tranquilo para passar um tempo junto à natureza e fazer caminhadas, e dizem que vale a visita.
Laguna;-10.9945521354675;-37.0530910491943;Especialidade: brasileira. Avaliações elogiam os frutos do mar frescos, os pratos bem preparados, os drinks, os bons preços, o atendimento rápido e simpático mesmo com a casa cheia e a música ao vivo. Descrevem ambiente aconchegante e familiar, com área para crianças brincarem, indicado para jantar com família e amigos.
Lamarao lanches;-10.8795018196106;-37.0737800598145;Especialidade: hambúrguer. Uma única avaliação, que cita preço justo, lanche bom, tamanho razoável e entrega no horário previsto.
Lanchonete das Meninas;-10.9708828926086;-37.0663833618164;Especialidade: lanchonete. Avaliações curtas e positivas, sem detalhes.
Lanchonete do Brother;-10.9054741859436;-37.0885353088379;Especialidade: lanchonete. Avaliações elogiam os sanduíches, os sucos, o espaço amplo, a limpeza e o atendimento. Uma delas acha o açaí caro para o lugar e de qualidade fraca.
Lanchonete Dora burguer;-10.9035816192627;-37.0885372161865;Especialidade: hambúrguer.
Lanchonete e doceria vitória;-10.9117794036865;-37.0604190826416;Especialidade: doces.
Lanchonete e Restaurante Avenida;-10.9018588066101;-37.0553855895996;Especialidade: lanchonete. Avaliações curtas e positivas, sem detalhes.
Lanchonete Restaurante Shallon;-10.9877457618713;-37.0707454681396;Avaliações elogiam a comida boa e farta por preço baixo, o prato feito, os salgados e o suco de laranja, além do atendimento. É citado como opção econômica de refeições e lanches para quem chega ao aeroporto ou aguarda escala.
Lania;-10.9781885147095;-37.0401401519775;Avaliações elogiam o pastel, em especial o de camarão bem recheado, o açaí, o cachorro-quente e o churrasquinho, com bom custo-benefício. O atendimento divide opiniões: há quem o ache simpático e excelente e há relatos de garçom que esquece porções e de equipe desatenta.
Lasanha;-10.9209713935852;-37.0539798736572;Especialidade: brasileira, italiana. Avaliações elogiam a comida saborosa, generosa e bem embalada, o preço justo, o atendimento e as encomendas para almoço de família. O ambiente é descrito como simples e simpático, com pouca espera na retirada. Uma avaliação reclama de muita demora nas entregas e de falta de compromisso com o cliente.
Lavoratte Pizzaria;-10.9405312538147;-37.0836753845215;Especialidade: pizza. Avaliações elogiam a pizza e o atendimento e recomendam para refeições em família, citando como a melhor pizzaria da região do Jabotiana. Uma sugere som ambiente instrumental.
Le Café;-10.9311218261719;-37.0534496307373;Especialidade: café, doces. Avaliações descrevem um lugar aconchegante, bonito e cheio de detalhes, com equipe simpática, bom serviço e comida elogiada. Uma avaliação indica para casais ou encontros e diz que a qualidade se mantém desde a abertura.
Le Crepe;-10.9488534927368;-37.0591850280762;Especialidade: sorvete, lanchonete. Avaliações elogiam os crepes, em especial os doces de Nutella com morango e de palha italiana, bem recheados, e o atendimento rápido. Uma avaliação ficou frustrada com o crepe de banana com carne seca, com pouco recheio e sabor abaixo do esperado pelo valor cobrado.
Leo Lanches;-10.8955860137939;-37.0941905975342;Especialidade: lanchonete, hambúrguer. Avaliações elogiam os lanches caprichados, o atendimento, a entrega no tempo previsto e a rapidez em resolver problemas.
Let's Dance Aju;-10.9363369941711;-37.0588817596436;Avaliações descrevem uma academia de dança com aulas estimulantes, incluindo Tai Chi Chuan, em espaço climatizado e aconchegante. Elogiam o acolhimento, as professoras e a direção.
Licor Gabriela;-10.9191031455994;-37.0646114349365;Avaliações descrevem uma bodega tradicional com licores artesanais feitos no local, em mais de 40 sabores, tira-gostos nordestinos e uma espécie de mini museu de objetos antigos. Elogiam o dono e o clima rústico e caseiro. Críticas: espaço apertado e, em dia de samba, instalações e sanitários que deixam a desejar.
Lig Lanches;-10.9650592803955;-37.0856113433838;Especialidade: lanchonete. As avaliações lidas são todas negativas e tratam principalmente de entrega: demora de uma a duas horas ou mais, pedido que não chegou, lanche entregue frio, pedidos errados e falta de retorno no atendimento on-line. Uma delas sugere fazer a retirada no local.
Ligue Lanche;-10.9660210609436;-37.0859127044678;Especialidade: lanchonete, fast-food. Avaliações curtas e positivas, sem detalhes.
Ligue Pizza;-10.9315629005432;-37.05344581604;Especialidade: pizza. Avaliações em geral curtas e positivas. Uma descreve como pizzaria italiana temática, com garçons educados e atenciosos e pizzas saborosas e bem recheadas, e outra indica para ir com família e amigos.
Lima Bolos;-10.9563941955566;-37.0698337554932;Especialidade: doces, doces e padaria. Avaliações elogiam bolos bonitos e gostosos, salgados e doces grandes e preços bons, com clientes que encomendam para aniversários. Há reclamações sérias de atraso na entrega e de uma torta encomendada com antecedência que não foi feita, além de informação errada sobre a saída do motoboy.
Locatelli Pizzaria;-10.9933090209961;-37.0536403656006;Especialidade: pizza. Avaliações descrevem um lugar simples e simpático, com pizza de massa leve e macia, sobremesa petit gâteau elogiada e preços justos, chamado de achado escondido em Aracaju. Há uma reclamação de pizza que veio quase só borda, com pouco recheio, e considerada cara.
Locus Burger;-10.9523162841797;-37.0682048797607;Especialidade: hambúrguer. Avaliações elogiam hambúrgueres bons e fartos, o zelo com a qualidade, o atendimento e a experiência de comer na calçada da praça. As demais são curtas e positivas, sem detalhes.
Lopan Petiscaria;-10.9669060707092;-37.0457706451416;Avaliações destacam a vista para o rio Sergipe e o manguezal, o pôr do sol, petiscos e cerveja gelada, com elogios a garçons atenciosos. Há reclamações de queda de qualidade, cerveja quente, pedido não lançado após duas horas de espera, banheiros pouco limpos e falta de água. Sem estacionamento próprio.
Lounge Fit Lú e Daniel;-10.9228782653809;-37.0622863769531;Avaliações descrevem um ambiente arejado, espaçoso, tranquilo e aconchegante, voltado a nutrição saudável, com shakes, sopa e receitas variadas. Elogiam os anfitriões, que orientam conforme o objetivo de cada pessoa, e o atendimento.
Loungerie;-10.9451751708984;-37.0474796295166;A única avaliação reclama de uma meia-calça cara que rasgou no primeiro uso e diz que não vale a pena.
Luc's Lanches;-10.9221277236938;-37.0671825408936;Especialidade: lanchonete, fast-food. Avaliações curtas e positivas, sem detalhes.
Lucas Lanches;-10.9140496253967;-37.0802783966064;Especialidade: lanchonete. Avaliações elogiam lanches e hambúrgueres saborosos, atendimento rápido e bom e promoções pelo iFood. Há uma crítica às bebidas da casa, com suco de polpa descrito como quente e doce demais.
Luck's Lanches;-10.9722766876221;-37.0687503814697;Especialidade: lanches. Avaliações elogiam o espaço bacana e arejado, o atendimento e a comida gostosa. Há um relato de experiência constrangedora na primeira compra, em que a casa não resolveu a troca de um lanche pedido errado. As demais são curtas e positivas.
Luvi Burger;-10.9687123298645;-37.0698413848877;Especialidade: hambúrguer. A única avaliação com texto elogia o sanduíche e o sabor da carne e recomenda.
Luz e Mar Inn;-10.9840755462646;-37.0466842651367;Avaliações descrevem apartamentos de temporada amplos, limpos e bem equipados, com cozinha completa, a um quarteirão da orla de Atalaia, em ambiente sossegado indicado para famílias. Elogiam a atenção dos donos e funcionários e o café da manhã. Um hóspede relata que seu cachorro foi bem recebido.
Luzitania Lanches;-10.9115562438965;-37.0489311218262;Especialidade: lanchonete. Avaliações descrevem uma casa tradicional de comida portuguesa no centro, com decoração que remete a Portugal, pratos e bolinhos de bacalhau de boa qualidade, doces tradicionais, vinho e café da manhã. Elogiam limpeza, atendimento e preço. Uma avaliação achou a sobremesa de amêndoas pequena para o valor.
M&S Delicatessen;-10.9334163665771;-37.0636806488037;Especialidade: padaria. Avaliações descrevem uma padaria que também vende itens variados, com pães e bolos frescos e de sabores pouco comuns, elogiados junto com os preços. As opiniões sobre o atendimento divergem: há elogios a funcionários educados e uma crítica dura ao atendimento, ao preço do pão e ao fato de a equipe trabalhar em todos os feriados.
Macarrones;-10.9438467025757;-37.0847091674805;Especialidade: italiana, pizza. Uma avaliação elogia a massa deliciosa, a equipe educada e o ambiente agradável. As demais são curtas e positivas, sem detalhes.
Macaxeirita;-10.9676246643066;-37.0429191589355;Especialidade: buffet (rodízio). Avaliações descrevem um restaurante de comida caseira a quilo, com boas opções de salada, carnes e sobremesas, preço acessível e quentinhas fartas e saborosas. Elogiam a simpatia do atendimento. A ressalva recorrente é não abrir aos sábados e domingos.
Madero Steak House;-10.9457936286926;-37.0477466583252;Especialidade: hambúrguer. Avaliações elogiam os hambúrgueres, o pão e as bebidas, a equipe atenciosa e ágil e o ambiente de luz amarelada com diferentes tipos de assento, indicado para ir com amigos ou a dois. Uma avaliação avisa que é muito caro. As demais são curtas e positivas.
Magg's Sanduiches;-10.988600730896;-37.0492572784424;Especialidade: lanchonete, buffet (rodízio). Avaliações citam boa localização e sanduíche saboroso, com a ressalva de que o lanche ficou abaixo da expectativa em relação ao anunciado e de que não havia opção de combo. As demais são curtas e positivas, sem detalhes.
Maggs Sanduiches;-10.9248661994934;-37.0443344116211;Especialidade: lanchonete, hambúrguer. Uma avaliação detalhada descreve uma lanchonete antiga que manteve sanduíches deliciosos e fartos, opções variadas, bons molhos, combos com bastante batata frita, preços justos e suco de frutas muito elogiado, além de funcionários atenciosos e boa localização. As demais são curtas e positivas.
Mais Sabor Marmitas e Quentinhas;-10.9358100891113;-37.0576801300049;Avaliações elogiam a comida leve, fresca e saborosa, com destaque para a feijoada sem gordura e o bobó de camarão, a praticidade da entrega em casa e o atendimento. Uma avaliação diz que o sabor é muito bom mas critica a quantidade e o suporte a reclamações.
Mais sabor mix coroa do meio;-10.9674558639526;-37.0432605743408;Especialidade: sorvete, doces. Avaliações curtas e positivas, citando boa qualidade, sem detalhes.
Malibu Bar;-10.9327936172485;-37.0588626861572;Uma avaliação cita cerveja gelada e preço razoável. As demais são curtas e positivas, sem detalhes.
Mami Lanches;-10.9802083969116;-37.0491199493408;Avaliações curtas e positivas elogiam a qualidade e o sabor dos lanches, os sanduíches com cubos grandes de bacon e o preço.
Mana Restaurante;-10.9100856781006;-37.072603225708;Especialidade: buffet (rodízio). Avaliações elogiam a comida gostosa, a variedade do buffet, o preço bom, os garçons educados e o espaço amplo e arejado, servindo tanto para comer no local quanto para levar quentinha.
Maná Self-Service;-10.9101624488831;-37.0724773406982;Especialidade: buffet (rodízio). Avaliações elogiam a comida gostosa, a variedade do buffet, o preço bom, os garçons educados e o espaço amplo e arejado, servindo tanto para comer no local quanto para levar quentinha.
Mandacaru Tapiocaria;-10.9633831977844;-37.0799522399902;Especialidade: lanchonete. Avaliações citam variedade de lanches e tapiocas, sucos, música boa, preços acessíveis e atendimento atencioso, em lugar de bairro para ir com amigos, sem diversão para crianças. Há reclamações de tapioca de calabresa com cheiro ruim e gosto azedo e de camarão extremamente salgado com pouco queijo.
Mangabeira;-10.8993158340454;-37.0389041900635;Especialidade: brasileira. Avaliações elogiam o ambiente bonito e a vista na beira do rio, mas criticam bastante a comida e o serviço: pratos frios, galinha caipira dura, espera de mais de uma hora, bebida que não chegou e preço alto para a qualidade. Uma avaliação reclama de gatos e cachorros circulando. Outra achou a comida boa e as porções grandes, sem vontade de voltar.
Mangara;-10.9321608543396;-37.0486907958984;Especialidade: brasileira. Avaliações elogiam a culinária nordestina, o ambiente, descrito como um dos restaurantes mais bonitos de Aracaju, a limpeza e a equipe simpática e prestativa. Indicado para conhecer a comida do Nordeste.
Mango Bar de Praia - Aracaju;-11.0610504150391;-37.0987873077393;Avaliações descrevem um bar de praia com boa música, bebidas bem geladas e banheiro limpo. Uma avaliação diz que o atendimento do garçom deixou a desejar mas que o gerente resolveu com gentileza, outra elogia o atendimento e acha o preço salgado, justificado pelo ambiente. As demais são curtas e positivas.
Manjericão Pizzaria;-10.9529972076416;-37.0610275268555;Especialidade: pizza. Avaliações descrevem um ambiente aconchegante, rústico, arejado e tranquilo, com pizza de massa fina, bem recheada e ingredientes de qualidade. Há crítica ao preço da pizza pequena em relação à grande e um relato de cerca de 20 minutos de espera para ser atendido, tendo o cliente que buscar o cardápio.
Mar Espanha;-11.0246505737305;-37.0746822357178;Especialidade: frutos do mar. Uma avaliação descreve um bar de praia clássico de Aracaju, com cerveja, pastéis, caranguejo, cadeiras e guarda-sóis em uma faixa extensa de praia. As demais são curtas e positivas, sem detalhes.
Mar Food Park;-10.9808073043823;-37.043384552002;Avaliações descrevem uma galeria com várias opções de comida, música ao vivo, cerveja gelada e espaço infantil pago, voltada a famílias, confortável e ventilada. Elogiam a comida mineira, a costela e a panceta. Há críticas ao espaço apertado, à música, ao cantor sem palco e, de forma enfática, a uma arraia mantida em aquário pequeno.
Maria Farinha;-10.9777784347534;-37.0412292480469;Especialidade: brasileira, fast-food. Avaliações elogiam a comida típica, o bom serviço e a localização, com destaque para uma moqueca vegana considerada excelente. As demais são curtas e positivas.
Maria Gulosa;-10.9174513816833;-37.0584945678711;Avaliações descrevem um restaurante a quilo com boa variedade, saladas, opções saudáveis, lanches, doces, salgados e café da manhã no peso, a preço acessível, prático para quem está nas clínicas e no hospital próximos. Elogiam o atendimento. Uma avaliação reclama de suco aguado e servido em copos de tamanhos diferentes.
Marina's Lounge;-10.952974319458;-37.0488891601562;Avaliações elogiam os petiscos e o almoço, com pratos para compartilhar, música ao vivo e ambiente agradável. Uma avaliação cita que aceita cães. As demais são curtas e positivas, sem detalhes.
Mario's Bar;-10.8783082962036;-37.0724754333496;Avaliações curtas e positivas, sem detalhes.
Marisco Bar;-11.0252246856689;-37.0748558044434;Especialidade: drinks. Avaliações mistas. Uma descreve lugar tranquilo, com comida boa e atendimento razoável, mas critica o banheiro sem limpeza, papel e torneiras funcionando. Outra reclama de muita demora para receber o cardápio e mais de uma hora de espera pelo pedido, a ponto de cancelar o almoço e não recomendar. As demais são curtas.
Mariscos & Cia;-10.9324493408203;-37.0687274932861;Avaliações curtas e positivas, sem detalhes.
Marmittaria do Chef;-10.9324026107788;-37.0565910339355;Avaliações elogiam o serviço de marmitas, com comida bem temperada, saudável e cardápio variável. Uma descreve ambiente acolhedor, reformado, com o chef e a esposa como anfitriões de jantares e delivery de hambúrgueres. Outra elogia as aulas de culinária oferecidas no local.
Massapê;-10.9455604553223;-37.0473957061768;Especialidade: café. Avaliações descrevem um café no shopping RioMar com ambiente agradável e bonito e atendimento elogiado. Elogiam bolo indiano, torta italiana e escondidinho de carne seca. Há crítica aos preços, considerados absurdos para xícaras pequenas de café, e ao pão de queijo. Uma avaliação relata que o casal passou mal depois de comer pastéis no local.
Master Grill;-10.9111087;-37.0691387;Especialidade: buffet (rodízio). Avaliações descrevem restaurante de almoço com preço razoável, comida saborosa e bom atendimento, ao lado de um ponto que vende açaí, sorvete e pizza brotinho. Uma avaliação mais crítica diz que o atendimento é razoável, a comida é variada mas muito temperada e a carne do churrasco estava ressecada.
Matsu Delicatessen Petiscaria Sushi Bar;-10.9635572433472;-37.0408535003662;Avaliações elogiam a comida japonesa, os temakis, o preço baixo, a cerveja gelada, o atendimento atencioso da proprietária e a entrega rápida e bem embalada. Uma avaliação crítica diz que a casa oferece coisas díspares sem manter a qualidade em todas e que falta um conceito definido, e não sabe se voltaria.
Maturi;-10.9454355239868;-37.0639324188232;Avaliações descrevem buffet a quilo de estilo regional, com grande variedade de pratos saborosos, ambiente aconchegante e climatizado e serviço elogiado. Indicado nas avaliações para almoço informal com família ou amigos. Uma avaliação observa que não é tão barato.
Mauro;-10.9077887535095;-37.0686817169189;Avaliações citam ambiente aconchegante, cerveja gelada e petiscos de qualidade. Uma avaliação reclama da música alta em região residencial, o que a impede de frequentar. As demais são curtas e positivas.
Max Lanche;-10.9183297157288;-37.0572376251221;Especialidade: lanchonete. Avaliações divididas. Uma elogia como ótimo local para lanchar na madrugada, com bom atendimento. Outras reclamam de sanduíche com pouco recheio pelo preço, alface com areia, ambiente sujo, falta de higiene do chapista, atendimento ruim e desorganização, e não recomendam.
McCafé;-10.9427614212036;-37.059757232666;Especialidade: café. Avaliações majoritariamente críticas. Reclamam de café expresso ralo ou ácido, salgados secos, tortas com gosto artificial, banheiro sujo na madrugada e recusa de venda por falta de troco. Há elogios ao atendimento rápido, bom para pegar café para viagem, e à variedade de cafés doces e gelados.
McDonald's;-10.9449033737183;-37.0485572814941;Especialidade: fast-food, hambúrguer. Avaliações curtas e positivas, uma delas citando serviço rápido e confiável.
McDonald's;-10.9015245437622;-37.0498485565186;Especialidade: fast-food, hambúrguer. Avaliações curtas e positivas. Uma reclama que o painel marca o pedido como pronto e no balcão mandam aguardar mais.
McDonald's;-10.9432220458984;-37.0599803924561;Especialidade: fast-food, hambúrguer. Avaliações curtas e positivas, sem detalhes.
McDonald's;-10.9298696517944;-37.0457782745361;Especialidade: fast-food, hambúrguer. Avaliações curtas e positivas, sem detalhes.
McDonald's;-10.9422283172607;-37.0562648773193;Especialidade: fast-food, hambúrguer. Avaliações descrevem loja limpa, confortável e bem projetada, com equipe simpática e comida no padrão da rede. Uma avaliação diz que a entrega precisa melhorar.
McDonald's;-10.9888391494751;-37.048921585083;Especialidade: fast-food, hambúrguer. Avaliações em geral positivas, citando fast food com drive thru. Uma avaliação critica a estrutura do prédio, com goteiras no teto em dia de chuva, e diz que está fora do padrão de qualidade.
McDonald's;-10.9279823303223;-37.0599575042725;Especialidade: fast-food, hambúrguer. Avaliações curtas, em geral positivas. Uma reclama de fila de 15 minutos.
Mega Opção Pousada;-10.9048433303833;-37.0762691497803;Avaliações elogiam o quarto e a higiene. Uma diz que cumpre bem o básico e sente falta de quarto temático. Outra achou o quarto ótimo mas não recomenda para pernoite por causa do barulho e das risadas altas de funcionários atrás da porta.
Mercadinho e Panificação Requinte;-10.9327731132507;-37.0798206329346;Especialidade: padaria. Avaliações descrevem mercadinho e padaria de bairro, pequeno mas com variedade, bom atendimento e preços na média. Elogiam os pães e as broas, em especial a de milho com goiabada. Uma avaliação reclama de aumento no preço do pão.
Mercado e Ponto do Pão;-10.9243040084839;-37.0631351470947;Especialidade: padaria. Avaliações elogiam o pão, descrito como o melhor do bairro, o atendimento, a variedade e qualidade dos produtos e os preços. Uma cita ambiente agradável.
Mercatto - Sorvetes e Acai;-10.9433040618896;-37.0859107971191;Especialidade: sorvete, açaí. Uma avaliação diz que é a melhor sorveteria da cidade e que tem o melhor açaí. As demais são curtas e positivas, sem detalhes.
Mercearia Dionisio;-10.8991775512695;-37.0729236602783;Uma única avaliação, curta, elogiando os preços.
Mercearia e Panificação São Lucas;-10.925995349884;-37.0762557983398;Avaliações elogiam o atendimento, a variedade de mercadorias, os preços e os bolos. Duas avaliações parecem falar de outro lugar ou não trazem informação sobre o comércio.
Mercearia JD;-10.8938608169556;-37.0835876464844;Avaliações curtas e positivas, descrevendo como uma ótima mercearia para fazer compras.
Mercure Aracaju del Mar Hotel;-10.9751720428467;-37.0395488739014;Avaliações elogiam limpeza, piscina, localização, restaurante e custo-benefício. O café da manhã divide opiniões, elogiado por uns e descrito por outro como desorganizado, com filas e falta de louça. Há críticas ao serviço lento no bar da piscina e nas refeições, à iluminação dos corredores, à cama desconfortável e à acessibilidade para cadeira de rodas.
Mestre do hambúrguer na brasa;-10.931960105896;-37.067361831665;Especialidade: hambúrguer.
Metropolitan Lounge Bar;-10.9700517654419;-37.0560359954834;Especialidade: drinks. Avaliações mistas. Parte elogia casa noturna grande, climatizada, organizada e limpa, com seguranças e bombeiros, bons drinks e eventos bem organizados. Outras reclamam de ambiente fraco, cheiro de lugar fechado, bebidas caras e de cantores que não atenderam um pedido de parabéns.
Meu Bar;-11.0760707855225;-37.1092090606689;Avaliações descrevem bar de praia afastado e menos cheio, bom para quem quer praia sem agitação ou está com crianças. Elogiam cerveja e água de coco geladas, espetinhos, música e preço médio. Há críticas ao atendimento dos garçons e um relato de espetinho de frango que veio cru e precisou voltar para assar.
Meu Patrão Petiscaria;-10.9058275222778;-37.0757656097412;Especialidade: espanhola. Avaliações divididas e em boa parte críticas. Reclamam de som muito alto, petiscos gordurosos ou frios, mesas pequenas, demora, erro na conta, couvert de 15 reais por pessoa e preços altos. Uma elogia os garçons apesar das críticas, e outra diz que o bar é muito bom e a comida maravilhosa.
Meu Quintal Foodpark;-10.9707374572754;-37.0543651580811;Avaliações descrevem food park aconchegante, coberto, com vários restaurantes (hambúrguer, mexicana, pizza, japonesa, árabe), música ao vivo, estacionamento, área pet e área kids, e boa acessibilidade. Indicado para happy hour e para ir a dois. Uma avaliação reclama que a monitora do espaço kids pago ficou ausente por uma hora e meia.
Mi Piace;-10.9626059532166;-37.0404872894287;Especialidade: pizza, italiana. Avaliações elogiam as pizzas, bem recheadas e com ingredientes frescos, o ambiente aconchegante com área coberta e a céu aberto e a gentileza dos garçons. Há críticas ao atendimento lento, à falta de ar condicionado e a mosquitos à noite. Uma avaliação relata que uma barata pulou no prato e que não houve pedido de desculpas.
Milano Rooftop;-10.960036277771;-37.042028427124;Especialidade: italiana. Avaliações bem divididas. Parte elogia a vista para o mar e a cidade na cobertura, sobretudo no pôr do sol, o café da manhã variado, o jantar e o atendimento. Outras relatam grupo ignorado pelos funcionários com o salão vazio, café da manhã ruim pelo preço, com café queimado e frutas passadas, e ambiente sujo.
Miletto;-10.9429998397827;-37.0515899658203;Especialidade: italiana. Avaliações descrevem ambiente sofisticado e aconchegante, com arquitetura elogiada e vários espaços integrados. Elogiam comida, drinks, café da tarde, prato executivo e atendimento gentil. Há quem ache a equipe pouco atenta e lenta e quem não repetiria uma das sobremesas.
Mini Bar e Lancamento do Aldo;-10.8957853317261;-37.0940914154053;Avaliações curtas, em geral positivas, citam bar raiz com atendimento personalizado. Uma avaliação diz que o lugar é pequeno e apertado.
Mini Delicias | Salgados e Doces em Aracaju;-10.942608833313;-37.0801944732666;Especialidade: lanchonete, doces e padaria. Avaliações tratam quase só de pedidos por delivery, com opiniões divididas. Há elogios aos salgados, à variedade e à entrega rápida. Há reclamações de pedido que não chegou, de mini churros com massa crua e diferente das fotos e de cheddar frio.
Mirian dos santos bar e restaurante;-11.0296602249146;-37.0777282714844;Avaliações descrevem bar de praia tocado pela dona, com música ao vivo, mesas simples e lounge com rede, bom para passar o dia. Elogiam atendimento hospitaleiro, comida farta e preço justo. Uma avaliação reclama de ambiente pouco limpo, comida cara e de baixa qualidade e caranguejo mal cozido.
Mister Maggo Lanches;-10.9369587898254;-37.0682849884033;Especialidade: lanchonete. Avaliações descrevem lanchonete de rua simples, com comida boa, atendimento ótimo e rápido. Uma elogia o filé acebolado.
Mister Quilo;-10.9246048927307;-37.0538730621338;Especialidade: buffet (rodízio). Avaliações descrevem self-service por quilo para almoço, com comida simples e saborosa, muitas opções de saladas e carnes, ambiente arejado e organizado e bom preço. Há críticas de poucas opções para quem chega tarde, falta de reposição após 13h30, comida que esfria e dificuldade para estacionar.
Mister Salad;-10.9247889518738;-37.0521945953369;Uma única avaliação, curta e positiva, diz ser a melhor opção das proximidades.
Mistura Nordestina;-11.0681171417236;-37.1194610595703;Especialidade: brasileira. A maioria das avaliações é curta e positiva, sem detalhes. Uma avaliação mais longa relata surpresa muito positiva, com ambiente limpo, bom atendimento e comida elogiada, citando carne de fumeiro e macaxeira frita, além da possibilidade de visitar a cozinha.
Mittri;-10.9953508377075;-37.0604877471924;Avaliações descrevem restaurante sofisticado e acolhedor, com pratos de preparo cuidadoso, como steak tartar feito na mesa, crudo de atum e tiramissu, e atendimento atencioso. Preço considerado condizente com a proposta. Uma avaliação critica serviço muito lento e desorganizado para a faixa de preço e detalhes de manutenção. Localização um pouco escondida.
MIX Lanches industrial'''';-10.9004712104797;-37.0526599884033;Especialidade: lanchonete. Avaliações curtas e positivas elogiam a qualidade dos lanches e o atendimento.
Mix Mania Lanches;-10.912181854248;-37.0509853363037;Uma avaliação elogia o açaí, o tempero da comida do buffet, o suco de mangaba, o bom preço e o atendimento. Diz que o buffet tem pouca diversidade de pratos, mas o suficiente para comer bem.
MOAI Gastrobar;-11.0996050834656;-37.1493186950684;Avaliações descrevem lugar simples e aconchegante, de clima familiar, com vista bonita e música ao vivo. Elogiam pratos saborosos e preço justo. A crítica recorrente é a demora e a confusão no serviço quando enche, com relato de mais de duas horas de espera pelo almoço.
Moqueca Alagoana;-11.0646562576294;-37.1010551452637;Especialidade: frutos do mar. Avaliações curtas e positivas, sem detalhes.
Morada Dona Sinforoza;-11.0990772247314;-37.1457538604736;Avaliações curtas e positivas elogiam a simpatia de Dona Sinforoza e da família, o bom atendimento e o lugar como bom para relaxar.
Mori;-10.9964714050293;-37.0546970367432;Especialidade: japonesa, japonesa (sushi). Avaliações curtas e positivas citam comida japonesa e drinks, com um sushi diferente e saboroso.
Mostarda Bar Bistrô;-10.9305143356323;-37.049488067627;Avaliações descrevem lugar pequeno e aconchegante, com salão climatizado, terraço e mesinhas na calçada. Elogiam a comida, o menu fechado como bom custo-benefício, vinhos e drinks. Opiniões divididas sobre o atendimento, de bom a péssimo, e uma crítica a um nhoque adocicado.
mrs cake;-10.9268207550049;-37.0558948516846;Especialidade: doces, padaria. Avaliações descrevem a casinha como lugar encantador para brunch, café da manhã e lanche da tarde, com cardápio variado e criativo, itens especiais do dia, croissants, panini e bowls. Elogiam a equipe simpática e acolhedora e a atenção a quem é vegetariano.
Multiverso Game Café;-10.9638681411743;-37.0834922790527;Especialidade: café. Avaliações curtas e positivas. Uma descreve ótimo ambiente para quem tem hobbies nerds, com donos simpáticos e atendimento elogiado.
Mykonos Restaurante;-10.9297938346863;-37.0498104095459;Avaliações descrevem um dos restaurantes mais bonitos da cidade, com três salões e decoração que remete à Grécia. Elogiam o atendimento cordial e bem treinado, o menu executivo e pratos como nhoque, robalo com farofa de castanha e risoto de limão siciliano. Uma cita reserva para o almoço de domingo.
Nagibe Pizzaria;-10.9711048;-37.0461294;Especialidade: pizza. Avaliações divididas. Parte elogia a pizza, o ambiente aconchegante e o atendimento. Outra parte critica com dureza massa industrializada, molho de lata e queijo de baixa qualidade. Há menção a som alto e a uma falha no pedido.
Não Saia da Rota Acarajé e Abará;-10.9426951408386;-37.0801486968994;Avaliações elogiam o acarajé, feito por baianos, com muitas opções, inclusive veganas, atendimento rápido e preços bons. Uma avaliação relata atendimento grosseiro e arrogante em um contato com o estabelecimento.
Narguileaju Hookah Lounge e Tabacaria;-10.9241752624512;-37.0481014251709;Especialidade: drinks. Avaliações descrevem lounge de narguilé climatizado e aconchegante, com tabacaria, música boa, cerveja gelada e atendimento elogiado. Citado como bom para encontros e para reunir amigos, com narguilé barato.
Nascimento Praia Hotel;-10.9742431640625;-37.03879737854;Avaliações descrevem hotel simples, com boa localização, bom quarto, café da manhã bem servido, estacionamento e preço relativamente baixo. Há reclamação da equipe da noite, pela dificuldade em conseguir um cobertor, e do check-out. Funcionários do dia são elogiados.
Naturais Açaí;-10.9336090087891;-37.0708312988281;Avaliações curtas, na maioria positivas. Uma diz ser um dos melhores açaís do estado. Uma reclama que não fornecem o que anunciam.
NB Hotéis;-10.9449434280396;-37.0610103607178;Avaliações elogiam quartos espaçosos e aconchegantes, estacionamento coberto gratuito e localização tranquila, perto de shopping. Uma avaliação longa reclama da internet ruim, apesar de garantia prévia do hotel, e de a equipe ter ignorado os pedidos de solução.
NemPeixe Rango Vegetal;-10.9462080001831;-37.0836143493652;Especialidade: doces. Uma avaliação elogia os pratos veganos e a quantidade de opções. Outra relata ter ido ao local e encontrado fechado, com aparência de abandonado.
New Hakata;-10.9271326065063;-37.0430736541748;Especialidade: japonesa, japonesa (sushi). Avaliações descrevem ambiente aconchegante com vista para o rio, equipe simpática, comida saborosa e preços bons. Uma avaliação achou a comida chinesa apenas regular.
Next Lounge;-10.969199180603;-37.0563793182373;Avaliações descrevem ambiente amplo e ventilado, com música ao vivo, cerveja gelada, mariscos, porções generosas, preços justos, espaço kids e banheiro adaptado para PCD. Uma avaliação relata ter ido almoçar, chamado pelo botão eletrônico por dez minutos sem ser atendido e ido embora.
Nivaldo;-10.9409790039062;-37.0638370513916;Avaliações descrevem boteco tranquilo, com cerveja gelada e petiscos como sarapatel, feijoada, dobradinha, caldos e mocotó a preço de boteco. O dono, Nivaldo, é citado como simpático e atencioso. Uma avaliação recomenda principalmente para público a partir dos quarenta anos.
Nordestao;-10.9893817901611;-37.0492763519287;Especialidade: brasileira, drinks. Avaliações elogiam a comida, em especial o caranguejo, o clima do lugar e o atendimento gentil. Uma avaliação relata ter chegado às 21h45, antes do horário de fechamento informado, e ser avisada de que a cozinha estava fechada e só havia música, com atitude rude do funcionário.
Norimaki Sushi Delivery;-10.9260191917419;-37.0668468475342;Avaliações tratam de pedidos por delivery e são na maioria negativas. Há reclamações de atrasos de mais de uma hora, de item faltando no pedido sem aviso, de reembolso irrisório e de prato com pouco ingrediente.
Nossa Confeitaria;-10.9229025840759;-37.058422088623;Especialidade: doces e padaria, doces. Avaliações curtas e positivas, sem detalhes.
Nossa Massa;-10.9773173332214;-37.0688724517822;Especialidade: lanches, brasileira. Avaliações descrevem pastelaria em ambiente confortável e organizado, com pastel sequinho, bem recheado e muitos sabores. Não há serviço de mesa, o pedido é feito e pago no caixa. Uma avaliação elogia o pastel, mas critica o atendimento como péssimo e cheio de regras e a resposta recebida a uma crítica.
Nosso Quintal;-10.9438152313232;-37.0812377929688;Avaliações descrevem lugar aconchegante e bem decorado, com self-service variado, comida bem temperada e preço bom. Elogiam o ambiente e a música. Uma avaliação conta que havia música ao vivo e pratos à noite, mas que agora a casa só funciona no almoço. Outra diz que o atendimento pode melhorar.
Novo Tropical Praia Hotel;-10.9731230735779;-37.0383396148682;Avaliações curtas e em geral positivas. Uma cita bom lugar para descansar, boa piscina e bom café da manhã, e outra diz que é um bom lugar para beber com amigos.
Nukoni Temakeria;-10.9317483901978;-37.0480480194092;Especialidade: japonesa (sushi), japonesa. Avaliações divididas. Parte elogia o sushi como um dos melhores de Aracaju, o ambiente aconchegante, o atendimento e o ceviche. Outras relatam mais de uma hora de espera sem receber o pedido, cozinha caótica, sashimi com gosto forte, prato errado e equipe mal treinada para resolver problemas. A mesa externa é citada como barulhenta.
Nutril Refeições;-10.9193849563599;-37.0715084075928;Avaliações curtas e mistas. Algumas elogiam a comida e chamam de excelente unidade de refeições. Uma relata infecção intestinal após comer uma lasanha fornecida pelo local e outra faz crítica vaga sem dar detalhes.
Ô de Casa Sorveteria e Açaí;-10.9699950218201;-37.0674457550049;Especialidade: sorvete, doces. Avaliações descrevem sorveteria aconchegante, limpa, organizada e de clima familiar, com sorvetes e açaí elogiados, vários complementos e bom atendimento. Indicada para ir com família e amigos. Uma avaliação pede mais opções de sorvete diet.
O Grande Choripan;-10.9328660964966;-37.0646553039551;Avaliações elogiam o atendimento, o choripan feito por um argentino e os preços.
O Miguel;-10.9838914871216;-37.0533542633057;Especialidade: frango, brasileira. Avaliações descrevem restaurante de comida e ambiente tradicionais, sem sofisticação, com serviço eficiente e descontraído, ambiente aconchegante e comida saborosa. Citado como bom para grupos e casais. As demais são curtas e positivas.
O Nordestão;-10.9424481391907;-37.0650539398193;Há reclamações fortes de preço: duas avaliações relatam quilo a cerca de 149 reais, sem o valor exposto, e falam em exploração de turistas. Uma avaliação curta é negativa e outras curtas são positivas, sem detalhes.
O Quintal;-10.9309930801392;-37.0533561706543;Avaliações elogiam o ambiente, a equipe, opção vegetariana, gelato, espresso e preços razoáveis, e indicam para happy hour. Uma relata demora para abrir a casa, falta dos pratos pedidos e gritaria na cozinha, o que fez o grupo ir embora. Outra acha que o gelato poderia ser melhor.
O Sorvetão;-10.967191696167;-37.0429935455322;Especialidade: sorvete, doces. Avaliações elogiam sorvetes, picolés e açaí, com destaque para o sorvete de tapioca, e o atendimento simpático das atendentes e da proprietária. Descrevem ambiente simples, agradável e familiar, com preços de mercado.
Oakberry Atalaia;-10.9965839385986;-37.0569820404053;Especialidade: açaí, sorvete. Avaliações divididas. Várias chamam de melhor açaí da cidade, elogiam granola, frutas frescas, atendimento e ambiente confortável, e dizem que aceita animais. Uma acha o açaí aguado, caro e reclama de pressão do atendente pelo pagamento. Outra deixou de frequentar porque funcionários da galeria pediram para tirar a bicicleta da calçada.
Oásis Restaurante;-11.0148916244507;-37.068452835083;Avaliações descrevem restaurante de praia rústico e aconchegante, com tempero caseiro elogiado, bom atendimento e preço justo. Há reclamações de quase uma hora de espera por dois pastéis pequenos e de sabor ruim com a casa vazia, e de moqueca de camarão saborosa mas pequena para o valor cobrado.
Ocean Hotel;-10.9881873130798;-37.048755645752;Avaliações curtas e divididas. Uma descreve hotel muito confortável, com quartos espaçosos e bom serviço, e outra dá nota máxima. Outras dizem que o hotel é muito antigo, que os quartos precisam de muitas melhorias e que não voltariam.
Oceanic Beach Bar;-11.0280981063843;-37.07692527771;Avaliações curtas e positivas, sem detalhes.
Ohana - Bar e Restaurante;-11.045877456665;-37.0886974334717;Especialidade: brasileira. Avaliações divididas. Parte descreve bar de praia tranquilo, com música ao vivo, cerveja gelada, caranguejo saboroso e ducha de água doce, bom para ir em família. Outras reclamam de demora e dificuldade para chamar garçom, pedidos errados, comida sem sabor e cara, banheiro muito sujo e descaso do proprietário diante da reclamação.
Oliva Delicatessen e Restaurante;-10.9274306297302;-37.0451507568359;Especialidade: pizza. Avaliações curtas e positivas, sem detalhes.
Olivas Bar;-10.9454226493835;-37.0792961120605;Avaliações descrevem lugar bonito, aconchegante e de alto astral, bom para levar a família, com música ao vivo, petiscos elogiados e cerveja gelada. Duas citam o Almeida Bistrô, parceiro que funciona no local, com comida deliciosa e barata. Uma aponta atendimento um pouco demorado.
Onnu Lounge & Bar;-10.9849281311035;-37.0543460845947;Especialidade: drinks. Uma avaliação detalhada descreve casa em rua meio escondida mas de fácil acesso e com vagas, com área externa e salão climatizado de decoração bonita e acolhedora, pedido por QR code ou com atendente, e achou o risoto saboroso mas nada excepcional. As demais são curtas e positivas.
Original's Smash Burgers;-10.9401578903198;-37.0544586181641;Especialidade: hambúrguer, lanchonete. Avaliações divididas sobre hamburgueria em food park descrito como charmoso e tranquilo. Parte coloca o hambúrguer entre os melhores de Aracaju, elogia a batata, a rapidez e os preços na média. Outras não gostaram, criticando pão, tempero e técnica do smash. O pedido é feito em uma central do food park, o que alguns acham estranho.
OTTO;-10.9766216278076;-37.0417499542236;Especialidade: japonesa. Avaliações em geral positivas sobre a comida e o clima da casa, citada como boa para ir com crianças, com equipe atenciosa e sommelier que entende de vinhos. Uma reclama da cobrança de taxa artística quando o som era apenas uma playlist. Outra achou a comida apenas ok.
Ôxe;-10.8954181671143;-37.0513210296631;Especialidade: pizza. Avaliações elogiam a pizza, o preço justo e o atendimento, com relato de comemoração de aniversário em família. Uma aponta que o ar-condicionado do salão interno não resfria o suficiente. As demais são curtas e positivas.
Ôxe Meninas Culinária Regional;-10.9167404174805;-37.063756942749;Especialidade: brasileira. Avaliações elogiam a comida regional e caseira, no self-service e no à la carte, o ambiente de clima nordestino bem decorado, limpo e acolhedor, o atendimento e o preço justo. Uma observa que o calor no local é grande.
Oxente Pastel e Cia;-10.9063482284546;-37.0831089019775;Especialidade: brasileira. A única avaliação com texto elogia o pastel, com recheio saboroso e bem temperado e massa deliciosa.
Pablo's Bar;-11.1014060974121;-37.1268062591553;Avaliações mistas. Uma elogia comida boa, bebida gelada, bom atendimento, preços razoáveis e música ao vivo com couvert, dizendo ser bacana para família. Outra não recomenda, relata tratamento grosseiro por parte do responsável e cobrança de consumação mínima de 200 reais mais couvert artístico. As demais são curtas e positivas.
Padang lounge bar;-11.06480884552;-37.1016788482666;Especialidade: drinks. Avaliações descrevem bar de praia com boa estrutura, ambiente agradável, música ao vivo com couvert e banheiros limpos. Elogiam atendimento, comida e o fato de aceitar pets. Críticas citam areia suja em frente às mesas, cardápio menor e preços um pouco acima dos concorrentes, drinks que precisam de mais cuidado e demora quando está cheio.
Padaria e Mercearia Santa Cecília;-10.9696407318115;-37.0664615631104;Especialidade: lanches. Uma avaliação elogia o café da manhã, diz que a loja tem de tudo e destaca funcionários muito trabalhadores. As demais são curtas e positivas, sem detalhes.
Padaria Nossa Senhora do Socorro;-10.9750814437866;-37.0430583953857;Especialidade: padaria. Avaliações curtas, na maioria positivas, uma delas elogiando o pão de queijo e outra classificando como regular.
Padaria Pirangy;-10.9196624755859;-37.0652141571045;Especialidade: padaria. Uma avaliação elogia o café da manhã e o lanche da tarde e descreve o ambiente como aconchegante e silencioso. As demais são curtas e positivas, sem detalhes.
Padaria São Pedro;-10.9121608734131;-37.0715274810791;Especialidade: padaria. Avaliações curtas e positivas, sem detalhes.
Padaria Silvana;-10.8981027603149;-37.0679302215576;Especialidade: padaria, lanchonete. Avaliações elogiam a qualidade dos produtos, a variedade de pães, com destaque para os de pizza e de ervas, e o local agradável. As demais são curtas e positivas.
Paladar;-10.9229249954224;-37.0515041351318;Especialidade: buffet (rodízio), brasileira. Avaliações elogiam a comida caseira, o ambiente familiar, limpo e organizado, o atendimento, a localização e o preço justo. Uma relata demora na comida e erro na conta, com itens lançados indevidamente na comanda.
Pand'oro;-10.9912662506104;-37.0535068511963;Especialidade: padaria, doces. Avaliações divididas. Parte elogia bolos, café, comidas brasileiras como cuscuz, equipe simpática, ar-condicionado, estacionamento e brinquedos para crianças. Outras acham a padaria mediana e cara e relatam longa espera, pedido queimado, restrição alimentar ignorada, item em falta avisado só após 30 minutos e mesas atendidas fora de ordem.
Pandelli Padaria e Delicatessen;-10.9186482429504;-37.0692234039307;Especialidade: padaria. Avaliações curtas e em geral positivas, sem detalhes. Uma classifica como razoável.
Pandoro;-10.9324207305908;-37.0499496459961;Especialidade: padaria, lanches. Avaliações curtas e positivas. Uma diz que tem tudo o que se quer para um excelente café da manhã e mais.
Panificação Delícia;-10.9224996566772;-37.0471820831299;Especialidade: padaria. Avaliações mistas. Há elogios curtos sem detalhes e uma nota regular. Uma avaliação relata ter comprado bolo de aipim vencido, com etiqueta sobreposta para esconder a validade. Outra diz que o misto quente é bom mas caro para uma padaria.
Panificacao e Armazem Sao Pedro II;-10.9163408279419;-37.063268661499;Especialidade: padaria. Avaliações curtas, entre positivas e neutras (regular, normal), sem detalhes.
Panificacao e Delicatessen Beatriz;-10.8969006538391;-37.057523727417;Especialidade: padaria. Avaliações curtas e positivas, sem detalhes.
Panificaçao e delicatessen Nossa Senhora da purificação;-10.8922357559204;-37.0540714263916;Especialidade: padaria. A única avaliação com texto diz apenas que gostou do atendimento.
Panificacao e Lanchonete Pao e Queijo;-10.9425992965698;-37.0637741088867;Especialidade: padaria. Avaliações curtas e positivas, sem detalhes.
Panificação Farinatta;-10.9292898178101;-37.0638751983643;Especialidade: padaria. Avaliações mistas. Elogiam o almoço simples e gostoso, o café da manhã e os preços em conta. Há reclamação de pães velhos, duros e secos vendidos como do dia, e outra de cobrança de 10% a mais para quem paga com vale alimentação.
Panificação Gabriel;-10.9079637527466;-37.0560531616211;Especialidade: padaria, lanchonete. Avaliações elogiam a simpatia das atendentes do balcão, o pão (um avaliador o considera o melhor de Aracaju, quentinho por volta das 16h), o pãozinho de queijo recheado, os tortaletes e os sanduíches. Citam também produtos de mercearia e almoço com comida boa e bom atendimento.
Panificação Garça;-10.9078559875488;-37.0500431060791;Especialidade: padaria. Avaliações descrevem padaria tradicional e histórica do Centro, fundada em 1927, conhecida pelo pão Jacó e pelos rocamboles de goiabada, com tom de nostalgia de infância. Elogiam atendimento e qualidade dos pães. Uma avaliação lamenta a queda de qualidade do bolo de macaxeira, com sabor químico e rançoso.
Panificacao J F;-10.9223346710205;-37.0492649078369;Especialidade: padaria, lanchonete. Avaliações descrevem uma das padarias mais antigas e tradicionais de Aracaju, elogiada pela qualidade dos pães e com memórias afetivas do bairro. Vários lamentam que o café da manhã e o balcão de lanches foram encerrados. Citam espaço pequeno e estacionamento ruim.
Panificação Pães e Trigo;-10.9272222518921;-37.0668811798096;Especialidade: padaria. Avaliações curtas e positivas, sem detalhes.
Panificação Pão Delícia;-10.9195303916931;-37.0746078491211;Especialidade: padaria. Avaliações curtas, entre positivas e neutras (legal, regular), sem detalhes.
Panificação Salmeron;-10.9370884895325;-37.0618457794189;Especialidade: padaria. Avaliações mistas. Elogiam atendimento rápido e lanches saborosos. Uma avaliação diz que foi bem atendida mas encontrou bolor nas broas de mel ao chegar em casa. As demais são curtas, sem detalhes.
Panificação Sandra Regina;-10.8954129219055;-37.0836544036865;Especialidade: padaria. Avaliações curtas e positivas na maioria. Uma descreve padaria com pães, broa, frios e biscoitos, com lanchonete de pastéis e outros salgados, e atendimento razoável.
Panificação Santa Rita;-10.9089469909668;-37.0698719024658;Especialidade: padaria. Avaliações elogiam os pães, o brigadeiro, os salgados e a broa de mel, além dos bons preços, e uma a chama de melhor padaria da região. Há uma reclamação de pão comprado de manhã que à noite estava duro como pedra.
Panificação São José;-10.9227666854858;-37.0680160522461;Especialidade: padaria. Avaliações elogiam o atendimento e dizem que a padaria está há mais de 35 anos no local, com quase tudo feito na hora, ideal para um café da manhã rápido. Uma a chama de melhor padaria de Aracaju e outra cita bom preço.
Panificação São Pedro;-10.9210171699524;-37.0586032867432;Especialidade: padaria. Avaliações curtas e positivas, sem detalhes.
Panificação Serrana;-10.8987083435059;-37.0929164886475;Avaliações curtas e positivas. Uma recomenda pelo bom atendimento e pelos produtos de qualidade e mais baratos.
Panificação Tawany;-10.8979768753052;-37.0628414154053;Avaliações descrevem panificação com vários tipos de pães e itens de mercearia, local ventilado, preço justo ou moderado e bom atendimento. Uma nota que há rampa de acesso mas a locomoção interna é difícil. Outras são curtas, uma delas regular.
Panificação União;-10.9916572570801;-37.1007747650146;Especialidade: padaria. Avaliações curtas e positivas, sem detalhes.
Panificadora Cruzeiro;-10.9365229606628;-37.0689105987549;Especialidade: padaria. Avaliações curtas e positivas. Uma diz que tem um dos melhores pães do bairro.
Panificadora e Mercearia Grao de Trigo;-10.929922580719;-37.0626468658447;Especialidade: padaria. Avaliações descrevem padaria e mercearia bem variada, com açougue, frutas e bons preços, e elogiam funcionários gentis e educados. Criticam a falta de climatização, que deixa o local quente à tarde, o estacionamento lotado e a retirada do espaço de lanchonete, sem consumo no local.
Panificadora São José;-10.9055790901184;-37.0785388946533;Especialidade: padaria. Avaliações mistas. Uma descreve local aconchegante, padaria e mercearia com jeito de interior, onde se toma café conversando com o proprietário, e elogia a coxinha e o café. Outra reclama que o proprietário atende mal e é mal educado. Outras citam praticidade e variedade.
Panificadora União;-10.932475566864;-37.0698871612549;Especialidade: padaria. Avaliações curtas e positivas. Uma a chama de melhor padaria do bairro.
Panificconjunto santa Luciaação Caroline;-10.9667062759399;-37.0678558349609;Especialidade: padaria. Avaliações descrevem padaria de bairro com o básico, atendimento comunicativo e prestativo, e elogiam o pão, o bolachão, a rabanada e o café expresso. Há uma reclamação forte de falta de respeito, dizendo que amigos e conhecidos do dono têm preferência na fila.
Pão Com Carne;-10.9303374290466;-37.0606174468994;Especialidade: lanches. Avaliações elogiam o sanduíche de costela e de carnes desfiadas, grande e bem servido, os molhos artesanais e a simpatia do dono. Descrevem ambiente agradável, aconchegante e familiar, com música ao vivo de quinta a sábado e couvert. Uma crítica diz que o maçarico deixou gosto de gás no queijo gratinado.
Pao e Cia;-10.9423952102661;-37.0653400421143;Especialidade: lanches. Avaliações elogiam a comida, o atendimento, os pães e os preços acessíveis, e citam café da manhã com self-service, salgados e bolos. Uma avaliação reclama com veemência de ter almoçado e só no caixa saber que o local deixou de aceitar ticket refeição, sem aviso.
Pão e Mel I;-10.8927946090698;-37.0819873809814;Especialidade: padaria. Avaliações elogiam o pão, os produtos de qualidade e o atendimento bom e rápido. Uma descreve como boa padaria e mercearia.
Papa Lanches;-10.9447865486145;-37.0803890228271;Especialidade: hambúrguer. Avaliações curtas e em geral positivas, sem detalhes. Uma classifica como regular.
Papa Tudo Lanches;-10.9323649406433;-37.0688152313232;Especialidade: lanches, lanchonete. Avaliações curtas e positivas na maioria. Uma diz que gostou mas não amou, achando o lanche duro e seco, embora o acompanhante tenha gostado bastante.
Parada Oriental;-10.9529180526733;-37.0547733306885;Especialidade: chinesa. Avaliações mistas. Uma descreve ambiente simples, tranquilo e reservado, com yakisoba bem feito e bem servido, bom preço e bom atendimento, mas rolinho primavera encharcado de óleo. Outra reclama de ambiente quente sem ar-condicionado, atendimento péssimo e 1h20 de espera por um yakisoba.
Paraíba;-10.9659357070923;-37.0409374237061;Especialidade: brasileira. Avaliações curtas e em geral positivas, sem detalhes. Uma classifica como regular.
Paraíso do Baixinho;-11.0258493423462;-37.0755138397217;Especialidade: drinks, frutos do mar. Avaliações descrevem como lugar para passar o dia na praia, com mesas e guarda-sóis grandes, frutos do mar frescos e bebidas geladas, bom para ir em família. Elogiam a equipe. Uma avaliação acha os preços altos e diz que os pratos demoraram mais que o esperado.
Parati Bar e Restaurante;-11.0657548904419;-37.1019268035889;Especialidade: drinks, frutos do mar. Avaliações descrevem lugar bonito, tranquilo e casual à beira-mar, com espaços variados, bom para famílias, casais ou amigos. Elogiam a comida fresca e saborosa. Há quem ache os preços justos e quem ache um pouco caro, e uma avaliação diz que o atendimento poderia ser melhor.
Pare no Play Petiscaria;-10.8954916000366;-37.0847263336182;Especialidade: espanhola. Avaliações descrevem lugar aconchegante e de ambiente familiar, bom para ir com amigos e família, com música boa e som animado nos fins de semana, petiscos elogiados e cerveja bem gelada.
Parmegianno;-10.9655508995056;-37.0564136505127;Especialidade: pizza, fast-food. Avaliações curtas e positivas, sem detalhes. Uma descreve o lugar como familiar.
Pasta da Nonna;-10.977352142334;-37.0427932739258;Especialidade: italiana. Avaliações elogiam a comida saborosa e em porção generosa, a pizza de preço justo e os garçons atenciosos e prestativos, com equipe jovem e simpática. Uma nota que o lugar passa despercebido da rua mas vale a parada.
Pasta Way - Aracaju;-10.9314107894897;-37.0618858337402;Avaliações elogiam as massas artesanais, tradicionais ou integrais, com várias opções de molhos e acompanhamentos, com destaque para o penne ao molho de salmão e o nhoque, além de sobremesas feitas com massa. Uma avaliação fala em preço razoável e comida honesta.
Pastel Caseiro da Vovó;-10.9229030609131;-37.0568294525146;Especialidade: brasileira. Avaliações elogiam o local limpo e o atendimento, e citam várias opções de pastel bem recheado, com massa diferente da convencional. Uma avaliação achou a experiência razoável, com pouco filé no pastel de filé com cream cheese, e sentiu falta de prato e colher para o vinagrete.
Pastel do tinho;-11.0966377258301;-37.1390476226807;Especialidade: brasileira. A única avaliação diz que o pastel é de ótima qualidade, bem recheado e barato, e recomenda a quem estiver pelo Mosqueiro.
Pastel e Caldo de Cana do Miro;-10.9741230010986;-37.0369720458984;Especialidade: brasileira. Avaliações elogiam os pastéis de aratu e de caranguejo, fritos na hora, o caldo de cana, a macaxeira com carne de sol, a variedade do cardápio e o preço justo. Descrevem ambiente simples e limpo e atendimento gentil mas um pouco desorganizado. Sobre o escondidinho há opiniões opostas, uma delas muito negativa.
Pastel e Tapioca da Nega;-10.9542207717896;-37.0654354095459;Avaliações descrevem local simples, de atendimento acolhedor e ambiente agradável, e elogiam a tapioca bem servida, o pastel bem recheado que sai rápido, o cuscuz recheado, os caldos e os sanduíches. Uma diz que é a melhor tapioca e pastel do bairro.
Pastel Sol;-10.9918460845947;-37.0511131286621;Especialidade: brasileira, fast-food. Avaliações dizem que a comida é boa e que o lugar serve bem para comer algo depois da praia ou de uns drinques. Há reclamação de serviço extremamente lento, com espera de cerca de uma hora e meia por um pedido simples. Demais comentários são curtos e positivos.
Pastelaria e Caldo de Cana Bahianada;-10.9037437438965;-37.0487174987793;Especialidade: brasileira. Avaliações curtas e positivas dizem que os pastéis são deliciosos e o preço bem acessível.
Pastelaria Oliveira;-10.8824572563171;-37.0481376647949;Especialidade: brasileira. Avaliações elogiam a massa do pastel, feito na hora, a coxinha crocante por fora e macia por dentro e o atendimento educado e atencioso.
Pasteldarualagarto;-10.9159307479858;-37.053991317749;Especialidade: lanchonete. Avaliações curtas e positivas, sem detalhes.
Pastelito;-10.944043636322;-37.080961227417;Especialidade: brasileira, buffet (rodízio). Avaliações curtas e positivas, sem detalhes.
Paty;-10.9317502975464;-37.0522270202637;Avaliações descrevem um bar simples, sem luxo, bom para descontrair e conversar, com frequentadores divertidos. Elogiam o tempero e a variedade da comida. Há críticas ao preço da quentinha, considerado um pouco alto, e à falta de atenção nos pedidos.
Paulistana Pizzaria;-10.9340496063232;-37.0627841949463;Especialidade: pizza. Avaliações elogiam as pizzas, com massa no ponto e ingredientes de qualidade, incluindo borda de chocolate e doce de leite. Destacam o atendimento, o ambiente agradável e a entrega rápida. Um avaliador diz que virou parada dos fins de semana.
Pé na Areia Beach Club | Aracaju;-10.9732046127319;-37.035758972168;Avaliações divididas. Duas elogiam o lugar, descrito como pé na areia de verdade, e o atendimento. Uma relata que uma família negra se sentiu discriminada, pois os garçons a ignoravam e atendiam clientes brancos que chegaram depois, e por isso foi para o bar ao lado.
Pescador;-10.9371852874756;-37.0514316558838;Especialidade: frutos do mar, espanhola. Avaliações descrevem um restaurante de alto nível com foco em frutos do mar bem servidos, ambiente climatizado, limpo e bem decorado, boa carta de bebidas e atendimento elogiado. Citam acessibilidade na entrada, mesas e banheiro e preços adequados à proposta. Demais comentários são curtos e positivos.
Picolés e Sorvetes Kolitos;-10.9137172698975;-37.0693912506104;Especialidade: sorvete, doces. Avaliações elogiam a variedade de sabores de sorvete e açaí, o atendimento e o ambiente agradável, indicado para a família. Há ressalvas de que o sorvete deixa a desejar e de que tem açúcar demais.
Picolés Estanciano;-10.965874671936;-37.080005645752;Especialidade: sorvete, doces. Avaliações elogiam muito os picolés artesanais, com variedade que vai de frutas e sabores tradicionais a uma linha mais sofisticada, o atendimento e o preço em conta, com picolé a partir de 2 reais. Vários dizem ser o melhor picolé que já provaram.
Pier 13;-10.9248390197754;-37.0435085296631;Especialidade: brasileira. Avaliações mistas. Há elogio ao rodízio, à variedade e à paisagem do ambiente. Há também reclamações de carne preparada diferente do pedido, falta de cerveja e rigidez no horário do happy hour, e de um rodízio de pizza muito lento, com poucas fatias servidas em uma hora e meia.
Pitú com Pirão da Eliana;-10.9817745;-37.0440838;Especialidade: frutos do mar. Avaliações elogiam a comida, com peixes, camarão e carne em porções fartas que servem duas pessoas, e o preço justo. Há elogio ao serviço atencioso, mas também relato de garçom insistente e pouco simpático, mosquitos durante a refeição, ambiente bem simples e vinho vendido só em garrafa.
Pizza Chef;-10.9113388061523;-37.0623455047607;Especialidade: pizza. Avaliações elogiam a pizza, o preço justo, o atendimento e a entrega, que chega quente e pode ser acompanhada pelo site. Dizem que a casa trabalha mais com delivery, que o espaço é pequeno e um pouco quente, e que passou por reforma que melhorou o ambiente.
Pizza d'Oro;-10.9806861877441;-37.0428695678711;Especialidade: pizza, italiana. Avaliações curtas e positivas, uma delas elogiando as pizzas e os preços.
Pizza dos Tios;-10.9409990310669;-37.0652027130127;Especialidade: pizza. Avaliações elogiam a comida, citando pizzas, tapioca de carne do sol e suco de maracujá, e o atendimento atencioso e gentil. Demais comentários são curtos e positivos.
Pizza e brotinho do petrucio;-10.914879322052;-37.0832328796387;Especialidade: pizza. Avaliações elogiam a pizza, descrita como boa, bonita e barata, o cardápio simples e prático e a entrega rápida com pizza quentinha. Há uma reclamação de pedido que não chegou depois de mais de três horas, sem aviso.
Pizza Suculenta;-10.9691452980042;-37.0823879241943;Especialidade: pizza. Avaliações dizem que a pizza é boa, mas há reclamações recentes de demora de até uma hora e meia na entrega, pizza chegando fria, falhas no sistema, taxa de conveniência no site, frete cobrado apesar da promessa de entrega grátis e molho agora pago. Um avaliador sugere buscar no local. Demais comentários são curtos e positivos.
Pizza Tomatello Aracaju;-10.9826498031616;-37.0549850463867;Especialidade: pizza, fast-food. Avaliações elogiam o tempero, a massa fininha com bastante recheio, o preço e o atendimento rápido. Há reclamações de atraso de mais de uma hora e meia na entrega, pizza fria e sem a borda pedida, e de atendimento grosseiro em um pedido.
Pizzaetplay;-10.9729843139648;-37.056941986084;Especialidade: pizza. Avaliações descrevem ambiente aconchegante e reservado, com bom atendimento e preço baixo. Uma diz que a pizza é razoável mas que vale a pena pelos jogos.
Pizzaria Baianinha;-10.8881239891052;-37.0764503479004;Especialidade: pizza. Avaliações tratam de pedidos por delivery e elogiam as pizzas saborosas e bem recheadas, a entrega dentro do prazo, bem embalada e quentinha, o entregador educado e a qualidade constante entre os pedidos.
Pizzaria Deguste;-10.9892950057983;-37.0504817962646;Especialidade: pizza. Avaliações descrevem ambiente amplo, ventilado, sem climatização e limpo, com área kids e parquinho gratuito. Elogiam a pizza de massa mais grossa e aerada, a lasanha e o nhoque. Sobre o atendimento há opiniões opostas: alguns o acham impecável e simpático, outro reclama de muita demora para receber cardápio e fazer o pedido.
Pizzaria Do PortoAju;-10.9851551055908;-37.051248550415;Especialidade: pizza. Avaliações divididas. Há reclamações fortes de pizza seca, fina, sem gosto e com pouco recheio, de produto diferente do anunciado, de atraso na entrega e de um entregador que tratou a cliente com grosseria. Outros gostaram da pizza em promoção e um diz que é sua pizzaria preferida, com refrigerante bem gelado.
Pizzaria e Esfiharia O Farol;-10.9736890792847;-37.0384693145752;Especialidade: pizza, árabe. Avaliações elogiam a pizza saborosa, o atendimento rápido e o ambiente agradável. Uma informa que fica dentro da feira de artesanato de Aracaju e destaca a boa localização.
Pizzaria e Restaurante A Paulistinha II;-10.927206993103;-37.071626663208;Especialidade: pizza. Avaliações curtas e positivas, dizendo que a comida é deliciosa e que é a melhor pizza da cidade, sem mais detalhes.
Pizzaria e Restaurante Gardini;-10.9321870803833;-37.0690631866455;Especialidade: pizza. Avaliações elogiam a pizza, o preço, o atendimento e o almoço de comida caseira com boa variedade de saladas, em ambiente amplo. Sobre o conforto há divergência: um acha o lugar arejado e agradável, outro o achou muito quente e reclama de demora para servir esfihas.
Pizzaria Forno Di Napoli;-10.9752330780029;-37.0653877258301;Especialidade: pizza. Avaliações em maioria curtas e positivas. Uma diz que algumas pizzas tradicionais não são tão boas porque as coberturas são mal preparadas.
Pizzaria Galileo;-11.0399518013;-37.0984802246094;Especialidade: pizza. Avaliações elogiam a pizza e descrevem um ambiente simples, aconchegante e tranquilo dentro de uma hípica, com bom atendimento e espaço para festas. Sobre a entrega há relatos opostos: um recebeu rápido, outro diz que já esperou mais de uma hora e vinte. Um avaliador sente falta de som ambiente.
Pizzaria Garoa Paulista;-10.932373046875;-37.0569305419922;Especialidade: pizza. Avaliações elogiam a pizza, a massa, o atendimento e a grande variedade de sabores, incluindo opções vegetarianas e uma pizza apimentada. Uma menciona que a pizza chegou quentinha.
Pizzaria Paulistinha IV;-10.9897041320801;-37.049633026123;Especialidade: pizza. Avaliações curtas e positivas elogiam a pizza, citada como a melhor da cidade, e o ambiente agradável. Uma menciona que a casa acomodou bem um grupo muito grande.
Pizzaria Pietro;-10.9229111;-37.0580152;Especialidade: pizza. Avaliações curtas e positivas em sua maioria, sem detalhes. Uma diz que o lugar é muito bonito, mas pouco aproveitado, e avisa que os preços não são baratos.
Pizzaria Primo Giuseppe Augusto Franco;-10.9689741134644;-37.0702571868896;Especialidade: pizza. Avaliações elogiam a pizza de massa fina e crocante, os sabores, o atendimento e o preço justo, inclusive na entrega, que chegou rápido. O ponto fraco apontado é o ambiente, descrito como pouco decorado e precisando de melhoria.
Pizzaria Restaurante Senhor Pizza;-10.9368381500244;-37.0625801086426;Especialidade: pizza. Avaliações elogiam as pizzas, o custo-benefício e o atendimento rápido e atencioso. Citam que também serve almoço e quentinha. As críticas são ao ambiente, descrito como quente em dias de calor e que poderia ser mais aconchegante, e à dificuldade de estacionar na porta.
Pizzaria Rocha;-10.8940668106079;-37.0504913330078;Especialidade: pizza. Avaliações curtas e positivas, elogiando a pizza, os sabores e o atendimento educado, sem mais detalhes.
Planeta dos Pastéis;-10.9339437484741;-37.077787399292;Especialidade: brasileira. Avaliações curtas e positivas, sem detalhes.
Planeta Frango;-10.991199016571;-37.0515193939209;Especialidade: frango. Avaliações descrevem um quiosque de frango em food park, elogiando o frango crocante e saboroso, o preço acessível, a simpatia no atendimento e a entrega rápida. Há reclamações de porção menor e pedaços finos em visita recente e de pedido por aplicativo cancelado após uma hora de espera.
Point da tapioca e pastel;-10.9427165985107;-37.0742626190186;Especialidade: brasileira. A única avaliação com texto diz que a tapioca e o pastel são uma delícia e que o lugar é simples, mas agradável.
Point do Acarajé;-10.9053869247437;-37.0792064666748;Avaliações elogiam o acarajé e o bom atendimento. Uma diz que era bom e barato, mas comenta que o preço subiu depois.
Point do Espetinho B Industrial;-10.8993158340454;-37.0519237518311;Avaliações curtas e positivas, sem detalhes.
Point do Espeto;-10.9917478561401;-37.0766162872314;Especialidade: hambúrguer e grelhados, árabe. Avaliações elogiam os espetinhos saborosos e baratos, a cerveja bem gelada e o bom atendimento mesmo com a casa cheia. Descrevem o ambiente como familiar e citam música no fim de semana.
Point do Joca;-11.0146317481995;-37.0679340362549;Avaliações divididas. Há reclamações fortes sobre a postura do proprietário, que teria recusado a devolução de uma porção pequena e ameaçado descontar da garçonete, e sobre atendimento desinteressado ao tirar dúvidas. Outras elogiam a moqueca de camarão e peixe, o caranguejo, a tranquilidade do lugar e a praia acessível e bonita.
Points do Falzinho;-10.9336194992065;-37.0708141326904;Avaliações falam em ambiente agradável, dono gente fina, cerveja bem gelada e doses de bebida generosas. Uma diz que o espetinho de carne não é memorável e outra é uma cobrança de dívida dirigida ao dono.
Pointt's Burger;-10.9434843063354;-37.0684375762939;Especialidade: hambúrguer. Avaliações mistas. Parte elogia os hambúrgueres, do clássico ao gourmet, o atendimento rápido, o ambiente tranquilo e os molhos da casa. Outras reclamam de pão seco, carne com nervo, espera de mais de uma hora, sabonete diluído no banheiro e preço cobrado diferente do cardápio.
Pomar Polpas de Frutas;-10.9572257995605;-37.0781593322754;Avaliações tratam o lugar como fábrica e ponto de venda de açaí e polpas. Parte elogia a estrutura, a higiene, o atendimento atencioso e o preço justo. Outras criticam a qualidade recente do açaí, com cristais de gelo e excesso de aditivos, e a recusa da empresa em informar a origem do produto.
Ponto da Costela;-11.0304384231567;-37.0920162200928;Avaliações curtas e positivas, sem detalhes.
Ponto da Pizza;-10.9710130691528;-37.040189743042;Especialidade: pizza, italiana. Avaliações curtas e positivas, elogiando a pizza, sem detalhes.
Ponto Do Acarajé Express;-10.9768524169922;-37.0467891693115;Avaliações bem divididas. Algumas dizem que o acarajé e o abará são maravilhosos, com preço justo e atendimento nota dez. Outras o descrevem como um dos piores que já comeram, com bolinho oleoso e sem gosto, recheio escasso e sem sabor, preço acima da média da cidade e atendimento distante.
Ponto do Acarajé food truck;-10.9778680801392;-37.0408535003662;Especialidade: lanchonete, fast-food. Avaliações elogiam o acarajé saboroso, bem servido e de preço justo, com opção vegana e vegetariana porque o vatapá não leva camarão. Há crítica a garçom desatencioso, que deixou clientes em pé sem atenção.
Ponto Do CafÉ;-10.9330568313599;-37.0519199371338;Especialidade: café.
Ponto do Churrasco;-10.9321189;-37.0677133;Avaliações mistas sobre um restaurante de almoço. Algumas elogiam a comida e o atendimento. Outras reclamam de porções pequenas para o preço, comida que chegou fria, carne fora do ponto pedido e atendimento desorganizado, com pedido incompleto.
Porto Pirata;-10.9428195953369;-37.080472946167;Especialidade: pizza. Avaliações curtas e positivas, uma delas elogiando a pizza, sem detalhes.
Porto Seaside;-10.9932856559753;-37.0522174835205;Especialidade: hambúrguer e grelhados, buffet (rodízio). Avaliações curtas e positivas. Dizem que é bem localizado e sofisticado, com bom atendimento e pratos bem preparados, servidos rápido e na temperatura certa.
Potyguar;-10.9292039871216;-37.0600147247314;Especialidade: brasileira. Avaliações elogiam a comida, como o prato executivo e a carne do sol, bem servidos e com preço compatível, e o ambiente agradável. O atendimento divide opiniões: há elogios, mas também relatos de que deixa a desejar, sobretudo em dias de lotação, com espera e desorganização.
Pousada Abais;-10.9933528900146;-37.0531349182129;Avaliações curtas e positivas, uma delas dizendo que o lugar é bonito, sem mais detalhes.
Pousada Acalanto;-11.0174856185913;-37.0743942260742;Avaliações descrevem uma pousada simples, com boa acolhida, recepção educada e rua tranquila, a poucos metros da praia e perto de um food park. Uma cita hospedagem de um grupo familiar grande. Apontam infraestrutura espartana, estacionamento apertado e ausência de café da manhã. Duas avaliações dizem apenas que é média.
Pousada Aracaju;-10.9085388183594;-37.0753116607666;Avaliações elogiam a pousada como confortável, limpa e aconchegante, com proprietárias atenciosas e bom café da manhã, e hóspedes dizem que voltariam. Uma sugere garagem maior e quartos mais limpos.
Pousada Aracaju;-10.9896173477173;-37.0510997772217;Avaliações divididas. Parte elogia quartos limpos, embora pequenos, café da manhã variado, funcionários simpáticos, boa localização e o fato de aceitar pet. Uma avaliação relata péssima experiência, com quarto sujo, mau cheiro, colchão velho e roupa de cama em mau estado, diferente do divulgado.
Pousada Aruamar;-11.0161685943604;-37.075231552124;Avaliações elogiam o atendimento, o ambiente, a localização e quartos grandes e limpos. Uma diz que a qualidade depende muito do quarto, pois de três em que ficou só dois estavam bons.
Pousada Atalaia;-10.9864282608032;-37.0491676330566;Avaliações majoritariamente negativas ou medianas. Há relatos de mofo, cheiro de esgoto, baratas, piscina suja, falta de manutenção nos quartos e atendimento ruim. Outras consideram razoável pelo preço da diária, destacando a localização perto dos pontos turísticos, ar-condicionado funcionando e café da manhã básico.
Pousada Beija Flor;-10.9890851974487;-37.0507297515869;Avaliações divididas. Parte elogia a localização na orla de Atalaia, a equipe, os quartos limpos e simples e o café da manhã. Outras reclamam de recepção fria, muitas regras, cobrança insistente do horário de saída, valor diferente entre débito e crédito e relatos contraditórios sobre haver ou não café da manhã.
Pousada Detalhes;-10.8988738059998;-37.0784530639648;Avaliações elogiam a localização e o quarto climatizado, com lanche, bebidas e TV. Há reclamações de cobrança de uma hora a mais do que o tempo usado e de um funcionário que abriu a porta antes de os clientes saírem.
Pousada do Farol;-10.9685056;-37.0373039;Avaliações descrevem quartos simples e bem limpos, com bom custo-benefício. Há críticas fortes ao café da manhã, com bolos e pães ressecados e cuscuz duro. Um hóspede reclama de troca de quarto compulsória por reforma e de recepcionista que se negou a levar toalha de madrugada.
Pousada do Sol;-10.9792928695679;-37.0431346893311;Avaliações elogiam quartos, comida e equipe, e citam o lugar como bom para descansar e próximo à praia. Há ressalvas: um hóspede ficou sem energia durante a noite e outro diz que serviços e infraestrutura precisam de atualização.
Pousada dos Caminhos;-10.9960489273071;-37.055212020874;Avaliações elogiam a localização perto da praia de Atalaia, de restaurantes e bares, o café da manhã farto, a limpeza dos quartos simples e a equipe e a dona, descritas como muito gentis. Hóspedes dizem que voltam sempre e um cita que aceita pets. Ambiente descrito como rústico e acolhedor.
Pousada dos Kiriris;-10.9957413673401;-37.056619644165;Avaliações mistas. Uma elogia o preço, os donos e a acomodação para grupos. Outras reclamam de quartos apertados e sem janela com cheiro de mofo, falta de chuveiro quente, equipamentos velhos, higiene e instalações elétricas precárias e pagamento só em dinheiro.
Pousada Dubai;-11.0239791870117;-37.0877513885498;Avaliações lidas são majoritariamente negativas: hóspedes reclamam de preço alto para pouco conforto, banheiro que alagou, água quente e hidromassagem que não funcionavam, ar que não gelava, quartos sem frigobar e trocas sucessivas de suíte. Uso descrito é de pernoite de casal.
Pousada Ferreira;-10.990330696106;-37.0509357452393;Avaliações divididas. Há elogios ao atendimento da recepção e ao café da manhã. Há reclamações de retenção de parte do valor em desistência, cobrança maior no cartão, ar-condicionado sem funcionar, chuveiro fraco, colchão deformado, falta de itens de limpeza e obrigação de deixar a chave na recepção.
Pousada Ideal;-10.9111979;-37.0734975;Avaliações descrevem pousada muito simples e barata, com quartos quentes de ventilador, servindo para pernoitar. Alguns elogiam funcionários agradáveis, a localização e o clima de casa grande. Há críticas à higiene, a aumento da diária e a um relato de grosseria do dono ao pedir troca de quarto.
Pousada Lua Cheia;-10.9706420898438;-37.0381412506104;Avaliações curtas, entre positivas e neutras. Uma diz que os quartos estavam limpos e o serviço era razoável.
Pousada Luxúria;-10.8882222175598;-37.0848827362061;Avaliações descrevem ambiente muito simples, com só duas opções de quarto, apartamentos apertados e pouca estrutura, mas limpo e que vale pelo preço e pela falta de opções no bairro. Dizem que poderia melhorar muito.
Pousada Mirante das Águas;-10.9681572914124;-37.0372409820557;Avaliações divididas. Uma elogia muito o café da manhã variado, os funcionários atenciosos, a limpeza e a localização. Outra relata experiência muito negativa, com quartos e banheiros em condições precárias de higiene, toalhas encardidas e almofadas manchadas. As demais são curtas e positivas.
Pousada Nacional;-10.9173581;-37.0860095;Avaliações divididas. Uma elogia atendimento impecável, equipe gentil e café da manhã variado com frutas e sucos naturais. Outra descreve pousada simples para o preço, sem toalha de mão, sabonete e papel higiênico, lençol sujo, mosquitos, barulho e moscas no café. Um avaliador relata ter sentido preconceito racial na recepção.
Pousada Nuance;-10.9805760383606;-37.0635280609131;Avaliações divididas. Algumas elogiam suíte limpa, cama boa, hidromassagem com água quente, serviço de quarto e preço baixo do quarto simples. Outras reclamam de ar-condicionado quebrado ou barulhento, falta de água quente, choque na torneira, cheiro de mofo e interfone sem resposta.
Pousada Num Sei;-10.9726657867432;-37.0380897521973;Avaliações curtas e positivas, elogiando a recepção e o atendimento e parabenizando o dono e a equipe. Uma chama o lugar de motelzinho legal.
Pousada Opçao II;-10.9040565490723;-37.0521144866943;Avaliações mistas. Algumas dizem que é organizado, de preço acessível e serve para uma passagem rápida, embora deixe a desejar em conforto. Outras são muito negativas, com queixa de funcionária arrogante e um relato de roubo dentro da pousada.
Pousada Panorâmica;-10.9912266731262;-37.0512790679932;Avaliações reconhecem a boa localização em Atalaia, mas as que trazem detalhes são negativas: recepção considerada rude e desinteressada, quarto antigo, preço alto para a qualidade, TV sem funcionar, falta de toalha e barata no quarto. As demais são curtas, entre positivas e regulares.
Pousada Por do Sol;-10.9881815910339;-37.0501079559326;Avaliações elogiam o café da manhã e a localização, mas criticam bastante o resto: baratas no quarto, falta de limpeza, falta de toalha, papel e sabonete, acomodações e banheiros antigos, fotos que não correspondem aos quartos e sensação de insegurança porque qualquer pessoa entra e sai sem ser abordada.
Pousada Portal da Cidade;-10.9157019;-37.0873953;Avaliações elogiam a proximidade da rodoviária, o atendimento da recepção e do restaurante e o café da manhã simples e gostoso, e a indicam para estadias curtas. As críticas se concentram nos quartos, com mofo, necessidade de pintura e manutenção e wi-fi que não conectou.
Pousada Raio de Sol;-10.9936270713806;-37.0532665252686;Avaliações curtas e positivas em maioria, uma delas chamando de melhor hotel da cidade. Uma avaliação longa é bem negativa: quarto pior que nas fotos, água com mau cheiro, janela e ar-condicionado barulhentos, café da manhã fraco e recepção pouco simpática, mais interessada em vender passeios.
Pousada Santa Fé;-10.9909715652466;-37.051342010498;Avaliações elogiam a localização, o café da manhã e, em parte, quartos limpos com ar e TV novos e bom custo-benefício. Há críticas a uma atendente do turno da noite considerada grossa, à cama estreita para casal e um relato de quarto e banheiro muito sujos e mofados, sem resposta ao pedido de reembolso.
Pousada São Jorge;-10.910080909729;-37.0734748840332;Avaliações descrevem ambiente familiar, com quartos simples, amplos e limpos, preço justo, bom café da manhã, garagem e equipe gentil, perto do centro. Indicada para quem só volta para dormir. Críticas pontuais a TVs que não funcionam, uma única tomada no quarto, cama e ventilador barulhentos.
Pousada São Luiz;-10.9086990356445;-37.0752429962158;Avaliações em geral positivas e curtas. Uma mais detalhada elogia quartos limpos e aconchegantes, a área da piscina, o atendimento e o café da manhã variado. Uma avalia como regular.
Pousada Seducao;-10.9883189201355;-37.0525493621826;Avaliações com detalhes são negativas: baratas no quarto, lençóis que causam coceira, ar-condicionado que não gela, TV e chuveiro com problemas, falta de tomadas e demora no atendimento na chegada. Avaliadores dizem que o preço baixo não compensa. Descrito pelos próprios avaliadores como motel.
Pousada Sergipana;-10.9096674919128;-37.0754165649414;Avaliações descrevem pousada simples, limpa e aconchegante, de preço justo, boa para apenas passar a noite, com funcionários educados e café da manhã simples. Uma avaliação destoa e chama quartos e banheiro de horríveis.
Pousada Silva;-10.9172751;-37.0860887;Avaliações lidas são quase todas negativas: quartos pequenos, abafados e sujos, mofo, cheiro de esgoto, banheiro sem porta, instalações improvisadas e preço que não compensa. O ponto positivo citado é a proximidade da rodoviária. Um avaliador diz ter sido atendido de forma preconceituosa pela recepcionista.
Pousada Sossego;-10.8897523880005;-37.0845947265625;Avaliações curtas descrevem lugar tranquilo, bem limpo e barato. Uma avalia como mais ou menos.
Pousada Sweet Love;-10.9591746330261;-37.0426082611084;Avaliações dizem que as suítes são arrumadas, limpas e aconchegantes e a localização é boa, mas criticam preço acima das opções vizinhas, estrutura desatualizada, garagem estreita e sem cobertura, pouca privacidade na entrada, chuveiros que não esquentam e sensação de insegurança na saída.
Pousada Terracota;-10.9941959381104;-37.0545063018799;Avaliações tratam o lugar como uma casa de aluguel para grupos, ampla, simples e confortável, perto da orla de Atalaia e em rua tranquila. Uma crítica detalhada aponta piscina mal cuidada, maçanetas quebradas, goteiras do ar-condicionado, portão inseguro e wi-fi ruim, dizendo que precisa de reformas.
Pousada Tropical;-10.915719;-37.087085;Avaliações descrevem pousada de pernoite barata, com recepção 24 horas e boa localização, mas com muitas críticas: quartos só com ventilador barulhento, banheiro sem porta, água fria ou falta de água, móveis com cupim, barata e café da manhã fraco servido na pousada vizinha.
Pousada Valmar;-10.9965467453003;-37.0559692382812;Avaliações descrevem pousada simples, de bom preço e muito acolhedora, com elogios fortes à dona e à equipe, quartos limpos, café da manhã completo e bom wi-fi. Fica a dois quarteirões do calçadão, em lugar tranquilo. Hóspedes dizem ter se sentido em casa.
Praia Mar;-10.9851837158203;-37.0464115142822;Avaliações em maioria positivas e curtas, elogiando a localização na praia de Atalaia, o café da manhã e o estacionamento próprio. Uma avaliação é muito negativa: quarto sem janela, cama desconfortável e recepcionista rude, comparando o lugar a um hostel barato.
Prainha Bar;-11.0864963531494;-37.1546821594238;Especialidade: frutos do mar. Avaliações elogiam a localização bonita, o pôr do sol, a música ao vivo com violinista, os drinks e o serviço, e dizem que é bom para famílias com crianças e para fins de tarde românticos. Uma avaliação achou a comida apenas ok, com caranguejo pequeno, petisco de peixe salgado e aplicativo de cardápio que falha.
Preta Lounge Bar e petiscaria;-10.9147729873657;-37.0689563751221;Avaliações descrevem lugar simples e de raiz, com samba ao vivo aos sábados, comida elogiada, música boa e bom atendimento. Uma ressalva é a pouca variedade de cervejas.
Primme;-10.9690275192261;-37.037088394165;Avaliações detalhadas são bastante negativas: recepção desorganizada e de má vontade, quedas de luz e falta de água, quartos sem manutenção e mal limpos, fronhas manchadas, cama desconfortável, chuveiro ruim e barulho à noite. Dizem que a recepção bonita engana. As demais são curtas, entre positivas e regulares.
Primos Burger;-10.9073972702026;-37.0729007720947;Especialidade: lanchonete, fast-food. Avaliações curtas e positivas, sem detalhes.
Pronta Pizza;-10.9050168991089;-37.0733108520508;Especialidade: pizza. Avaliações elogiam a pizza e o preço baixo, uma delas a chama de melhor do estado. Há uma reclamação de que o valor informado no pedido com entrega subiu depois e que pelo aplicativo sai mais barato. Uma avaliação fala de uma barbearia e parece não se referir ao lugar.
Quality;-10.943395;-37.0482048;Avaliações elogiam equipe simpática e atenciosa, café da manhã variado, piscina, quartos silenciosos e auditório bem equipado para eventos, além da proximidade de um shopping. Há críticas de preço alto para a categoria, banheiro compacto e falta de itens no quarto, e um relato muito negativo sobre check-in sem atendimento em inglês e paredes finas.
Quality Hotel Aracaju;-10.9436855316162;-37.0477294921875;Avaliações elogiam equipe simpática e atenciosa, café da manhã variado, piscina, quartos silenciosos e auditório bem equipado para eventos, além da proximidade de um shopping. Há críticas de preço alto para a categoria, banheiro compacto e falta de itens no quarto, e um relato muito negativo sobre check-in sem atendimento em inglês e paredes finas.
Quanto Prima Ferreira Costa;-10.9463405609131;-37.0749187469482;Avaliações são na maioria negativas e tratam do delivery: pratos frios, sem tempero, arroz ressecado ou com gosto de velho, frango mal preparado e pedido trocado sem canal para correção. Uma cliente antiga relata queda de qualidade. Uma avaliação elogia o almoço no local, com prato generoso e sem demora, apesar do arroz um pouco frio.
Querida Esfiha;-10.9535665512085;-37.0625133514404;Especialidade: pizza. A única avaliação com texto diz que as esfihas às vezes são boas, mas reclama de atrasos muito grandes na entrega, com espera de mais de duas horas e pedido cancelado.
Queridãomix;-10.991997718811;-37.1007556915283;Especialidade: sorvete, doces. Avaliações descrevem loja de açaí e sorvetes com bom preço, muitas opções de complementos e bom atendimento. Há reclamações fortes sobre o delivery, com espera de mais de uma hora e meia a duas horas, telefone que ninguém atende e peso entregue menor que o comprado.
Quero + açaí;-10.9757318496704;-37.0657196044922;Especialidade: sorvete, doces.
Quero Açai;-10.911808013916;-37.0508975982666;Especialidade: sorvete, doces. Avaliações elogiam o açaí self-service, com grande variedade de sabores e acompanhamentos, preço justo, ambiente organizado e atendimento excelente.
Quiosque 07;-11.0632190704346;-37.1009693145752;Avaliações elogiam o ambiente agradável e bem cuidado, com música ao vivo, piscina pequena para crianças, muitas cadeiras e estacionamento coberto, além do bom atendimento dos garçons. Sobre a comida as opiniões divergem: uma diz que é boa e bem feita, outra que não estava boa em uma festa de réveillon.
Quiosque Descanso da Tapioca- Orla;-10.9779334068298;-37.0399303436279;Especialidade: brasileira, hambúrguer. Avaliações são todas negativas: reclamam de atendimento grosseiro e sem conhecimento do cardápio, pastéis pequenos, queimados e com recheio ruim, comida fria ou requentada e preço que não compensa. Uma relata suco servido com açúcar sem aviso a uma pessoa diabética. O caldo de cana é o único item elogiado.
Rainha da Mesa;-10.9782695770264;-37.0400409698486;Avaliações elogiam tapiocas grandes e bem recheadas, pastéis, acarajé, escondidinho de camarão e suco de mangaba, com destaque para o recheio de charque com queijo. Clientes antigos citam bom atendimento e bons preços. Uma avaliação relata demora para ser atendido com a casa cheia e ressalva quanto aos preços.
Rancho Espeto Churrascaria;-10.9174571037292;-37.0643939971924;Avaliações elogiam o tempero, a comida saborosa, o preço e o atendimento atencioso dos garçons. Há críticas ao local quente, à qualidade de pratos e talheres, que ficam expostos em bandeja, e um relato de cobrança considerada abusiva por uma carne feita à parte.
Ratatouille;-10.9241571426392;-37.04905128479;Especialidade: buffet (rodízio). Avaliações têm tom misto sobre o almoço. Há quem elogie a comida, o jeito familiar, o preço e o atendimento atencioso. Outras reclamam de arroz com gosto azedo às 13h, poucas opções dependendo do horário e proteínas, arroz e macarrão que deixaram a desejar.
Real Classic Hotel;-10.976140499115;-37.0401515960693;Avaliações elogiam a localização, a vista para o mar, o café da manhã com muitas opções, os preços e o ambiente tranquilo. As opiniões sobre a cama divergem, de muito confortável a desconfortável. Há críticas a quarto pequeno, toalhas e limpeza que poderia ser melhor.
Real Praia Hotel;-10.9784116744995;-37.0418453216553;Avaliações têm tom misto. Elogiam a localização em frente à praia, o café da manhã, a equipe simpática e o custo pelo preço. Há críticas à estrutura antiga e a falhas de serviço, e um relato bem negativo de lençóis sujos, água salgada na torneira, chuveiro sem água quente e umidade no quarto.
Recanto Chinês da Rose;-10.9431009292603;-37.0849647521973;Especialidade: chinesa. Avaliações elogiam o yakisoba bem temperado, em porção farta que serve duas pessoas, com preço baixo, e o bom atendimento. Uma avaliação observa que o local é pequeno e que dá para levar para casa ou pedir delivery.
Recanto da Feijoada;-10.9710683822632;-37.0634593963623;Avaliações elogiam a feijoada, citada como a melhor de Aracaju e comparada à de São Paulo, com pouca gordura, carnes de qualidade e tudo fresco. Também elogiam a entrega pontual com a comida quente, o atendimento e os preços justos.
Recanto da Orla;-10.9807157516479;-37.0441761016846;Avaliações curtas e positivas. A única com detalhe cita preço razoável pelo que oferece e boa localização.
Recanto do Acarajé;-10.9114599227905;-37.0766906738281;Especialidade: lanchonete. Avaliações são na maioria negativas. Reclamam do atendimento, que prioriza entregas por aplicativo e pedidos para viagem e deixa quem come no local esperando de 30 minutos a uma hora, e de pedido por WhatsApp confirmado e não entregue. Também criticam o camarão sem sabor e o vatapá. A massa do acarajé recebe um elogio moderado.
Recanto do Agresteiro;-10.9072918891907;-37.0483493804932;Avaliações descrevem comida caseira simples e gostosa, por quilo e em buffet, com atendimento simpático e música de sanfona e forró. Fica dentro do mercado, e uma avaliação diz que por isso é barulhento e pouco aconchegante. Sobre preço há divergência: uma diz que é barato, outra que o à la carte não é.
Recanto Do Ary;-11.0674743652344;-37.1035938262939;Avaliações descrevem bar de praia simples e barato, com cerveja gelada, pratos saborosos e pessoal bacana. Há reclamações repetidas de banheiros imundos e quebrados, atendimento ruim e demorado, com uma só garçonete, itens do cardápio em falta e sombreiros pequenos.
Recanto do China;-11.0706748962402;-37.1425075531006;Especialidade: brasileira. Avaliações elogiam a comida saborosa e bem temperada, com destaque para caldinho de mariscada e peixe frito, porções e acompanhamentos fartos que servem duas a três pessoas, serviço excelente e tempo de espera adequado.
Recanto Gaucho;-10.9270133972168;-37.0543975830078;Especialidade: churrasco, pizza. Avaliações curtas e positivas, sem detalhes.
Regina Deli;-10.9443554878235;-37.0893115997314;Especialidade: padaria, lanches. Avaliações curtas e positivas, sem detalhes, com menção a bons produtos e conforto.
Regina Delicatessen;-10.9371862411499;-37.0638790130615;Especialidade: padaria, lanches. Avaliações curtas e positivas, com elogio ao café. Uma descreve o lugar como agradável e bastante tradicional e elogia a lasanha de frango.
Regina Delicatessen;-10.9443187713623;-37.0893230438232;Especialidade: padaria, lanches. Avaliações curtas e positivas, sem detalhes, com menção a bons produtos e conforto.
Régis Bar E Restaurante;-10.9091949462891;-37.0547370910645;As duas avaliações com texto elogiam a comida, o atendimento e o dono, e uma recomenda o suco.
Rei Beach Lounge Bar;-11.0670495033264;-37.1032028198242;Avaliações são na maioria curtas e positivas, e uma descreve o lugar como perfeito para famílias. Há uma crítica à comida, dizendo que o filé de peixe veio sem sabor e parecia congelado, o que considera inaceitável à beira-mar.
Rei Costela Bafo;-10.9322352409363;-37.058744430542;Avaliações elogiam as carnes suculentas vendidas por quilo, com vinagrete e opção de arroz e feijão tropeiro à parte, o preço justo e o atendimento rápido. Descrevem como serviço que atende no canteiro e boa opção para o fim de semana.
Rei da Picanha;-10.9364023208618;-37.0542163848877;Avaliações têm tom misto. Há elogios à comida, ao atendimento e ao ambiente climatizado. Outras reclamam de domingo com ar-condicionado desligado, falta de garçons e carne que não passava, de acompanhamentos que deixam a desejar e de funcionário rude quando o cliente não pagou os 10% completos.
Rei da sopa;-10.940821647644;-37.0530834197998;Avaliações elogiam o ambiente familiar, limpo e confortável, com estacionamento amplo, e a sopa bem servida e barata, com destaque para a de macaxeira com charque. Há várias reclamações de atendimento: garçons grosseiros, pedidos errados, cobrança de item não consumido e taxa de serviço, além de quem ache a comida cara.
Rei da Sopa;-10.9424161911011;-37.0802555084229;Avaliações curtas e positivas, sem detalhes. Uma elogia a carne e a sopa.
Rei da Sopa Praia;-10.994270324707;-37.0529956817627;Avaliações descrevem ambiente agradável e familiar, com comida bem preparada e saborosa que chega rápido à mesa, excelente atendimento e área kids. Uma avaliação elogia a comida e o serviço mas acha os preços altos.
Rei do Acarajé Aju;-10.8992400169373;-37.0590229034424;Avaliações são muito elogiosas ao acarajé, apontado por vários como o melhor de Aracaju: bolinho sequinho e macio, sem excesso de dendê, vatapá levemente adocicado e camarão bem avaliado. Uma avaliação fala em clima de amizade no atendimento.
Rei do Cangaço Restaurante;-10.9733986854553;-37.0383281707764;Avaliações são mistas. Há elogios ao ambiente aconchegante, aos funcionários atenciosos, ao hambúrguer e à comida vegana de boa qualidade, e quem ache o preço justo. Outras relatam comida mais ou menos, cerveja quente e preço alto para uma refeição simples.
Rei do Galeto;-10.9910473823547;-37.0618457794189;Especialidade: frango. As avaliações com texto são negativas e falam principalmente de pedidos para entrega: frango assado sem tempero e quase cru, marmita com poucos acompanhamentos, pouca comida pelo preço, entregador mal-educado e falta de solução da loja para os erros. As demais são curtas e sem detalhes.
Rei do Guaiamum;-11.0642433166504;-37.1379737854004;Especialidade: frutos do mar. Avaliações são divididas. Parte elogia a comida, o guaiamum gordo, o ambiente fresco e ventilado, a cozinha limpa e o caráter de negócio familiar. Outra parte reclama de atendimento fraco, mal-humorado e desorganizado, demora dos pratos e comida cara e simples, notando que o lugar vive cheio.
Rei do Mate;-10.9204053878784;-37.0554504394531;Especialidade: café. Avaliações elogiam o atendimento rápido, a variedade de bebidas, os pães de queijo, o cappuccino e os sucos. Há críticas ao waffle de pão de queijo servido frio, ao preço dos sanduíches, a um cappuccino entregue com menos volume que o pedido sem troca e a uma loja encontrada fechada apesar do horário informado.
Rei Do Mate;-10.9447507858276;-37.0484218597412;Especialidade: café. Avaliações elogiam cafés, cafés gelados, mates e frappê, e uma delas considera esta a melhor loja da rede na cidade, com funcionárias atenciosas e organizadas. Outras criticam atendentes lentas ou desmotivadas, loja cheia e porções pequenas para o preço.
Rei Hamburguer;-10.9264841079712;-37.0580806732178;Especialidade: hambúrguer, lanchonete. Avaliações curtas e positivas. A única com detalhes elogia o sabor dos hambúrgueres e os preços e descreve o lugar como aconchegante para ir a dois.
Rekinte;-10.9874782562256;-37.0508556365967;Avaliações curtas e positivas. As que trazem algum detalhe elogiam os quartos, o café da manhã, a equipe simpática e o preço acessível.
Renatao;-10.9756546020508;-37.0719013214111;Especialidade: buffet (rodízio), churrasco. Avaliações curtas, entre neutras e positivas, sem detalhes.
Rendeiro Restaurante;-10.9633097648621;-37.0405864715576;Especialidade: brasileira. Avaliações em geral elogiam a comida saborosa e bem servida, o atendimento, o ambiente agradável e o menu em etapas com entrada, prato, vinho e sobremesa. Há ressalvas a bebidas e vinhos caros, a pratos sem graça como a lasanha e à música pop no jantar. Uma avaliação é muito negativa, relatando almoço lotado, barulhento e comida gordurosa e sem sabor.
República dos Camarões;-10.9736099;-37.0377954;Especialidade: frutos do mar. As avaliações lidas são na maioria críticas: camarão passado do ponto e borrachudo, pratos salgados e gordurosos, camarão pedido grelhado que veio frito, massa mole e longa espera. Uma avaliação elogia casquinha de caranguejo, moqueca e porções fartas. O serviço é descrito como rápido e atencioso e o ambiente como limpo e um pouco formal, com piano.
Restaurant Petit Bistrô;-10.9963402748108;-37.0546474456787;Avaliações elogiam a comida de alto padrão, os pratos de bistrô bem servidos, as sobremesas e o atendimento atencioso. O ambiente é descrito como acolhedor e familiar, com música baixa, área interna e ao ar livre, bom para jantar ou encontrar amigos, e uma avaliação o indica para famílias com pessoas neurodivergentes. Há ressalvas à demora dos pratos, ao preço e a algumas entradas.
Restaurante 40 Graus;-10.9052286148071;-37.0495872497559;Especialidade: brasileira. Avaliações descrevem um restaurante pequeno, limpo e organizado junto ao mercado no centro, com comida simples e gostosa em prato feito ou a quilo, variedade de opções e preços acessíveis. Elogiam o atendimento atencioso e o pirão de carne. A ressalva é o espaço apertado, com mesas compartilhadas.
Restaurante Aconchego;-10.9540567398071;-37.0545825958252;Especialidade: brasileira, churrasco. Avaliações curtas, em geral positivas. A única com detalhe cita atendimento rápido e prestativo e comida boa pelo preço. Uma classifica o lugar como regular.
Restaurante All Capricho;-10.9264698028564;-37.0696430206299;Especialidade: buffet (rodízio). Avaliações elogiam a comida caseira bem temperada, no self-service a quilo ou prato feito, o preço acessível, o atendimento gentil e rápido e o ambiente limpo, fresco e amplo, de padrão simples e sem muita variedade. Duas avaliações dizem que o lugar estava fechado ou não existe mais.
Restaurante Apetitoso;-10.9104022979736;-37.0689373016357;Especialidade: buffet (rodízio), brasileira. Avaliações curtas e positivas, com poucos detalhes. Há quem diga ter voltado várias vezes e quem aponte a comida e o atendimento como os melhores da região.
Restaurante Bahia;-10.9126086235046;-37.068115234375;Especialidade: brasileira. Avaliações descrevem um lugar simples com bom custo-benefício, mas divergem sobre o atendimento. Algumas chamam o proprietário de mal-educado e uma relata refeição ruim e atendimento arrogante por telefone, sem devolução do dinheiro. Outras dizem que o dono é bacana e amigo e elogiam a simpatia da esposa dele.
Restaurante Bom Sabor;-10.9066982269287;-37.0772514343262;Especialidade: brasileira, churrasco. Avaliações curtas, em geral positivas. A única com detalhe indica o lugar como excelente opção para uma boa refeição com preço bem acessível. Uma classifica como regular.
Restaurante boteco Ferreira;-10.90584897995;-37.0760192871094;Especialidade: buffet (rodízio). Avaliações curtas e positivas, sem detalhes.
Restaurante Charque;-10.9323744773865;-37.0811958312988;Especialidade: brasileira. Avaliações elogiam a comida caseira por quilo. As ressalvas são o acesso difícil ao restaurante, a falta de garçom para atender as mesas e o charque salgado demais.
Restaurante Chef Brunoise;-10.9371819496155;-37.0645351409912;Especialidade: brasileira. A única avaliação com texto diz que a pessoa se sente em casa no lugar, que a comida é deliciosa e que é uma pedida certa para almoçar.
Restaurante Churrascaria e Pizzaria Santos Dumont;-10.897008895874;-37.0812168121338;Especialidade: churrasco, pizza. Avaliações falam de um restaurante de bairro com buffet variado e saboroso, preço acessível e funcionários simpáticos, que funciona também como padaria e pizzaria, com pães recheados elogiados. As ressalvas são o espaço apertado e a indiferença do caixa e da dona, segundo uma avaliação.
Restaurante D'Lídia;-10.9743962287903;-37.0713996887207;Avaliações são de clientes de marmita, vários há mais de um ano, e elogiam a comida caseira saborosa e bem temperada, o cardápio variado com saladas, a higiene, a pontualidade das entregas e a atenção da equipe.
Restaurante da Macaxeira;-10.92227;-37.0548865;Especialidade: buffet (rodízio). Avaliações elogiam a comida saborosa e bem temperada, a grande variedade, os alimentos frescos, os sucos naturais, o preço justo e o atendimento educado e carismático, querido pelos moradores. A ressalva é a dificuldade de estacionar em dias de feira livre.
Restaurante de Vó;-10.9679155349731;-37.0686550140381;Avaliações curtas e positivas, citando local agradável, boa comida e bom atendimento.
Restaurante do Barreto;-10.9128904342651;-37.0855503082275;Especialidade: brasileira. Avaliações descrevem um restaurante simples e pequeno de comida típica nordestina, perto da rodoviária, com área interna climatizada, comida bem temperada, pratos bem servidos que chegam rápido, preços atrativos e buchada elogiada. As ressalvas são o atendimento dos garçons, tido como regular por alguns, e a dificuldade de estacionar.
Restaurante e Boteco Meu Xodo;-10.9172530174255;-37.0633430480957;Especialidade: brasileira. Avaliações citam ambiente aconchegante e climatizado, banheiro limpo, fácil acesso e estacionamento amplo, com bom atendimento. Uma sugere cadeiras mais confortáveis para pessoas altas ou com sobrepeso. Um vizinho reclama do volume alto do karaokê e da música.
Restaurante e Churrascaria Bom Sabor;-10.9939279556274;-37.1017684936523;Especialidade: churrasco. Avaliações curtas e positivas elogiam o atendimento e a comida saborosa, e uma aponta o lugar como o melhor do bairro Santa Maria. Uma das avaliações fala de loja de materiais esportivos e parece ter sido publicada no lugar errado.
Restaurante Farofa Carioca;-10.9260263442993;-37.0543651580811;Avaliações são mistas. Há elogios à variedade, aos funcionários, ao atendimento e ao ambiente climatizado. As críticas citam churrasco que acaba cedo, mesas com pratos sujos, pouca variedade de sushi, som ambiente alto e cobrança extra por um tipo de carne para quem tinha pacote mensal pago adiantado.
Restaurante Itabaiana Refeicoes;-10.9663362503052;-37.0866241455078;Avaliações são divididas. Parte elogia o atendimento, os preços e a comida caseira de qualidade em lugar confortável. Outra parte reclama de comida sem sal e sem tempero, com aspecto de requentada, e de carnes em falta antes das 13h.
Restaurante Jabutiana;-10.9286909103394;-37.0821743011475;Avaliações falam de comida caseira com bom custo-benefício e boa estrutura, mas com várias críticas: carne do churrasco dura e de baixa qualidade, atendimento sobrecarregado e confuso no horário de pico, atendente apressada, entrega que levou duas horas sem resposta no telefone e mosca na carne.
Restaurante Ki Legal;-10.9186105728149;-37.0747928619385;Especialidade: buffet (rodízio). Avaliações em maioria elogiam a comida bem temperada, a variedade, a feijoada farta, o bom preço e o atendimento em local agradável. Uma avaliação é bem negativa, reclamando de quentinhas com quantidade irregular de carne, comida ruim, atendimento do proprietário e desorganização.
Restaurante Manancial Self Service;-10.9078207015991;-37.0694789886475;Especialidade: brasileira. Avaliações elogiam a comida bem temperada, a variedade de proteínas, o ambiente climatizado e o atendimento educado, indicando o lugar para almoço no Siqueira Campos.
Restaurante Mar Da Espanha Aracaju;-11.0248265266418;-37.0745716094971;Especialidade: frutos do mar. Uma avaliação descreve como bar de praia clássico de Aracaju, com cerveja, pastéis, caranguejo, cadeiras e guarda-sóis. As demais são curtas e positivas, sem detalhes.
Restaurante Maria de Benta;-10.9874467849731;-37.0509281158447;Especialidade: buffet (rodízio). Avaliações descrevem buffet por quilo de comida regional em ambiente amplo, limpo, climatizado e aconchegante, com boa variedade de saladas. O tom é misto: há elogios à comida e às funcionárias, mas várias reclamações de preço alto para o que entrega, comida fria no buffet, demora para pedir bebida e pressa em recolher os pratos.
Restaurante Maringa;-10.9338941574097;-37.0696048736572;Especialidade: churrasco. Avaliações curtas e na maioria positivas, sem detalhes.
Restaurante Mau Maria;-10.9734210968018;-37.0386219024658;Avaliações descrevem uma bodega portuguesa charmosa na orla, com decoração que remete a Portugal, e elogiam o bacalhau e a equipe simpática. Há ressalvas de preço um pouco alto, falta de mais gente no atendimento e bolinhos de bacalhau meio crus. Indicado para ir com amigos e família.
Restaurante Miro Bar;-10.915057182312;-37.0586776733398;Especialidade: drinks. Avaliações descrevem bar e restaurante simples e descontraído, com almoço à la carte como picanha, feijoada e carne do sol, petiscos, caldinhos e cerveja gelada. Elogiam o atendimento rápido, os preços justos e a limpeza. Citam que lota às sextas, podendo haver espera por mesa, e que o lugar é um pouco quente.
Restaurante o Arrumadinho;-10.8995885848999;-37.0513782501221;Avaliações elogiam o arrumadinho e a galinha caipira, a história de mais de 38 anos da casa e o clima de casa de vó, com atendimento descrito como perfeito. Há uma crítica dura em sentido oposto, relatando atendimento muito demorado, local bagunçado, barulhento e quente, pedidos errados e porções caras e mal servidas.
Restaurante O Caipira;-10.9345618;-37.0779909;Especialidade: buffet (rodízio), brasileira. Avaliações curtas e positivas, sem detalhes além de elogio à comida.
Restaurante O Compadre;-10.9877595901489;-37.0480976104736;Avaliações descrevem restaurante na orla de Atalaia com opção por quilo e à la carte, elogiando a variedade, as porções fartas, o filé à parmegiana, o suco de maracujá, o pudim e o preço acessível. Uma avaliação considera a comida razoável e reclama de grosseria de uma garçonete, que a ignorou.
Restaurante O Miguel;-10.9838809967041;-37.053129196167;Especialidade: brasileira, frango. Avaliações descrevem comida e ambiente tradicionais, aconchegante e sem sofisticação, com serviço eficiente e bem-humorado e comida saborosa. Citado como bom para grupos e também para casais que buscam comida tradicional.
Restaurante O Papai;-10.9098672866821;-37.0516891479492;Especialidade: buffet (rodízio). Avaliações curtas e positivas, sem detalhes.
Restaurante O Terraço;-10.9071168899536;-37.0491580963135;Avaliações de tom majoritariamente negativo. Um avaliador elogia a localização acima do mercado, com almoço e samba. Os demais relatam atendimento péssimo, espera de uma hora, pedidos trocados, entrada cobrada com casa lotada e reembolso recusado, cerveja quente e cara e um caso de mal-estar intestinal após a refeição.
Restaurante Opção;-10.9065046310425;-37.0737552642822;Avaliações elogiam a comida caseira bem servida e saborosa, o atendimento, o churrasco, o bife de caldo, as saladas e o pavê. Há críticas fortes de outros clientes: entrega que levou duas horas no mesmo bairro, comida considerada cara e uma porção de churrasco julgada pequena para o preço.
Restaurante Paulista;-10.9038901329041;-37.0607032775879;Especialidade: churrasco, pizza. Avaliações descrevem local simples e agradável, elogiando o atendimento, o preço, a sopa, a macaxeira com carne do sol e a pizza. Uma avaliação sente falta de ar-condicionado.
Restaurante Ponto Certo;-10.9116706848145;-37.0757884979248;Avaliações elogiam o atendimento e a qualidade da comida. Uma avaliação de quem come a marmita critica o tempero, em especial o feijão, descrito como de cheiro forte.
Restaurante Portal;-10.9157355;-37.0874564;Avaliação curta e positiva, sem detalhes.
Restaurante Real Sabor;-10.9116978645325;-37.0517616271973;Especialidade: brasileira. Avaliações elogiam a comida de tempero caseiro, a variedade de proteínas e saladas, o atendimento, o preço acessível e o local bem ventilado.
Restaurante Recanto Do Caminhoneiro;-10.8831615447998;-37.0807704925537;Especialidade: frango. Avaliações elogiam a comida fresca com gosto caseiro, o churrasco, as porções fartas, o preço baixo e o atendimento, incluindo quentinhas bem embaladas. Descrito como local arejado, bom para almoço em família ou com colegas depois do trabalho.
Restaurante Santo Expedito;-10.9097905;-37.0754351;A única avaliação com texto elogia o churrasco e o atendimento.
Restaurante Sao Miguel;-10.9133911132812;-37.0740280151367;Especialidade: frutos do mar. Avaliações curtas e na maioria positivas, sem detalhes. Uma diz que o lugar não é tão sofisticado quanto se comenta.
Restaurante Sollo;-11.0271940231323;-37.076789855957;Especialidade: frutos do mar. Avaliações descrevem restaurante sofisticado em frente à praia, com ambiente à luz de velas, e elogiam frutos do mar, risoto de camarão, opções vegetarianas e equipe atenciosa, sendo citado como bom para casais e turistas. Há um relato bem negativo de visita recente, com mesa reservada não pronta, bebida derramada sem pedido de desculpas e pratos demorados.
Restaurante Tempero Caseiro;-10.9060659408569;-37.05495262146;A única avaliação com texto é curta e positiva e elogia o espetinho.
Restaurante Veleiros;-10.9759664535522;-37.0400409698486;Avaliações descrevem ambiente bonito, confortável e acolhedor, com equipe atenciosa e pratos bem servidos, elogiando a moqueca, o robalo e a cocada com sorvete. Uma avaliação elogia o ambiente e a equipe, mas relata um polvo esponjoso, duro e em parte gelado.
RestauranteTototó;-10.9089212417603;-37.0478267669678;Especialidade: frutos do mar. Avaliações elogiam a vista do Rio Sergipe, as moquecas, os sucos e o atendimento, descrevendo local simples, limpo, arejado e tranquilo para almoço. Citam preços razoáveis, que subiram em relação ao cardápio antigo, e falta de estacionamento próprio.
Revo Burger;-10.931734085083;-37.049352645874;Especialidade: hambúrguer. Avaliações descrevem hamburgueria de ambiente amplo, bonito e de estilo americano, com pedido por totem de autoatendimento e atendentes solícitos. Elogiam hambúrgueres saborosos e bem servidos e a batata. Há quem ache o totem desnecessário e quem considere os lanches bons, mas não excepcionais.
Ricardo;-10.9880094528198;-37.0440864562988;Avaliações descrevem bar de praia em Atalaia com mesas perto do mar, comida farta, caipirinhas elogiadas e preços entre os mais baixos da praia, sem cobrança de cadeiras e guarda-sol. Elogiam o atendimento atencioso e receptivo. Uma avaliação diz que a comida às vezes vem fria.
Rincão Mineiro;-10.9708118;-37.0561154;Especialidade: buffet (rodízio). Avaliações descrevem buffet variado e saboroso, com funcionários educados e preço justo. Há críticas à manutenção do salão, com cadeiras bambas, mesas mancas, banheiro escuro e climatização fraca, e um cliente antigo relata queda na qualidade da carne, com picanha cobrada à parte e descaracterizada.
Rio Claro Supermerc.;-10.946005821228;-37.090217590332;Avaliações tratam o lugar como supermercado, elogiando os funcionários, o açougue e a cerveja gelada a bom preço. Uma avaliação reclama que os preços, antes baixos, ficaram muito altos.
Roberiu's Bar;-10.9625759124756;-37.0828151702881;Especialidade: pizza. Avaliações descrevem restaurante de almoço que à noite funciona como pizzaria, com cardápio variado, pizzas de carne de sol e charque elogiadas, preço justo e bom atendimento. O ambiente é citado como agradável, com televisão tocando música.
Role10;-10.8924913406372;-37.0852909088135;Especialidade: hambúrguer.
Rota 84 Food Gourmet;-10.9330205917358;-37.056661605835;Avaliação curta e positiva, sem detalhes.
Sabor de Casa;-10.9411697387695;-37.0569744110107;A única avaliação descreve um lugar bonito e confortável, porém pequeno, com área climatizada e TV, comida caseira de boa qualidade e bom atendimento. Diz que os pratos executivos não são muito grandes, bons para quem come moderadamente.
Sabor do Bem;-10.9536504745483;-37.0557498931885;Especialidade: café. Avaliações falam de comida funcional, leve e saudável, sem glúten e sem lactose, com opção vegana diferente a cada dia, ambiente agradável e bom atendimento. Há uma reclamação forte sobre salgados comprados, descritos como massudos, ressecados e com pouco recheio, por um valor alto.
Sabor do Sertão;-10.9430799484253;-37.0786685943604;Avaliações elogiam a comida caseira, a costela, o preço justo e o acolhimento, em ambiente simples, pequeno e pouco arejado. Uma avaliadora relata atendimento mal educado e debochado e diz que seu grupo foi tratado de forma diferente dos outros clientes.
Sabor do Trigo Delicatessen;-10.9338827133179;-37.0617218017578;Especialidade: lanches. Avaliações elogiam o buffet variado de sabor nordestino no café da manhã, almoço e jantar, com destaque para as sopas e o cuscuz, além do atendimento e do preço justo. Um avaliador avisa que a comida acaba rápido e convém chegar cedo. Também citam encomenda de rabanadas.
Sabor e Cia Soparia e Pastelaria;-10.9732389450073;-37.0715770721436;Avaliações elogiam muito as sopas, o cardápio variado, os preços e o atendimento atencioso, e descrevem um ambiente tranquilo para jantar em família. Há um relato de espera de cerca de 40 minutos sem ser atendido e de desorganização, e uma observação de que os sabores de sopa do dia ficam confusos no cardápio.
Saboritto;-10.9424657821655;-37.0597820281982;Especialidade: buffet (rodízio). Avaliações descrevem um self service a quilo no Shopping Jardins. Um avaliador gostou da moqueca e do peixe mas achou o quilo e o suco caros. Há duas reclamações de comida estragada, uma delas com mau atendimento e outra com estorno feito sem pedido de desculpas, e uma de cuscuz cru.
Saboritto;-10.9451007843018;-37.0485591888428;Avaliações descrevem um buffet a quilo de pratos clássicos e bem temperados, com elogios ao filé à parmegiana. Há uma reclamação de cabelo na comida com atendente arrogante. Um cliente habitual desta unidade diz ser sempre bem atendido aqui e reclama do atendimento grosseiro da unidade do Shopping Jardins.
Saiko Japanese food;-10.9783697128296;-37.0473575592041;Especialidade: japonesa. Avaliações descrevem um restaurante japonês pequeno e aconchegante, longe da badalação da orla, com sushi e temaki muito elogiados pela qualidade dos ingredientes e apresentação, além do omakase. Dizem que os pratos demoram mais que em buffets de sushi e que o local é um pouco barulhento, com sugestão de pedir delivery.
Sal Brasa Grill Express;-10.9454641342163;-37.0480442047119;Especialidade: fast-food, churrasco. Avaliações falam do restaurante de churrasco no Shopping Riomar, com buffet livre elogiado por um cliente antigo que almoça ali com a família. Outro diz que as porções diminuíram, o tempero piorou e os preços estão altos. Há elogios à comida e também relatos de atendente mal educada.
Sal e Brasa Grill Express - Shopping Jardins;-10.9441709518433;-37.0603446960449;Especialidade: fast-food, churrasco. Avaliações curtas e positivas. Uma diz que dá para almoçar, petiscar e tomar boa cerveja por preço baixo, outra elogia o à la carte.
Sal e Brasa Steakhouse;-10.9741334915161;-37.0375671386719;Especialidade: churrasco. Avaliações de visitantes estrangeiros elogiam muito o rodízio de carnes, o buffet de saladas, a carta de vinhos e cachaças, o serviço atento, o piano ao vivo e a localização à beira da praia, com bom custo-benefício. Dois avaliadores dizem que o sushi não é bom.
Salão de Festas Casa Blanca;-10.9192385673523;-37.0538196563721;Avaliações descrevem um salão de festas bonito e aconchegante, dividido em dois ambientes, bom para decorar e com boa acústica. As críticas se repetem sobre o calor e o ar condicionado fraco, e uma avaliação reclama de banheiro com mau cheiro e piso liso e com pedras soltas.
Salgaderia Casa de Mae;-10.9845995903015;-37.0549755096436;Especialidade: lanchonete. Avaliações elogiam os salgados feitos na hora, a variedade, os sucos naturais, o preço baixo e o atendimento, e mencionam que é um negócio de família. Uma avaliação diz que o café às vezes vem frio e com borra.
Salgados de Forno;-10.9752140045166;-37.0715160369873;Avaliações curtas e positivas, elogiando o sabor dos salgados.
Salt Steakhouse Aracaju;-10.9315061569214;-37.0618495941162;Especialidade: churrasco, drinks. As avaliações com texto são na maioria negativas. Relatam demora de 45 minutos, hambúrgueres frios, carne fora do ponto pedido, torrada ou crua e gelada por dentro, porção pequena e diferente das fotos, e atendimento que não resolveu a reclamação. Um avaliador diz que anos atrás a comida era boa e bem servida e que a qualidade caiu.
Samba Lanche;-10.8775062561035;-37.0513134002686;Especialidade: lanchonete. Avaliações divididas. Parte elogia o lanche, os funcionários educados e o ambiente agradável. Outra parte reclama de atendimento grosseiro e arrogante, espera de uma a duas horas pelo lanche e de um cliente impedido de comer na área externa por estar com seu pet.
Samore;-10.9754886627197;-37.0585746765137;Especialidade: italiana. Avaliações descrevem um restaurante italiano acolhedor que trabalha com reserva e costuma encher, com elogios às entradas, ao carbonara e ao atendimento. Há duas avaliações bem negativas, uma delas relatando quase duas horas de espera pelo prato principal no Dia dos Namorados e desorganização.
Sampa Dog Prensado;-10.9357848167419;-37.0576438903809;Especialidade: lanchonete. Avaliações falam de hot dog prensado grande, bem recheado e de preço acessível, em local aberto com decoração em grafite. Há críticas a molhos aguados, entrega demorada, queda de sabor em relação a visitas anteriores e à conservação do espaço, com telhado externo malcuidado e dúvidas sobre limpeza e segurança.
San Manuel Praia Hotel;-10.9891891479492;-37.0498714447021;Avaliações mistas. Há elogios à localização, à equipe, ao quarto grande e à sensação de estadia segura e confortável, com café da manhã avaliado em 4 de 5. Uma avaliação longa e negativa relata baratas no quarto, banheiro sujo, chuveiro frio que não foi consertado e café da manhã fraco. Uma das avaliações é texto sem sentido.
San Paolo Pizzaria;-11.0036177635193;-37.0867137908936;Especialidade: pizza. Avaliações elogiam a pizza, o atendimento atencioso e o ambiente agradável, com área externa ventilada e área interna mais reservada, e uma a considera a melhor pizzaria do bairro. Um cliente antigo reclama que nos últimos pedidos a pizza chegou fria e atrasada.
Sancho Restaurante e Bar;-10.943338394165;-37.0633716583252;Avaliações curtas e positivas, sem detalhes.
Sanfona e Burguer;-11.0102124214172;-37.0921535491943;Especialidade: hambúrguer.
Santa Pizza;-10.9772148132324;-37.0403594970703;Especialidade: pizza. Avaliações curtas elogiam a pizza e o custo-benefício e citam que há delivery. Um avaliador reclama que o horário no Google estava desatualizado e encontrou a casa fechada.
Santo Espeto;-10.9709882736206;-37.0407199859619;Especialidade: lanchonete. Avaliações descrevem um barzinho simples de espetinhos, com churrasquinho saboroso, cerveja gelada e atendimento simpático, frequentado por torcedores tricolores mas onde um torcedor de outro time diz ter sido bem recebido. Há elogio ao delivery e uma reclamação de espera de três horas e meia por um espeto e falta de comanda.
Santo Vinho;-10.9594316482544;-37.0421276092529;Especialidade: café. Avaliações descrevem um bar de vinhos de visual chamativo, com área aberta aconchegante, área climatizada e música ao vivo, bom para conversar. Elogiam os vinhos, as taças no happy hour e um drink sem álcool. As críticas vão para a comida, com porção de filé decepcionante, poucas opções de vinho disponíveis, preços e cadeiras de plástico na área externa.
São Braz Coffee Shop;-10.9424061775208;-37.059871673584;Especialidade: café. Avaliações curtas. Dizem que é uma das melhores cafeterias do Shopping Jardins, com boa comida, localização e serviço, mas um avaliador não gostou do café gelado e outro classifica como regular.
São Francisco;-10.9298191070557;-37.0503425598145;Especialidade: café. Avaliações tratam o lugar como padaria e elogiam o pão, apontado como o melhor custo-benefício da região. Uma avaliação diz que às vezes os pães saem torrados, que o serviço deixa a desejar com a casa cheia, com demora em lanches e sucos, e que o espaço é apertado para circular.
Sato Sushiya;-10.9527292251587;-37.0676326751709;Especialidade: japonesa (sushi), japonesa. Avaliações curtas e positivas. A única com detalhe elogia o garçom atencioso e a comida saborosa e bem preparada.
Senzai;-10.9439172744751;-37.0605411529541;Especialidade: japonesa, japonesa (sushi). Avaliações curtas e positivas, sem detalhes.
Seo Inácio Bistrô;-10.9534707069397;-37.063102722168;Avaliações curtas e muito positivas, elogiando o serviço rápido e simpático, a comida e o ambiente.
Serv açaí;-10.9413151741028;-37.0731048583984;Especialidade: sorvete, doces. Avaliações elogiam o açaí cremoso, citado como um dos melhores da cidade, com entrega rápida e bom preço. Há reclamações sobre o atendimento: recusa de venda pelo WhatsApp e um relato de demora na entrega com entregador debochando da cliente.
SESC Hotel;-10.9833402633667;-37.0452671051025;Avaliações elogiam a combinação de localização, preço e qualidade, a cordialidade da equipe, a estrutura e os serviços. Também citam a boa vista e o aspecto novo do hotel.
Seu Luiz Restaurante;-10.9188251495361;-37.0680561065674;Especialidade: buffet (rodízio). Avaliações descrevem um self-service por quilo de comida caseira para almoço, com cardápio variado, muitas saladas e legumes, sobremesas e atendimento gentil. Elogiam o sabor e o ambiente acolhedor. Críticas pontuais: não tem churrasco, a carne grelhada tinha tendão e o ar-condicionado estava com problema.
Seu Sergipe;-10.9280118942261;-37.0458431243896;Especialidade: brasileira. Avaliações descrevem um restaurante refinado e acolhedor, de cozinha contemporânea com raízes sergipanas e menu degustação, com pratos saborosos e bem apresentados e a chef passando nas mesas. Há críticas ao serviço, com bebidas e pratos chegando fora de ordem e atendimento chamado de péssimo por um cliente, e a porções pequenas.
Seven Hamburgueria e petiscaria;-10.9199295043945;-37.0562515258789;Especialidade: hambúrguer e grelhados. Avaliações elogiam o hambúrguer feito na brasa, com carne macia e de qualidade, a maionese e o atendimento.
Severina Xique Xique;-10.9348773956299;-37.054744720459;Avaliações descrevem um restaurante por quilo com decoração temática nordestina, bom para levar visitantes e tirar fotos, com mesa de sobremesas variada, bom atendimento e preço compatível. Uma avaliação diz que havia pouca variedade de comida nordestina de fato, com mais pratos do dia a dia.
SextaPizzariaDelivery;-10.8980722427368;-37.0954742431641;Avaliação curta e positiva, sem detalhes.
Shake Maju;-10.9424896240234;-37.0530815124512;Avaliações elogiam os shakes, citados entre os melhores de Aracaju, e descrevem o espaço como tranquilo, organizado, confortável e acolhedor, com equipe simpática.
SHOPPING RIO MAR - SRM;-10.9461336135864;-37.0484485626221;Avaliações descrevem um shopping grande, com boa variedade de lojas e de restaurantes e estacionamento amplo, citado como o melhor da cidade. Mencionam que fica um pouco afastado, exigindo carro ou ônibus, e que o estacionamento é pago.
Shukran Rock Park;-10.9920630455017;-37.0525646209717;Especialidade: hambúrguer. Avaliações descrevem um food park espaçoso e familiar com rock, hambúrguer, pizza, espetinhos, petiscos, chope, sorvete e açaí, espaço kids gratuito e música sem cover às sextas e sábados. Dizem servir para ir com família, amigos ou sozinho. Elogiam o atendimento, mas uma avaliação reclama da demora e pede mais funcionários.
Simas Praia Hotel;-10.9858483;-37.0469483;Avaliações elogiam a localização em frente à praia, a vista do pôr do sol no terraço, a piscina de água morna, o café da manhã, os quartos aconchegantes e a equipe receptiva. Uma avaliação reclama que a diária triplicou de uma noite para a outra por causa de uma festa na cidade.
Skewer of Cris;-10.90478515625;-37.0838584899902;Especialidade: hambúrguer e grelhados. Avaliações curtas e positivas, sem detalhes.
Skinas Bar O Bar Da Luz;-10.97407579422;-37.0618953704834;Avaliações descrevem um bar simples para tomar cerveja bem gelada a preço justo, com elogios aos pastéis de costela e de pernil, ao caldinho e às porções de batata frita, e indicado para universitários. Uma avaliação relata atendimento grosseiro e desrespeitoso de um senhor ao perguntar o preço de um cigarro.
Skyline Pub;-10.9270124435425;-37.0457191467285;Especialidade: drinks. Avaliações são divididas. Parte elogia a música ao vivo, as bandas, o ambiente climatizado e aconchegante e o atendimento. Outra parte reclama de espaço pequeno, som muito alto que impede conversar, acústica ruim, bebida e porções caras e poucos garçons, com espera no balcão.
Sodiê Doces Aracaju;-10.9275555610657;-37.0590305328369;Especialidade: doces, doces e padaria. Avaliações elogiam o ambiente amplo, bonito e acolhedor, o atendimento atencioso e a variedade e o frescor dos bolos e tortas. Há ressalvas: preços elevados, dificuldade para estacionar, um sabor disponível só como bolo inteiro, um bolo de pudim que não agradou e fachada de vidro que esquenta com o sol.
Solarium Bar e Restaurante;-11.0299181938171;-37.0781345367432;Especialidade: frutos do mar. Avaliações descrevem um bar de praia no Robalo, com estacionamento gratuito, funcionários atenciosos e comida bem feita, mas atendimento demorado. Uma avaliação destaca acessibilidade para cadeirantes e atendimento a pessoas com TEA, sem música alta. Outra reclama justamente de música muito alta, caranguejo frio e mal cozido e de erro na conta.
Sollares Bistrô;-10.9241552352905;-37.0632400512695;Avaliações elogiam a comida saborosa, as marmitas com variedade e qualidade e a entrega rápida.
Sopacia;-10.9657850265503;-37.07958984375;Especialidade: café. Avaliações descrevem um lugar para jantar sopas e pratos como macaxeira com carne ou frango, com preço acessível e bom atendimento. Opiniões se dividem sobre sabor e ambiente: alguns chamam de uma das melhores sopas da cidade e ambiente confortável, outros pedem melhora na iluminação, no sabor e na apresentação. Não aceita cartão de crédito, só débito.
Sorriso Lanches;-10.9246277809143;-37.0437145233154;Especialidade: lanchonete, fast-food. Avaliações curtas e em geral positivas, sem detalhes. Uma classifica como razoável.
Sorvete Açaí;-10.9198060035706;-37.0657978057861;Especialidade: sorvete, doces. Avaliações curtas e positivas, sem detalhes.
Sorveteria Brilho do Sol, Sorvetes Castelo Branco;-10.8993673324585;-37.0490207672119;Especialidade: sorvete, doces. Avaliações elogiam o sabor dos sorvetes, incluindo opções naturais de fruta sem leite, o cardápio e o ambiente calmo. Uma avaliação reclama de atendimento horrível, dizendo que foi mal recebido e deixado sozinho pelo atendente.
Sorveteria Castelo Branco;-10.9328279495239;-37.0795249938965;Especialidade: sorvete, açaí. Avaliações chamam de uma das melhores sorveterias da região, recomendando os sabores de frutas da estação, e elogiam a equipe. O ponto negativo citado é a dificuldade de achar vaga para estacionar.
Sorveteria D+UM;-10.9645400047302;-37.0850410461426;Especialidade: sorvete, açaí. Uma avaliação detalhada descreve sorveteria de ambiente familiar, com cardápio variado de sabores e acompanhamentos, bons preços, banheiros limpos, mesas na calçada e estacionamento gratuito na rua, sugerindo casquinhas e wafer mais crocantes. As demais são curtas e positivas, sem detalhes.
Sorveteria Delicittá;-11.0088405609131;-37.0899105072021;Especialidade: sorvete, doces. Avaliações descrevem uma sorveteria pequena e aconchegante, com sorvetes elogiados, variedade que inclui milk-shake, brownie, petit gateau e açaí, preços acessíveis e bom atendimento.
Sorveteria Favoritta Grageru Marieta leite Aracaju;-10.9425296783447;-37.0638256072998;Especialidade: sorvete, doces. Avaliações curtas e positivas, sem detalhes.
Sorveteria Fri-Delicia;-10.9669647216797;-37.0594749450684;Especialidade: sorvete, doces. Avaliações elogiam o sorvete, a variedade de produtos e sabores e o atendimento, em comentários curtos.
Sorveteria Friberg;-10.9907259941101;-37.0503978729248;Especialidade: sorvete, doces.
Sorveteria Moniery;-10.9773960113525;-37.040355682373;Especialidade: sorvete, doces. Avaliações elogiam o sorvete, com muitos sabores e preço justo, citado como o melhor da orla e bom para ir em família. As demais são curtas e positivas, sem detalhes.
Sorveteria Moniery;-10.9523105621338;-37.0647792816162;Especialidade: sorvete, doces. Avaliações chamam de um dos melhores sorvetes da cidade e recomendam os sabores de frutas típicas, de fabricação própria. Uma avaliação considera o preço muito alto.
Sorveteria Real Sabor;-10.9322752952576;-37.0699043273926;Especialidade: sorvete, doces. Avaliações elogiam o atendimento atencioso e gentil, o ambiente agradável, fresco e limpo e a variedade de sorvetes e de açaí com acompanhamentos, a preços bons, com opções dietéticas. Avaliadores dizem que a casa revende sorvetes de outras marcas da cidade. Uma das avaliações é só um texto genérico sobre o que é sorvete.
Sorveteria Splash;-10.9747972488403;-37.0387516021729;Avaliações falam sobretudo da tapioca, elogiada como bem servida e uma das melhores do estado, e de um local tranquilo e confortável para levar crianças. O atendimento divide opiniões: alguns acham rápido e gentil, outros relatam funcionária irritada, desorganização e o pior lanche e atendimento que já viram.
Sossego da praia;-10.9925227165222;-37.0545864105225;Avaliações descrevem uma pousada simples e de preço acessível, perto da orla de Atalaia, com quartos limpos, café da manhã simples e atendimento atencioso. Há críticas a camas desconfortáveis e um relato de grupo esportivo que reclama de falta de estrutura, cobrança de lençol extra, café da manhã limitado e ameaça de expulsão.
Space Burger;-10.9290704727173;-37.0511302947998;Especialidade: hambúrguer, fast-food. Avaliações curtas e positivas, sem detalhes.
Spress Burguer;-10.9164342880249;-37.0664367675781;Especialidade: hambúrguer.
Start Lounge Aju;-10.9329476356506;-37.0564422607422;Avaliações mistas sobre casa noturna climatizada. Há elogios ao ambiente, aos seguranças e atendentes do bar e ao espaço para curtir com amigos. Há reclamações de superlotação, calor, bebida quente, banheiros sujos, mesa bistrô cobrada à parte, poucas saídas de emergência e grosseria de uma funcionária da limpeza.
Stylu's Salão de Festas;-10.9671859741211;-37.0392627716064;Avaliações curtas e positivas, sem detalhes.
Subway;-10.9342393875122;-37.0521945953369;Avaliações mistas. Uma elogia como um dos melhores Subway da cidade, limpo e agradável. Outras reclamam de som alto dos funcionários, queda de qualidade e variedade e de atendentes que destrataram cliente perto do horário de fechar.
Subway;-10.9118556976318;-37.0644016265869;Avaliações curtas e positivas, sem detalhes.
Subway;-10.927592754364;-37.0590763092041;Especialidade: fast-food. Avaliações curtas e positivas, sem detalhes.
Subway;-10.9118270874023;-37.0508823394775;Avaliações majoritariamente negativas sobre o atendimento: relatam funcionária grosseira e arrogante, que encara clientes, economiza nos ingredientes e tem pressa para fechar, e um cliente diz ter se sentido humilhado. Uma avaliação elogia a atendente.
Subway;-10.9409627914429;-37.0791778564453;Especialidade: fast-food. Avaliações curtas e positivas, sem detalhes.
Subway;-10.9667673110962;-37.0600833892822;Avaliações mistas. Há elogio ao custo-benefício de uma promoção de dois sanduíches com refrigerante. Há reclamações de que a loja não participa de promoções da rede e de que não atende telefone nem responde mensagens.
Subway;-10.9271078109741;-37.0718860626221;Especialidade: fast-food, lanches. Avaliações mistas. Há elogios ao atendimento atencioso, ao pão fresco, ao sanduíche bem recheado e ao ambiente iluminado e climatizado. Há reclamações de pedido por aplicativo incompleto e mal feito, ar-condicionado quebrado e loja fechada em horário em que deveria estar aberta.
Subway;-10.9923334121704;-37.0514698028564;Especialidade: fast-food. Avaliações curtas e em geral positivas. Uma elogia a equipe simpática e o sanduíche, mas diz que não há ar-condicionado. Outra considera razoável.
Subway;-10.9203939437866;-37.0553302764893;Especialidade: fast-food, lanches. Avaliações positivas e curtas: elogiam o bom atendimento, com explicação das promoções, o ambiente calmo e o sanduíche saboroso.
Suculenta Cafeína;-10.9276895523071;-37.0604839324951;Especialidade: café. Avaliações descrevem uma torrefação de cafés especiais, elogiada como uma das melhores do Brasil pelo cuidado na seleção e torra de microlotes. Uma crítica diz que é difícil comprar: localização errada no mapa, sem letreiro e não atendem ligação.
Sunset FLAT;-11.1047577857971;-37.1505718231201;Avaliações descrevem dez apartamentos novos com piscina e churrasqueira em área comum, em local afastado e tranquilo, bom para descansar e para grupos de amigos, perto da travessia para a Croa do Goré. Elogiam preço acessível, proprietário flexível e atendimento. Uma avaliação diz que está sempre fechada.
Super Cachorro Quente Imperial;-10.9173202514648;-37.0608501434326;Especialidade: cachorro-quente, fast-food. Avaliações elogiam o cachorro-quente como o melhor de Aracaju, com o mesmo padrão há mais de 20 anos. Duas avaliações reclamam que a dona atende de forma pouco educada e de cara feia, embora o sabor compense. Outra elogia o atendimento.
Super Lanche;-10.9321784973145;-37.0791988372803;Especialidade: lanchonete. Avaliações elogiam lanches saborosos e caprichados, o molho da casa, rapidez, bom atendimento e valor justo. Uma avaliação critica o uso de água da torneira, sem filtro, no preparo dos sucos.
Sushi Takê;-10.9755010604858;-37.064266204834;Especialidade: japonesa, japonesa (sushi). Avaliações curtas e em maioria positivas. Uma descreve como lugar interessante com comida muito saborosa e outra classifica como regular.
Tabuará;-10.9749693870544;-37.0377178192139;Especialidade: brasileira. Avaliações muito positivas: elogiam comida excepcional e bem servida, drinks, decoração que valoriza a regionalidade, cadeiras confortáveis, boa climatização, música em volume agradável e atendimento atencioso dos garçons. Citam opções de tamanho reduzido no cardápio. Dizem que o local é meio escondido e o preço é alto, mas que vale a experiência.
Tadelycia;-10.9031028747559;-37.0603294372559;Especialidade: italiana, pizza. Avaliações elogiam as pizzas, que valem o preço, o ambiente agradável e acolhedor e a equipe prestativa e atenciosa. Uma comenta que o lugar é pouco conhecido e poderia investir em divulgação.
Tapioca do Gilvan;-10.9358487129211;-37.0730648040771;Especialidade: brasileira. Avaliações mistas. Algumas curtas elogiam a tapioca e dizem ser uma das melhores do bairro. Duas reclamações longas falam em queda de qualidade, recheios salgados ou mal preparados, preços abusivos, entrega com mais de duas horas e grosseria da dona ao telefone. O achocolatado é elogiado.
Tapioca do Jatobá;-10.9808320999146;-37.0428600311279;Especialidade: lanchonete. Avaliações curtas e positivas. Duas dizem que é a melhor tapioca da cidade e elogiam a comida e a forma como a equipe trata os clientes.
Tapioca do Márcio ''Castelo Branco'';-10.9341859817505;-37.0778179168701;Especialidade: lanchonete. Avaliações curtas e positivas. Uma elogia pratos deliciosos a bom preço e recomenda a tapioca de camarão com catupiry.
Tapioca Recheada -Tapiok;-10.8959608078003;-37.0804824829102;Especialidade: lanchonete. Avaliações curtas positivas e duas reclamações sobre delivery: demora de cerca de uma hora para endereços próximos e, em um caso, pedido não entregue e atendimento com deboche. O sabor do açaí é elogiado.
Tarantella;-10.919623374939;-37.0572319030762;Especialidade: pizza. Avaliações mistas sobre self-service de almoço e pizzas. Há elogios à comida de sabor caseiro, às saladas, à variedade, ao ambiente e ao preço justo. Há críticas a pratos do buffet sem tempero ou secos, ao ar-condicionado desligado e a um cliente que foi embora sem ser atendido com o salão vazio.
Tarja Preta Hamburgueria Gourmet;-10.9522204399109;-37.0624408721924;Especialidade: hambúrguer. Avaliações todas positivas: elogiam a comida, o atendimento rápido e o ambiente aconchegante, com clientes dizendo que pretendem voltar.
Tarrafas;-10.9876952171326;-37.0477390289307;Especialidade: frutos do mar. Avaliações divididas. Uma recomenda muito o camarão no coco verde, barato e suficiente para duas pessoas. Outra critica a qualidade da comida, dizendo que acompanha o preço baixo e que serve para quem só quer comer muito gastando pouco. As demais são curtas e positivas.
Tasty Shake Aju;-10.9301152229309;-37.0501689910889;A única avaliação com texto elogia o ambiente e o atendimento.
Taurus GRILL;-10.9526968002319;-37.0587673187256;Avaliações divididas. Três reclamam das carnes: chapa para duas pessoas com poucos pedaços pequenos e duros, preços altos e costelinha barbecue dura mesmo depois de refeita. Duas elogiam a comida, o preço justo, o ambiente agradável e o atendimento.
Tavares Delicatessen e Panificacao;-10.9353828430176;-37.0623779296875;Especialidade: lanchonete, café. Avaliações descrevem padaria simples que serve café da manhã, almoço e jantar a preço acessível, com pães e produtos próprios e valor diferenciado para vegetarianos e veganos. Elogiam o custo-benefício e a educação da equipe. Há quem ache regular, com atendimento razoável e itens já frios em certos horários.
Tche;-10.9327659606934;-37.0553340911865;Especialidade: sorvete, doces. Avaliações descrevem uma sorveteria tradicional de Aracaju, com sorvetes de boa qualidade vendidos por quilo, grande variedade de sabores e complementos e opções diet. Elogiam a banana split, o preço e o local limpo e organizado.
Teatro Atheneu;-10.9218320846558;-37.0480899810791;Avaliações curtas e na maioria positivas, elogiando o espaço e a acústica. Uma avaliação diz que o teatro precisa de uma boa restauração antes que se deteriore.
Temakeria Chinesa;-10.9440970420837;-37.0659255981445;Especialidade: chinesa. Avaliações lidas são na maioria negativas: reclamam que as peças de sushi diminuíram muito mantendo o preço, de hot roll oleoso, de pedido por delivery que não chegou com demora no estorno e de sushi servido azedo que fez um cliente passar mal. Uma avaliação elogia, dizendo que é o melhor local, com peças grandes e saborosas.
Tempero Cearense;-10.9652452468872;-37.0852832794189;Avaliações elogiam a comida caseira bem servida, o sabor, a variedade, o preço e o atendimento. Uma avaliação acha o ambiente escuro e diz que a comida é boa mas pode melhorar.
Tempero da Fazenda - Aracaju;-10.9458980560303;-37.0740776062012;Avaliações descrevem um self-service por quilo com carnes e peixes preparados na chapa na hora, incluindo picanha, salmão e camarão. Parte elogia a comida e o atendimento, mas quase todas acham o preço do quilo alto. Há reclamações de comida fria e sem tempero e de cobrança à parte pela embalagem para viagem.
Tempero Da Vovo;-10.9141426086426;-37.0504684448242;Especialidade: buffet (rodízio), churrasco. Avaliações curtas e positivas, uma delas elogiando a comida e a variedade de opções.
Tempero Vovó;-10.9351472854614;-37.0626411437988;Especialidade: buffet (rodízio), churrasco. Avaliações apontam como um dos melhores self-services da cidade, elogiando o churrasco, as saladas e as opções de proteína. Uma avaliação avisa que é preciso chegar cedo.
Terra Tupi;-10.9929304122925;-37.0519504547119;Especialidade: brasileira. Avaliações elogiam a comida típica brasileira perto da orla, as opções vegetarianas e veganas e as sobremesas, indicando para família, casais e amigos. Há várias críticas ao serviço lento, a pratos que não chegam juntos ou não chegam, a um hambúrguer vegetariano decepcionante e a um caso em que clientes foram tirados da mesa por causa da lista de espera.
The Coffee Roasting;-10.932638168335;-37.0558319091797;Avaliações descrevem uma cafeteria aconchegante e climatizada, de estilo rústico industrial, com cafés de qualidade e cardápio variado de pratos como taco, burrito e sanduíche cubano. Elogiam o atendimento atencioso, embora uma avaliação o considere cortês mas nada excepcional. Uma avaliação reclama de um burrito com carne suína salgada demais.
The Jack;-10.9707131385803;-37.0540065765381;Especialidade: hambúrguer. Avaliações falam de hamburgueria com drive-thru rápido, lanche saboroso e promoções durante a semana. Elogiam o atendimento na maioria, mas uma avaliação diz que os pedidos nunca são registrados corretamente. Há críticas à batata seca e à área de manobra apertada para carros.
The Kitchen of Mother Minita;-10.9207553863525;-37.054370880127;Especialidade: doces, café. Avaliações descrevem uma casa de bolos e tortas aconchegante, com variedade de doces e salgados e encomendas para festas. Elogiam muito as tortas e o atendimento cortês. Uma avaliação não gostou da torta nem do café e outra reclama de informações desencontradas sobre a entrega de um bolo encomendado.
The Stones Pub;-10.9271583557129;-37.0528163909912;Avaliações descrevem um pub com ambiente fechado clássico e grande área aberta, banda ao vivo, cardápio criativo e bom atendimento. Há críticas ao som estourado e a um pastel com massa queimada. Uma avaliação relata péssima experiência em um arraial da casa: lotação excessiva, cerveja quente, hambúrguer frio após mais de uma hora e funcionário grosseiro.
Tio Armênio;-10.9423542022705;-37.0601482391357;Avaliações situam o restaurante no Shopping Jardins e elogiam as massas, os risotos, as porções e o ambiente aconchegante. O atendimento divide opiniões: há quem ache bom, mas outros citam garçons confusos, serviço pior perto das 21h, pedido errado e uma reserva de mesa para evento que não foi respeitada.
Toca do Caranguejo;-10.9213666915894;-37.0655403137207;Avaliações elogiam o ambiente agradável e aconchegante, o caranguejo e a comida em geral, o atendimento, a cerveja gelada e a música nos fins de semana. Indicam como lugar para se divertir.
Toka Do Açaí;-10.9454555511475;-37.0737171173096;Especialidade: sorvete, doces. Avaliações elogiam o açaí saboroso, a grande variedade de sorvetes, o preço justo e o atendimento. Descrevem o local como calmo e agradável.
TomTom;-10.9183382987976;-37.0695114135742;Especialidade: sorvete, doces. Avaliações elogiam o açaí cremoso, os sorvetes, os mais de 50 complementos, o espaço bonito com mesas dentro e fora, o estacionamento amplo e o preço acessível, citando ida em família. Há duas reclamações sobre o delivery, com pedidos que demoram até duas horas ou não chegam e falta de resposta.
Tony's Restaurante;-10.9096517562866;-37.0515537261963;Avaliações falam de restaurante de comida a quilo e quentinhas, com comida boa, ambiente agradável e preço justo para parte dos clientes. Uma avaliação acha o quilo caro e reclama de comida já fria no horário de pico do almoço.
TÔO De RANGU;-10.9719705581665;-37.0598392486572;Especialidade: lanchonete. Avaliações descrevem uma lanchonete simples e descontraída, com lanche artesanal saboroso, comida de preço baixo e atendimento simpático. Citam que há livros para leitura no local e que servem no salão e por entrega.
Topcar Aruana;-11.0105795860291;-37.0743808746338;Avaliações tratam de um serviço de lavagem de carros. Parte elogia o atendimento e a qualidade da lavagem, e duas reclamam de serviço malfeito, com partes do veículo sem limpar, e de preço alto.
Torrone Rotisseria;-10.9254083633423;-37.0503559112549;Avaliações curtas e positivas, sem detalhes.
Tortelli Delicatessen;-10.925217628479;-37.0454540252686;Especialidade: doces. Avaliações descrevem um ambiente climatizado, aconchegante e tranquilo, bom para reunião de negócios ou conversa entre amigos, com boa comida, sobremesas e bebidas. Várias acham o preço alto, uma diz que a qualidade da comida varia e outra que é difícil estacionar. O atendimento é elogiado, com uma ressalva de demora em ser abordado na mesa.
Tradi Pizzaria;-10.9250726699829;-37.0568027496338;Especialidade: pizza. As avaliações lidas são todas negativas e tratam de delivery: reclamam de atraso grande na entrega, com espera de mais de uma hora e meia, e da qualidade das pizzas, descritas como oleosas, com cebola crua e ingredientes ruins. Uma avaliação diz que a pizza é até saborosa mas a entrega é péssima.
Trailer Do Magao;-10.9177269935608;-37.0641021728516;Avaliações descrevem um boteco simples, tranquilo e descontraído, com cerveja gelada e petiscos e pratos como pastéis, espetinhos, sarapatel e macaxeira com carne. Citam que o dono recebe os clientes, que sempre há som no local e que fica animado em dias de jogo.
Transcar Suites;-10.9924535751343;-37.0519828796387;Avaliações elogiam bastante a recepção, descrita como atenciosa e acolhedora, e a localização. As críticas são à estrutura: quartos com falta de manutenção e poucas tomadas, wi-fi que não chega ao quarto, roupa de cama de baixa qualidade e com mancha, barulho, café da manhã simples e estacionamento apenas na rua.
Trattoria Ristorante;-10.9373769760132;-37.051233291626;Especialidade: italiana. Avaliações descrevem um ambiente aconchegante, intimista e requintado, com pratos bem preparados como risoto de cogumelos com filé e carré, e opções vegetarianas. Elogiam o atendimento. Há ressalvas sobre sobremesas abaixo do nível da casa, falta de música ambiente e funcionamento confuso, com vários restaurantes no mesmo espaço.
Trem Azul;-10.9013605117798;-37.0388431549072;A única avaliação lida descreve um lugar lindo, com encontros culturais e contação de histórias.
Trem de Minas;-10.9886150360107;-37.0534477233887;Especialidade: buffet (rodízio). Avaliações curtas e positivas sobre a comida. Uma delas descreve um restaurante a quilo básico, com equipe prestativa e atenciosa e preços normais para a região.
Trem Gostoso;-10.9414653778076;-37.0591373443604;Especialidade: café, lanchonete. Avaliações situam o lugar no Shopping Jardins, pequeno e longe da praça de alimentação barulhenta, com comida caseira, cuscuz, caldinho de sururu e café fresco, e atendentes gentis. Uma avaliação reclama de comida fria e camarão sem limpar e outra de a loja não aceitar encomenda de uma torta.
Trevo Açaí Aracajú;-10.9451766014099;-37.0474720001221;Especialidade: açaí, brasileira.
Trevo Restaurante;-10.946307182312;-37.0743026733398;Especialidade: brasileira, churrasco. Avaliações curtas, na maioria positivas e uma que classifica como regular, sem detalhes.
Tropical Mar Hotel;-11.0531582832336;-37.0941276550293;Avaliações curtas e positivas. Uma delas diz que o hotel é bom mas poderia melhorar, por exemplo com uma piscina grande.
Trupe Sorveteria;-10.9243946075439;-37.0532054901123;Especialidade: sorvete, doces. Avaliações elogiam os sorvetes de sabores diferenciados e naturais de fruta, com boa textura, citando o de pétalas de rosas, além do atendimento e do local agradável. Uma avaliação reclama que não aceitam cartão de crédito.
Tuffi Lanches, Sorvetes e Açaí;-10.9658107757568;-37.0550403594971;Especialidade: sorvete, brasileira. Avaliações elogiam os sorvetes, o açaí natural vendido por peso, o preço, o ambiente limpo e aconchegante e os funcionários simpáticos. Citam que há drive-thru para retirada.
Tunas restaurantes;-10.9330940246582;-37.0620880126953;Especialidade: brasileira. Avaliações curtas e positivas, sem detalhes.
Uçá;-10.9526233673096;-37.0589370727539;Avaliações descrevem um bar e cervejaria artesanal, elogiando os chopes e cervejas (IPA, Pale Ale, Porter, Radler), o atendimento e o ambiente agradável. Uma cliente vegana elogia o nhoque de espinafre com cogumelos. Há quem considere a melhor cervejaria artesanal de Aracaju.
Val Variedades;-10.9234094619751;-37.076509475708;A única avaliação lida elogia os produtos, as ofertas, os preços acessíveis e o atendimento.
Valentino Restaurante e Pizzaria;-10.9426250457764;-37.0811519622803;Especialidade: pizza. Avaliações curtas e positivas, elogiando a pizza e o atendimento, sem mais detalhes.
Varanda do Spetto;-10.9783182144165;-37.0425701141357;Especialidade: drinks. Avaliações de tom misto. Elogiam os garçons, o ambiente agradável e, em um caso, o custo-benefício do almoço. Há reclamações fortes do rodízio de espetinhos, com demora de 20 a 40 minutos e carne sem sabor, de pedido esquecido, de pratos mal feitos e da cobrança de couvert artístico, inclusive com valor diferente do cardápio.
Varanda Sergipana;-10.9875030517578;-37.0475673675537;Especialidade: frutos do mar. Avaliações de tom misto. Há elogios aos caranguejos, à moqueca, à pizza, ao clima agradável e às pessoas simpáticas. Uma avaliação longa relata serviço muito desorganizado, com longa espera, pedidos incompletos e entrada servida depois do prato principal. Outra reclama do preço do suco, bem mais caro que no vizinho.
Vegas Karaoke Bar;-10.9938936233521;-37.0540332794189;Especialidade: drinks. Avaliações dizem que a casa é voltada a um público mais jovem, serve cerveja só em lata e, apesar do nome, não oferecia karaokê no momento. Uma avaliação critica a falta de saída de emergência, extintores e sinalização contra incêndio. As demais são curtas e positivas.
Velho Chico;-10.9806134;-37.0432815;Especialidade: buffet (rodízio). Avaliações em geral curtas e positivas, citando boa comida regional. Uma mais detalhada diz que fica dentro de um hotel na Orla de Atalaia, com buffet a quilo no almoço, sopas e café nordestino no jantar e café da manhã, preço abaixo da média da orla e ambiente climatizado e agradável, bom para ir só ou acompanhado.
Venator Charutaria & Lounge;-10.9196195602417;-37.048376083374;Avaliações elogiam a variedade de charutos e destilados, os preços e o lounge de degustação, descrito como luxuoso e único na cidade. Várias reclamam do atendimento, relatando vendedor com soberba e má vontade, cliente mandado aguardar fora da sala dos charutos e necessidade de agendar horário para degustar sem aviso prévio.
Vera's Hot Dog;-10.899320602417;-37.0538673400879;Especialidade: cachorro-quente. Avaliações elogiam o cachorro-quente, descrito como saboroso e diferenciado, e o atendimento acolhedor. Uma cliente diz que encomenda todo ano para o aniversário da filha.
Vi Sabor;-10.9247679710388;-37.0450592041016;Especialidade: sorvete, doces. Avaliações curtas, na maioria positivas e uma classificando como regular, sem detalhes.
VI-Sabor | Sorvetes Açaí Cafeteria | Aracaju;-10.9390144348145;-37.0567569732666;Especialidade: sorvete, doces. Avaliações descrevem uma sorveteria de ambiente aconchegante, agradável e limpo, elogiando muito o atendimento, os funcionários educados e carismáticos e a qualidade e o sabor dos sorvetes.
Via Mar Praia Hotel;-10.9864625930786;-37.0472812652588;Avaliações curtas e em geral positivas. Elogiam a equipe e a localização. Há quem diga que o hotel precisa de melhorias, que o café da manhã é apenas razoável e que o lugar não é tão bom quanto nas fotos.
Via Roma Pizza Bar;-10.9520902633667;-37.0672397613525;Especialidade: pizza. Avaliações curtas elogiam a pizza, citada como uma das melhores do bairro, e as pessoas simpáticas. Uma avaliação diz que o serviço de entrega não é dos melhores e esqueceu parte do pedido, embora tenha sido resolvido.
Vidam Hotel Aracaju;-10.9765596389771;-37.0407123565674;Avaliações elogiam muito a equipe atenciosa, os quartos espaçosos e confortáveis, o café da manhã farto com itens caseiros e regionais, a academia e a piscina na cobertura com vista. Uma avaliação destoa, dizendo que o hotel é ultrapassado, mais próximo de três estrelas, com cartão do quarto que desmagnetizava com frequência.
Vila Botequim;-10.9380885;-37.0532291;Avaliações de tom misto. Citam bom ambiente para ir com amigos e assistir jogos, música ao vivo durante a semana, cerveja gelada e casa cheia nos fins de semana. Há críticas a preços acima da média, atendimento ruim, petiscos gelados por dentro ou com gosto de velho, música ao vivo ruim e proprietário ou gerente arrogante.
Vila Comadre;-10.9377174377441;-37.0895938873291;Especialidade: brasileira. Avaliações curtas e positivas, sem detalhes.
Vila Inácio Pestiscos;-10.9556274414062;-37.0782165527344;Avaliações descrevem um espaço familiar com food trucks e variedade de comidas, espaço kids com brinquedos e música ao vivo às sextas, bom para sair com amigos. Elogiam a variedade e pratos como a carne de sol flambada. Críticas citam som muito alto, cheiro forte de chapa nas mesas, espaço cheio e apertado, preço um pouco acima do esperado e falta de estacionamento próprio.
Vila Izaura Restaurante;-10.9887981414795;-37.0586414337158;Avaliações de tom misto. Algumas são curtas e positivas e uma elogia o ambiente agradável e a comida deliciosa. Outras consideram o ambiente simples demais para os preços cobrados, a comida sem tempero e mal apresentada e os garçons desinteressados, e dizem que não voltariam.
Vila Veron;-10.9240388870239;-37.0563907623291;Especialidade: pizza. Avaliações em geral positivas, a maioria curta. Uma mais detalhada descreve ambiente antigo mas confortável, amplo e bem decorado, com área externa, interna e espaço kids, elogia o atendimento gentil e rápido e considera a pizza a melhor da cidade, com sabores diferentes. Uma avaliação classifica como regular.
Villa do sushi;-10.9288558959961;-37.0515480041504;Especialidade: japonesa, japonesa (sushi). Avaliações elogiam o rodízio de sushi, apontado por uma cliente como o melhor de Aracaju, com entradas e sushis hot saborosos e qualidade mantida ao longo dos anos. Citam atendimento muito bom. O preço é considerado um pouco alto, mas compensado pela qualidade.
Villa Macarrone;-10.9724225997925;-37.0692157745361;Especialidade: italiana. Avaliações curtas, na maioria positivas e uma classificando como regular, sem detalhes.
Villa Prime;-11.0889744758606;-37.1446475982666;Avaliações descrevem uma chácara para eventos, agradável e bem ventilada, na maioria com notas curtas e positivas. Uma avaliação diz que a estrutura é boa mas falta manutenção, citando chuveiros sem aquecimento ou sem funcionar, banheiras quebradas, limpeza inadequada e poeira nos quartos.
Villa Sertão;-10.973424911499;-37.0382785797119;Avaliações são majoritariamente negativas. Citam restaurante dentro da Feira do Turista com forró ao vivo. Reclamam de couvert artístico cobrado sem aviso, inclusive de criança, porções pequenas para o preço, demora, pedido de bebida trocado, pouca opção de cerveja e camarão ruim. Há elogio à carne de sol com baião de dois e uma avaliação que gostou do atendimento e da comida.
Villa Veron Pizzaria;-10.924120426178;-37.0562057495117;Especialidade: pizza. Avaliações em geral positivas, a maioria curta. Uma mais detalhada descreve ambiente antigo mas confortável, amplo e bem decorado, com área externa, interna e espaço kids, elogia o atendimento gentil e rápido e considera a pizza a melhor da cidade, com sabores diferentes. Uma avaliação classifica como regular.
Villaju;-10.93572473526;-37.0789813995361;Especialidade: drinks, espanhola. Avaliações descrevem um espetinho com hambúrgueres, ambiente moderno, aconchegante e familiar, cerveja gelada, música ao vivo e espaço kids. Elogiam a picanha, a batata frita e o cardápio. Críticas citam demora e confusão no atendimento, porções pouco padronizadas e um filé com fritas que demorou 40 minutos e decepcionou perto do fechamento.
Vineria 227;-10.9306268692017;-37.0496711730957;Avaliações descrevem um restaurante com adega de vinhos, ambiente bonito e intimista, área interna climatizada e externa, música ao vivo em alguns dias, bom para encontro a dois ou com amigos e família. Elogiam pratos e apresentação. Críticas recorrentes à demora dos pratos e ao atendimento, e uma avaliação relata atendente mal-educado, pratos mal executados e mais de uma hora e meia de espera.
Vintage Pizzas;-10.9408469200134;-37.0750408172607;Especialidade: pizza, hambúrguer. Avaliações elogiam a pizza, os ingredientes de qualidade, o preço justo, a entrega rápida e o atendimento cordial. Há uma reclamação forte de atendente arrogante que negou o cancelamento de um pedido feito minutos antes.
X-Burguin;-10.8871908187866;-37.0821552276611;Especialidade: hambúrguer. Avaliações elogiam os hambúrgueres, com pão macio, carne bem temperada e molhos, além do atendimento cortês e do ambiente agradável. Há reclamação repetida de um pedido de entrega que veio errado, em que a loja recolheu o pedido antes de mandar o correto, que só chegou cerca de duas horas depois.
Xin Fu Restaurante;-10.9309177398682;-37.0522308349609;Avaliações em geral elogiam a comida e o atendimento. Uma avaliação destoa, dizendo que o sushi tinha arroz duro e peças pouco frescas, que os preços não compensam e que é difícil estacionar, embora o atendimento seja atencioso.
YakiSushi;-10.9273281097412;-37.0549449920654;Especialidade: japonesa (sushi), buffet (rodízio). A maioria das avaliações é curta e positiva, sem detalhes. Uma avaliação elogia os sushis, a variedade e os garçons, mas reclama do atendimento no caixa, descrito como grosseiro e com desprezo.
Yang Chan;-10.9438943862915;-37.0604934692383;Especialidade: japonesa, fast-food. Avaliações divididas. Há elogios ao atendimento, que adaptou um prato a pedido do cliente, e à comida, com salmão maçaricado e camarão. Há também reclamações fortes de comida gelada e salgada, queda de qualidade, arroz azedo servido e preço alto pelo que entrega. Uma avaliação cita que fica em praça de alimentação de shopping e reclama do tratamento de um segurança por causa de um cachorro.
Zen Café;-10.9318971633911;-37.0482292175293;Avaliações elogiam o ambiente bonito e tranquilo, o atendimento receptivo, os sucos e o escalda-pés oferecido no local. A crítica recorrente é a demora: há relatos de espera de 1 hora a mais de 1h30 pelo pedido, com pedido cancelado, falta de estrutura quando a casa enche e um lanche que veio cru. A comida divide opiniões.
Zequinha;-10.9607944488525;-37.0787487030029;Avaliações descrevem um restaurante de churrasco simples para almoço, com carnes saborosas e bem preparadas, atendimento rápido e cortês e quentinhas generosas. Citam ambiente amplo porém modesto, que precisaria de reforma, pouca variedade de acompanhamentos e a recomendação de chegar cedo. Uma pessoa relata dificuldade na hora de pagar.
Zeus Lanches;-10.9980459213257;-37.0985374450684;Especialidade: lanchonete. Avaliações curtas, sem detalhes: uma elogia o lugar e o atendimento, outra diz não gostar muito.
ZUK Bar e Restaurante;-10.9788484573364;-37.0461902618408;Especialidade: brasileira. Avaliações descrevem um bar e restaurante com música ao vivo, espaço amplo e ventilado, espaço kids pago, cerveja gelada e barata e promoção de caranguejo. Elogiam o clima e, em parte, o atendimento. Há críticas a porções pequenas pelo preço, a caranguejos minúsculos na promoção e a garçons que reagiram mal e com arrogância à reclamação.
Área de Lazer Santa Helena Araçoiaba - PE.;-7.79550838470459;-35.080114364624;Avaliação única, curta e positiva, sem detalhes.
Espetinho Central;-7.78937482833862;-35.089635848999;Especialidade: árabe. Avaliações falam de um lugar legal para espetinhos de churrasco, com destaque para carne com queijo, frango com queijo e carneiro, além de cerveja, refrigerante e bebidas em dose. Uma diz que é excelente para levar a família e que a comida é boa. Há crítica de ser muito barulhento e uma avaliação o considera regular.
Arrazzu's Burg;-26.4131298065186;-48.7939872741699;Especialidade: lanchonete. Avaliações mistas. Há elogios ao dog prensado, aos lanches e porções, ao ambiente agradável e ao atendimento. Há também reclamações de demora no retorno pelo WhatsApp, de pedidos entregues com itens faltando ou diferentes do combinado e de um lanche pequeno e caro, diferente da foto do cardápio e com coração cru.
Bakery and Confectionery Camila;-26.3750095367432;-48.7210578918457;Especialidade: padaria, doces. Avaliações curtas e positivas, sem detalhes.
Bar do Volfe;-26.4129981994629;-48.7582778930664;Avaliações curtas e positivas. Dizem que o lugar é amplo e agradável, com bom atendimento e comida saborosa, e que dá para se divertir.
Biancatto Pizzaria;-26.4095573425293;-48.7968139648438;Especialidade: pizza. Avaliações elogiam a pizza, o atendimento atencioso e o ambiente aconchegante, agradável e familiar. Um avaliador coloca a pizza entre as melhores que já comeu.
BR101 Posto Sinuelo;-26.516450881958;-48.7194747924805;Avaliações descrevem como parada de estrada com estrutura grande, estacionamento amplo, restaurante, mercado, loja de lanches e bebidas e espaço para crianças, boa para pausa em viagens longas. A maioria elogia a comida, mas uma critica poucas opções de salada, carne sem sabor e atendente da grelha de má vontade.
C.e.i Branca De Neve;-26.4071350097656;-48.8007965087891;Avaliações são de pais e elogiam as professoras, atenciosas e carinhosas, e o espaço externo com bosque, parquinho e quadra para as crianças.
Café La France;-26.3726291656494;-48.7119941711426;Especialidade: café. Avaliações mistas. Descrevem um café e restaurante dentro de um hipermercado, com prato único simples e saboroso de bom custo-benefício e milkshake elogiado. Há reclamações de atendimento sem simpatia e de má vontade, pedido de café entregue errado, poucas opções de doces e salgados no café da manhã, tortas com aparência de velhas e falta de expresso.
Cafeteira e Restaurante Doce Aroma;-26.4036026000977;-48.8018836975098;Avaliações mistas. Há elogios à comida e ao suco natural, citado como o melhor do Itinga. Uma avaliação pede comunicação mais clara sobre a taxa cobrada no almoço de crianças e outra reclama de comida seca e feijão cru.
Camaro Búrguer;-26.412618637085;-48.7944450378418;Especialidade: hambúrguer, lanchonete. Avaliações curtas e positivas. A única com detalhes diz que o lanche é um dos melhores da região, com ótimo atendimento e ambiente agradável.
Cantinho do pastelão;-26.4030132293701;-48.8020401000977;Avaliações elogiam a comida caseira, o atendimento, o preço justo e o ambiente fresco, aconchegante e familiar.
Casa da Melancia;-26.5253562927246;-48.7162857055664;Especialidade: brasileira. Avaliações curtas e na maioria positivas, uma elogia o almoço. Uma avaliação de uma palavra parece reclamar do preço.
Churrascaria Sítio;-26.5423469543457;-48.7126083374023;Avaliações mistas. Elogiam comida boa e caprichada, preço e atendimento, com vários tipos de carne assada, e viajantes de passagem gostaram. Uma avaliação reclama de péssimo atendimento, salão quente com janelas fechadas e ar desligado e comida mediana. Uma diz que não abre aos domingos.
Churrascaria Viapiana;-26.4068088531494;-48.7485427856445;Especialidade: churrasco, buffet (rodízio). Avaliações curtas e positivas. A única com detalhes elogia a carne e o serviço e diz que é parada habitual entre Joinville e São Francisco do Sul.
Citty Bakery Padaria e Cafeteria;-26.4172592163086;-48.7918891906738;Especialidade: padaria, café. Avaliações curtas e positivas, sem detalhes.
Farm Hill;-26.4213199615479;-48.7825469970703;Avaliações curtas e positivas, sem detalhes.
Hotel 101;-26.53684425354;-48.7134552001953;Avaliações curtas e positivas, sem detalhes. Uma delas cita comida boa.
Hotel Km 73;-26.5367679595947;-48.7132682800293;Avaliações mistas. Elogiam quartos limpos e bem cuidados, bom atendimento e um gerente prestativo, descrevendo hotel simples, limpo e acolhedor, frequentado por caminhoneiros. Há reclamações de preço alto para o que oferece, recepção pouco amigável e barulho da rodovia no térreo. Café da manhã citado como ok e pet aceito mediante taxa.
Hotel Zanella Jasper;-26.3703346252441;-48.7230415344238;Três avaliações curtas e neutras ou positivas, sem detalhes. As duas detalhadas são críticas: reclamam de barulho de limpeza e móveis durante o dia, de café da manhã com reposição lenta e atendentes desatentos, e de atendimento noturno considerado péssimo e sem cordialidade.
Lancheria e Restaurante Sítio;-26.5424118041992;-48.7127075195312;Avaliações elogiam comida boa, quente e caprichada, preço bom, variedade de carnes assadas e bom atendimento, citando o lugar como parada de viagem. Há uma reclamação de atendimento ruim, ambiente quente com ar desligado e comida mediana. Uma avaliação lamenta que não abre aos domingos.
Lanchonete & Restaurante Tropical;-26.4095630645752;-48.7513847351074;Especialidade: lanchonete. Avaliações elogiam os lanches, como x-burguer macio e salgados, a comida caseira e o bom atendimento, e citam o lugar para ir com família ou amigos e para um lanche na estrada. Uma avaliação de almoço de domingo diz que os pratos são bonitos mas sem tempero, com camarão de aparência estranha e pedido que veio incompleto.
Lanchonete Alto Astral;-26.401741027832;-48.7368659973145;Especialidade: drinks.
Lanchonete e Assadão do Gordo;-26.4090709686279;-48.7981414794922;Especialidade: lanchonete, churrasco. Avaliações curtas e positivas, sem detalhes.
Laura Restaurante;-26.3712577819824;-48.7126960754395;Especialidade: brasileira. Avaliações elogiam a comida caseira, saborosa e bem temperada, a grande variedade do buffet e das saladas, o ambiente agradável e o preço em conta. Duas avaliações são curtas e positivas, sem detalhes.
Lolla Sorvetes Itinga Araquari;-26.4014511108398;-48.802791595459;Especialidade: sorvete, doces. Avaliações elogiam a qualidade dos sorvetes, picolés, buffet e milk-shake, o atendimento atencioso e simpático e o ambiente familiar, bonito, limpo e aconchegante, com espaço para crianças. Também citam preços modestos.
Madero Container Sinuelo;-26.5150203704834;-48.7201881408691;Especialidade: hambúrguer. Avaliações descrevem como boa opção de hambúrguer de beira de estrada, com hambúrgueres saborosos e suculentos em pão crocante e preço não tão alto. Recomendam também o sanduíche de salada de frango e um prato com palmito. Críticas leves a excesso de maionese e a batata frita com pouco sal.
Mercatto Galeteria;-26.376012802124;-48.7188949584961;Avaliações curtas e positivas, sem detalhes.
Mestre da Pizza Araquari;-26.397668838501;-48.7989730834961;Especialidade: pizza. Avaliações tratam sobretudo de pedidos por entrega. Elogiam a pizza de massa fina, bem recheada e que chega quente, os preços e combos, a entrega rápida e o atendimento atencioso. Uma avaliação reclama de mais de uma hora de espera, acima do prazo informado, e de pedido cancelado. Outra cita pequenos atrasos ocasionais.
Noah Sushi;-26.4029998779297;-48.8033142089844;Especialidade: japonesa. Uma avaliação elogia o sushi como delicioso e o melhor da região de Joinville. As demais trazem apenas nomes de pessoas, sem detalhes.
Nosso Pão;-26.4047927856445;-48.8015480041504;Especialidade: padaria, doces e padaria. Avaliações em geral curtas e positivas ou neutras, sem detalhes. Uma pessoa diz gostar da padaria, mas relata que o buffet decepcionou na última visita.
O Forno Churrascaria - Araquari;-26.4081764221191;-48.7494850158691;Especialidade: churrasco, buffet (rodízio). Avaliações curtas e positivas, sem detalhes.
Padaria e Confeitaria Rainha;-26.5166034698486;-48.7152519226074;Especialidade: padaria. Avaliações elogiam o atendimento, a qualidade e a variedade dos produtos e o preço justo, citando o lugar como boa parada para um café. O espaço é descrito como pequeno mas aconchegante. Uma avaliação aponta falta de sabonete no banheiro.
Panificadora Atlântico Sul;-26.4016056060791;-48.7920951843262;Especialidade: padaria. Avaliações elogiam o atendimento e o ambiente aconchegante para tomar um café, com boas opções de confeitaria bem feitas, ainda que sem grande variedade de doces e bolos. Há reclamações de bolos que ficam vários dias expostos e perdem o gosto e de pães vendidos queimados.
Panificadora e Confeitaria Daiane;-26.4012184143066;-48.8000602722168;Especialidade: padaria, doces. Avaliações curtas e positivas, sem detalhes.
Pousada Orquídea Araquari;-26.3737831115723;-48.7218627929688;Avaliações descrevem pousada aconchegante, limpa e organizada, com quartos de bom tamanho e camas boas. Elogiam o atendimento atencioso da família anfitriã, que deixa o hóspede à vontade, o ambiente familiar e silencioso, a localização no centro e o bom preço.
Pousada Via Mar;-26.5482616424561;-48.7137565612793;Avaliações quase todas curtas, entre positivas e uma que classifica como regular, sem detalhes. Uma diz que o hotel é muito bom e que o atendimento foi ótimo.
Quiosque arvoredo;-26.4168491363525;-48.7763710021973;Especialidade: lanchonete. Avaliações curtas, na maioria positivas e uma que classifica como regular, sem detalhes. Uma elogia o pastel de chocolate.
Restaurante Bom Sabor;-26.4148864746094;-48.7934837341309;Avaliações elogiam a comida tradicional brasileira, o molho e o atendimento simpático e atencioso. Dizem que costuma ficar bem lotado e pode faltar mesa. Há uma reclamação de marmitex entregue errada, sem que ninguém respondesse ou atendesse o telefone para resolver.
Restaurante Divinos;-26.3705787658691;-48.7230224609375;Avaliações mistas. Uma elogia a comida de boa qualidade, os banheiros muito limpos, o atendimento cordial e o preço justo. Outra pede mais variedade e opções. Há uma reclamação de cobrança acima do valor em pedido pelo iFood, sem retorno do restaurante.
Restaurante Don Vigolo;-26.3699340820312;-48.6915512084961;Especialidade: churrasco. Avaliações descrevem restaurante grande e familiar, com buffet de muitas opções, churrasco elogiado e sobremesa. Elogiam a limpeza, inclusive dos banheiros, o atendimento dos garçons, os preços acessíveis e o estacionamento. É recomendado como parada para quem vai a São Francisco do Sul.
Restaurante E Lanchonete Comida Caseira;-26.3951358795166;-48.7404289245605;Avaliações elogiam a comida de tempero caseiro, bem temperada, e as marmitas para viagem, além do atendimento. Há uma crítica de cliente que comprava marmita com frequência e diz que a qualidade caiu, com comida sem gosto e sempre igual.
Restaurante e Pesque Pague Paranaguamirim;-26.3510341644287;-48.7477798461914;Especialidade: espanhola. Avaliações descrevem sítio agradável com três lagoas de pesca, pedalinho, bancos e mesas ao redor, estacionamento amplo e banheiro limpo. Elogiam a comida bem preparada e o atendimento ágil e prestativo. Não cobram vara nem ração e uma lagoa é mais cara por ter peixes maiores. Um avaliador diz que os pedalinhos atrapalham um pouco a pesca.
Restaurante Parada Albano;-26.5546226501465;-48.7203979492188;Especialidade: lanchonete. Avaliações curtas e positivas, sem detalhes.
Restaurante Sabor Caseiro;-26.3711757659912;-48.7088928222656;Uma avaliação diz que a comida é boa e o local é limpo e organizado. A outra apenas pergunta o número para pedir marmita.
Restaurante Souza;-26.4133853912354;-48.7943153381348;Avaliações curtas e positivas, sem detalhes.
Sabor de casa marmitaria;-26.4164638519287;-48.7546310424805;Avaliações elogiam as marmitas de comida caseira, bem temperada e com muitas opções, com entrega dentro do horário. Um avaliador diz que lembra o sabor nordestino e outro que supera restaurantes mais caros de Joinville.
House pizza;-6.19367599487305;-35.1689357757568;Especialidade: pizza. A única avaliação com texto elogia o espaço, a comida saborosa, a cordialidade no atendimento, a localização de fácil acesso, a iluminação agradável e os preços acessíveis.
Patane divinos lanches;-6.17863988876343;-35.1285343170166;Especialidade: hambúrguer. Avaliações curtas e positivas. Uma descreve o lugar como pequeno, porém muito acolhedor, onde todos são bem recebidos e quem vai costuma voltar.
Pizzaria Agua Na Boca;-6.19533491134644;-35.1639957427979;Especialidade: pizza. Avaliações elogiam as pizzas, chamadas por alguns de as melhores da cidade, o lugar tranquilo, o ótimo atendimento, a simpatia da dona e o preço convidativo. Não há críticas nas avaliações lidas.
Pointe Lanche;-6.17443180084229;-35.1309680938721;Especialidade: lanchonete.
Sociedade Última Hora;-30.0909767150879;-51.7338371276855;Avaliações descrevem um clube histórico e bem conservado, com salão decorado para bailes, casamentos, aniversários e formaturas, quadra poliesportiva coberta, área de churrasqueiras, lanchonete, playground e barzinho. Citam eventos beneficentes, jantares e encontros institucionais. Apontam falta de estacionamento próprio, mas facilidade de parar por perto.
Tassoni Acaiteria e Hamburgueria;-30.0925483703613;-51.7412986755371;Especialidade: açaí, brasileira. Avaliações elogiam os lanches, em especial hambúrgueres e xis, descritos como caprichados e saborosos, além do açaí e do atendimento. Alguns avaliadores dizem ser os melhores lanches e o melhor açaí da cidade.
Tropilha Crioula;-30.0918426513672;-51.7318649291992;Avaliações descrevem um CTG voltado à família tradicionalista e ao culto da tradição gaúcha, elogiando os bailes com jantar, a Semana Farroupilha e a boa recepção da patronagem.
