nome;lat;lng;descricao
A Piaventina Pizzaria;-23.5098037719727;-46.8911590576172;Especialidade: pizza. Avaliações elogiam as pizzas, com massa saborosa e ingredientes de primeira qualidade, e o atendimento atencioso.
Açaí da Barra - Barueri - Jardim Tupanci;-23.4932289123535;-46.8711471557617;Especialidade: açaí, brasileira. Avaliações descrevem local agradável, limpo, organizado e acolhedor, com atendimento simpático. Elogiam o açaí, tido como mais natural e pouco doce, os sorvetes e o preço justo.
Açai Lanches | Hamburgueria, Lanchonete e Açaiteria;-23.5105171203613;-46.877197265625;Especialidade: hambúrguer, lanchonete, cachorro-quente. Avaliações curtas, na maioria positivas, citam bom lugar para um lanche, sanduíche gostoso e açaí elogiado. Uma avaliação diz apenas que é horrível, sem detalhar.
Açaí Tropical;-23.5155658721924;-46.8950309753418;Especialidade: sorvete, doces. Avaliações descrevem lugar simples mas aconchegante para sorvete e açaí, com bom atendimento, preço acessível e coberturas elogiadas. Há reclamação de pedido por aplicativo aceito e depois cancelado, com transtorno no estorno, e de churros com pouco recheio.
Achei Pastel Feira;-23.509220123291;-46.8688697814941;Especialidade: fast-food. Avaliações lidas são majoritariamente negativas: reclamam de funcionárias mal-humoradas, mesas e bandejas engorduradas, pastel com pouco recheio, oleoso ou com gosto azedo e preço que não condiz com a qualidade. Como pontos positivos citam o espaço com área kids e o pastel fresco e quente, servindo para um lanche rápido.
Adagio Alphaville;-23.4928588867188;-46.8510055541992;Avaliações descrevem hotel de perfil executivo, com apartamentos bem equipados, boa localização, equipe prestativa e preço razoável. Há crítica à limpeza, com relato de frigobar sujo e resposta insatisfatória da recepção, e o café da manhã é considerado bom mas não excepcional.
Adega Audir;-23.5251598358154;-46.8869018554688;Avaliações curtas e positivas, uma diz que é pequena mas organizada.
Adega D'Avenida;-23.4981307983398;-46.8902244567871;Avaliações elogiam o atendimento, os preços, a cerveja gelada e a qualidade e procedência dos produtos, e citam o proprietário como muito gente boa.
Adega Sobral;-23.5317478179932;-46.8842010498047;Avaliações descrevem ambiente familiar e aconchegante, bom para estar com amigos e fazer amizades, com ótimo atendimento, cerveja sempre gelada, porções elogiadas e boa música.
adega_la3;-23.4878387451172;-46.8100471496582;Avaliações elogiam o atendimento e o preço justo e descrevem como lugar bom e barato para chamar os amigos e beber drinks e doses.
Água Doce Cachaçaria;-23.5048274993896;-46.8337593078613;Especialidade: lanchonete, fast-food. Avaliações curtas e positivas, sem detalhes. Uma cita que é bom para happy hour.
Almanara - Shopping Iguatemi;-23.5050067901611;-46.8477020263672;Especialidade: árabe. Avaliações elogiam a comida tradicional e saborosa, a equipe simpática e profissional e o ambiente, apontado como bom para famílias e grupos.
Alpha Point;-23.4950904846191;-46.8495445251465;Especialidade: hambúrguer, fast-food. Avaliações descrevem hamburgueria com porções grandes, bom custo-benefício, lugar limpo, equipe simpática e serviço rápido, inclusive para retirada e entrega. Uma avaliação acha o preço um pouco alto e nota que o espaço foi reduzido e não tem mais música ao vivo.
Aluguel Chopp Panamex Rock N Speto Barueri;-23.5098638534546;-46.8880004882812;Especialidade: cervejaria. Avaliações elogiam a qualidade do chope e relatam aluguel de barril para aniversários e chá de bebê, com boa experiência.
Amazing Buffet;-23.4996852874756;-46.8603134155273;Avaliações descrevem um buffet infantil para festas de aniversário. Elogiam a comida (salgados, macarrão, bolo e doces), a recreação animada, a recepção, os manobristas e a atenção da equipe do início ao pós-festa. Citam também a renovação dos espaços interativos. Duas avaliações são curtas e positivas.
America;-23.4928922653198;-46.851505279541;Avaliações descrevem restaurante de comida americana com porções grandes, mini-hambúrgueres, fritas e molhos, ambiente limpo e simpático e equipe atenciosa. Elogiam o suco de morango, o happy hour com desconto e o buffet de almoço. Há críticas a hambúrguer encharcado, a um prato seco que parecia parado na cozinha e ao fato de ninguém falar inglês.
Amor aos Pedaços;-23.5043640136719;-46.8476085662842;Especialidade: doces, padaria. Avaliações lidas são todas negativas. Reclamam de preços muito altos para fatias pequenas, bolo sem sabor ou com massa pesada, e de atendentes que ficam em cima dos clientes ou os abordam de forma grosseira. Há também queixa de bolo encomendado que chegou derretido e desmontado sem que a loja assumisse a responsabilidade.
Ana´s Burger;-23.492847442627;-46.8776512145996;Especialidade: hambúrguer, lanchonete. Avaliações elogiam os lanches, descritos como saborosos, suculentos e com bom custo-benefício, e parte elogia o atendimento. Uma avaliação critica o atendimento no local, dizendo que há demora nas mesas, prioridade ao delivery, falta de itens do cardápio e um espaço precário e mal iluminado para comer no salão.
Anavi Pet - Padaria & Boutique;-23.5097141265869;-46.8867416381836;A única avaliação é curta e positiva, elogiando o lugar e o atendimento, sem detalhes.
Arcos Dourados;-23.4976291656494;-46.8445777893066;Especialidade: fast-food. Duas avaliações são curtas e positivas. As demais são reclamações dirigidas à matriz sobre outras unidades do McDonald's, relatando lanches frios ou errados, batata amarga, mal-estar após comer e pedido de delivery pago e não entregue sem reembolso.
Art Homemade breads;-23.5093517303467;-46.8820266723633;Especialidade: padaria. Avaliações elogiam os pães caseiros e massas doces, frescos e variados, os preços acessíveis e a simpatia dos proprietários. Uma avaliação aponta estrutura fraca para consumir no local: sem estacionamento, só um balcão estreito e uma mesa alta, e sem acessibilidade para cadeirantes.
Art Pizzas Delivery Barueri;-23.5013675689697;-46.8712882995605;Especialidade: pizza. Três avaliações são curtas e positivas. Duas são reclamações detalhadas: pizza entregue errada com pedido de devolução, atendimento ruim e demorado pelo WhatsApp, e pizza com pouco recheio e excesso de molho.
Associação Sabesp;-23.5148086547852;-46.8388595581055;Avaliações descrevem um clube familiar com piscinas, saunas, quadras e lanchonete, elogiando o espaço e os funcionários. Duas dizem que o local não está mais ativo ou está fechado, e que serão feitos tanques de tratamento de água no lugar. Uma avaliação é reclamação sobre falta de água, sem relação com o clube.
Atlantica Hotels;-23.499493598938;-46.8484783172607;Avaliações tratam da rede e não de um hotel no local: há reclamação de reserva feita pelo site e cancelada sem aviso, sem resposta do suporte, e outra de corredores sujos e obras cedo em um hotel da rede em outra cidade. Uma avaliação elogia quartos limpos e atendimento profissional. As demais são curtas e positivas.
atrium coffee bar;-23.4969329833984;-46.8479614257812;Especialidade: café. Avaliações elogiam a comida gostosa e caseira com preço justo para Alphaville, o cardápio variado de bebidas e pratos rápidos, a limpeza e a organização, e indicam como opção de café da manhã rápido. Há uma reclamação de atendimento péssimo, com atendente grosseira.
B.LEM Padaria Portuguesa;-23.503532409668;-46.8335266113281;Especialidade: café, doces, padaria. Avaliações descrevem ambiente aconchegante dentro do Shopping Tamboré, bom para um doce e um café com conversa, com atendimento educado e rápido e elogios ao pastel de Belém. Há uma crítica forte dizendo que o pastel não lembra o original português, com massa oleosa, servido quente demais e caro pelo que entrega.
Bacio di Latte;-23.5049095153809;-46.8478851318359;Especialidade: sorvete, doces, café. Avaliações elogiam o sorvete cremoso e saboroso, o atendimento atencioso de funcionários citados pelo nome e um pedido pelo aplicativo que veio caprichado. Há uma reclamação de atendente descontente que entregou casquinha comum no lugar da artesanal pedida, com atendimento pior que o de outras unidades.
Bacio di Latte;-23.5047016143799;-46.8339424133301;Especialidade: sorvete, doces, café. Avaliações elogiam o sorvete, com sabor de fruta perceptível, e descrevem o lugar como tranquilo, sobretudo em dias de semana, com atendentes simpáticas, atenciosas e bem-humoradas. As demais são curtas e positivas, sem detalhes.
Balada do Elton;-23.5098114013672;-46.8875007629395;Especialidade: balada. As duas avaliações lidas são negativas: reclamam de troca de bandas muito demorada e sem previsão, banda fraca, espera até as 3h pela atração principal e intervalos preenchidos com concurso de beijo e vídeos de dança no telão. Falam em péssima organização e falta de respeito com os frequentadores.
Bam Bam Burguer;-23.4900608062744;-46.8802795410156;Especialidade: hambúrguer. Uma única avaliação, curta e positiva, sem detalhes.
Bar do Alemao;-23.5047473907471;-46.8480186462402;Avaliações são na maioria negativas: parmegiana de filé dura e sem gosto, molho aguado, batata chips ruim, legumes escassos, comida fria e requentada e equipe sem vontade de atender. Há um elogio ao atendimento por montar um prato sem carne a preço baixo e outro à parmegiana em nova visita. Citam a praça de alimentação do shopping sempre lotada.
Bar do Alemão Express;-23.5046730041504;-46.8353462219238;Avaliações são quase todas negativas: comida encharcada de óleo, arroz duro, feijão frio, frango e bife sem tempero, batatas murchas e porção pequena para um prato de quase 60 reais. Também citam falta de chucrute para o prato típico e equipe com postura informal demais. O preparo rápido é o único ponto positivo mencionado.
Bar do Gaúcho;-23.5016555786133;-46.8796730041504;Avaliações elogiam o bar pela cerveja bem gelada, música ao vivo, ótimo serviço, gente boa e ambiente familiar. Todas são positivas.
Bar do Gordo;-23.5007352828979;-46.8709487915039;Avaliações descrevem lugar descontraído para bate-papo com amigos ou com os donos, com bebida gelada, petiscos e caldos variados, espaço amplo e mesas de sinuca. Um avaliador chama de melhor bar de Barueri. Há a ressalva de que o som é baixo, tocado em caixa pequena, possivelmente por ficar em bairro residencial.
Bar do Motociclista;-23.4959392547607;-46.8794059753418;Especialidade: música ao vivo. Avaliações curtas e positivas: elogiam o ambiente e o atendimento, chamam o lugar de nostálgico, com pessoas do bem, e bom para encontros com amigos.
Bar Dos Amigos;-23.5026779174805;-46.812406539917;Avaliações elogiam a cerveja bem gelada, o bom atendimento e o ambiente familiar, descrevendo o lugar como um bom boteco e adega. Todas são positivas e curtas.
Bar E Adega K Jb Magnata;-23.4945573806763;-46.8087539672852;As duas avaliações lidas são positivas: citam preços bons, som em que o cliente escolhe as músicas e lugar aconchegante.
Bar e Restaurante California Brasil;-23.4958381652832;-46.8908920288086;Avaliações citam ótima comida, variedade, bom atendimento e preço justo, com cliente antigo que recomenda. Uma avaliação elogia a marmita mas achou o refrigerante caro. Há também notas curtas de regular e legal, sem detalhes.
Bar e Restaurante Magela;-23.4961891174316;-46.8783950805664;Especialidade: brasileira, drinks. Avaliações elogiam a comida saborosa, a feijoada de sábado a preço justo, o atendimento rápido e o ambiente acolhedor, limpo e descontraído, bom para almoço em família. Há duas reclamações sobre o delivery: pedido que ficou duas horas sem entregador e horários prometidos que não são cumpridos.
Bar Padre;-23.5104846954346;-46.877513885498;Avaliações descrevem bar familiar e acolhedor, com equipe atenciosa, feijoada aos sábados, chope gelado e música no happy hour. Há queixas de volume alto na música ao vivo, falta de ventilação e ponto errado do hambúrguer. Dois pedidos por aplicativo geraram reclamações graves: comida nadando em óleo, camarão sem limpeza e carne estragada sem retorno do bar.
Bar Room Café;-23.5122776031494;-46.8746566772461;Especialidade: café. Avaliações elogiam o café, os salgados fresquinhos, em especial o risole, e o atendimento. Em contrapartida, várias apontam preços altos ou abusivos para a qualidade, e uma reclama de péssimo atendimento.
Barceloneta Restaurante;-23.4963417053223;-46.8495025634766;Avaliações descrevem lugar agradável no Centro Comercial Alphaville, com atendimento rápido e cordial, self-service variado e refeições rápidas e bem preparadas. Uma avaliação mais antiga, da época da pandemia, relata comida requentada, peixe insosso e batata chips murcha.
Barraca da Carne Louca 1578;-23.5073890686035;-46.8677406311035;As duas avaliações lidas elogiam o lanche, uma delas dizendo que comprou na quermesse de Barueri e achou uma delícia.
Barueri Premiêr Hotel;-23.5041036605835;-46.8756256103516;Uma avaliação elogia o serviço, os quartos e o café da manhã completo. As demais são curtas, a maioria positiva e uma classificando como regular, sem detalhes.
Barueri Residence;-23.4978618621826;-46.8783149719238;Uma avaliação aponta bom custo-benefício para quem só precisa pernoitar, em local tranquilo e seguro perto de Alphaville. Outra relata cobrança extra por cama de casal e reserva recusada na véspera e reanunciada pelo dobro do preço, chamando a empresa de pouco profissional. As demais são curtas e positivas.
Beco Alfa Bar;-23.4925727844238;-46.8355236053467;Especialidade: drinks. Uma avaliação elogia o clima, a música ao vivo de sábado, a equipe respeitosa e gentil e a arte nas paredes, descrevendo o lugar como claro, amigável e acolhedor. Outra indica para happy hour. As demais são curtas e positivas, sem detalhes.
Belari Gelato Barueri;-23.5109062194824;-46.8794441223145;Especialidade: sorvete, doces, buffet (rodízio). Avaliações elogiam o sorvete artesanal cremoso, a variedade de sabores, as sobremesas como waffle e taças, o ambiente bonito, limpo e moderno e o atendimento atencioso e bem-humorado, com funcionárias citadas pelo nome. Indicam para ir em família ou em um encontro. Todas são positivas.
Belgas Gastro Bar;-23.4906387329102;-46.8868751525879;Avaliações elogiam o ambiente descontraído, as bebidas sempre geladas, as atendentes simpáticas, a área coberta com varanda ampla e os shows ao vivo, indicando para uma cerveja depois do trabalho. Há uma reclamação forte de vizinho sobre barulho até altas horas e falta de respeito.
Bella Pizza;-23.4984455108643;-46.881420135498;Especialidade: pizza. Avaliações elogiam a pizza, dita de qualidade e a melhor da região, o atendimento rápido e eficiente e o preço justo.
Ben & Jerry's;-23.5044803619385;-46.8346176147461;Especialidade: sorvete, doces, padaria. A única avaliação diz ter gostado e achado os sabores interessantes, mas comenta ter ouvido que a loja fecharia as portas no Tamboré em fevereiro.
Bicho Preguiça Foods;-23.49755859375;-46.8516502380371;Especialidade: brasileira. Avaliações elogiam os salgados e lanches brasileiros, como pão de queijo com requeijão e pão francês com ovo, os preços acessíveis para a região, o ambiente e o atendimento carinhoso e atencioso. Citam também a entrega ágil e a qualidade mantida ao longo dos anos.
Big Esfiha;-23.5088291168213;-46.892951965332;Especialidade: pizza, fast-food, árabe. Quatro avaliações são curtas e positivas, sem detalhes. Uma reclama de falta de respeito com o cliente: pedido de delivery com mais de duas horas de atraso, telefone sem resposta e atendimento automático repetitivo.
Big Lanches Parque Viana;-23.5399971008301;-46.8662338256836;Especialidade: lanchonete, hambúrguer, fast-food. Avaliações curtas e positivas em sua maioria. Uma cliente de mais de dez anos diz que a qualidade do lanche se manteve, com reajustes justos de preço.
Big Stuff;-23.4904918670654;-46.9559364318848;Especialidade: lanchonete, hambúrguer, fast-food. Avaliações elogiam hambúrgueres, beirutes, onion rings e milk-shakes, a cerveja gelada, a decoração e o atendimento, além do almoço simples com preço justo, feijoada às quartas e peixe às sextas. Há quem ache um pouco caro, e uma avaliação critica bife fino demais, frango muito salgado e a atendente.
Blend Alphaville;-23.4954891204834;-46.8531532287598;Especialidade: pizza, drinks, buffet (rodízio). Avaliações elogiam a comida, a boa variedade e os preços considerados não muito altos, com menção a um garçom simpático. As demais são curtas e positivas, sem detalhes.
Bob's Burgers;-23.5159816741943;-46.8557777404785;Especialidade: fast-food. Avaliações curtas e positivas, sem detalhes.
Bob's Shakes - Parque Shopping Barueri II;-23.5164699554443;-46.8553352355957;Especialidade: fast-food. Avaliações divididas sobre o atendimento: algumas elogiam atendentes pelo nome como educados e atenciosos, outras relatam atendimento péssimo, com funcionários brincando e demorando a atender mesmo sem fila. Há reclamação de produto anunciado como pistache que parecia baunilha.
Bom Corte;-23.5116424560547;-46.875415802002;Avaliações tratam o lugar como salão de corte de cabelo, elogiando bons preços e serviço. Há reclamação de que não abre no horário anunciado, de muita conversa e pouco profissionalismo e de erro no corte pedido. Outras são curtas e positivas.
Bonjardim Restaurante;-23.4970197677612;-46.8479652404785;Especialidade: brasileira. Avaliações descrevem restaurante dentro do hotel Quality, com preço fechado e comida à vontade. Opiniões mistas: há quem elogie ambiente arejado e rústico, comida e atendimento, e quem ache a refeição apenas razoável, com poucas opções e preparo mediano. Há reclamação de falta de opções veganas quentes. Uma avaliação diz que estava fechado na última passagem.
Boteco Do Elton 🥰;-23.5108623504639;-46.889232635498;Especialidade: balada. Avaliações descrevem casa de forró para dançar e ouvir música, no andar de cima de uma loja e sem estacionamento. Opiniões mistas: há quem goste e diga que lota por ser boa, e há críticas a superlotação, calor, filas para fichas e bar, público considerado estranho e falta de resposta sobre ingressos. Sobre os seguranças, uma os chama de despreparados e outra de gentis.
Boteco Do Zé;-23.5340194702148;-46.8818511962891;Avaliações elogiam o ambiente bonito e organizado, os preços acessíveis e o atendimento cordial, destacando o dono como receptivo e prestativo. Citam como bom lugar para curtir com amigos e família.
Botequim Koe;-23.4975986480713;-46.8498077392578;Especialidade: drinks. Avaliações descrevem bar acolhedor e de ambiente familiar, com cerveja gelada, petiscos elogiados, preço abaixo da média da região e música como MPB e roda de samba. Citam atendimento simpático do proprietário e o lugar como bom para assistir a jogos de futebol.
BR Mania;-23.5054817199707;-46.8680152893066;Especialidade: sucos, lanchonete, café. Avaliações tratam o lugar como loja de conveniência de posto de combustível. Predominam críticas: preços altos, banheiros em estado deplorável, pão na chapa mal feito e café com leite de máquina aguado. Uma elogia o atendimento e outra diz que a loja não fica aberta 24 horas como anunciado.
Braugarten;-23.5048923492432;-46.8338775634766;Especialidade: cervejaria. Avaliações descrevem um restaurante e cervejaria confortável e bonito, bom para ir com a turma tomar cerveja ou a dois, com chopp em dobro, caipirinhas e pratos para compartilhar bem servidos, como linguiça recheada e costelinha barbecue. Uma avaliação acha a comida apenas ok, com salsichas e chucrute longe da qualidade alemã.
Bráz Trattoria Tamboré;-23.5050468444824;-46.833927154541;Especialidade: italiana. Avaliações descrevem ambiente de cantina italiana, confortável e bom para almoço corporativo. Elogiam as massas, a lasanha, a pizza, os drinks e o menu executivo bem servido a preço justo. Uma avaliação reclama de atendimento muito ruim, com garçons distraídos e uma família com crianças esquecida na mesa com o salão vazio.
Brods Beer;-23.5374794006348;-46.8659057617188;Avaliações descrevem um bar aconchegante e familiar, onde dá para ir sozinho e fazer amizades, com um anfitrião muito elogiado que atende, conversa e canta. Elogiam porções, lanches, caldos, noite de comida japonesa, cerveja gelada, carta com cachaças, vinhos e whisky, boa música, karaokê e o custo-benefício.
Brooklyn Burger;-23.5007724761963;-46.8632011413574;Especialidade: hambúrguer. Avaliações elogiam os hambúrgueres, bem servidos e saborosos, o atendimento acolhedor e atencioso e o ambiente tranquilo. Citam também açaí e doces à venda, e um delivery que chegou em 35 minutos, bem embalado e quente.
Brothers Burguer Beer;-23.5125274658203;-46.8619499206543;Especialidade: hambúrguer. As avaliações lidas falam quase só da barbearia e do lava-rápido que funcionam no local, elogiando o corte de uma profissional, o atendimento e o preço acessível. Uma menciona aproveitar para ver os amigos e tomar cerveja gelada. Não há comentários sobre a comida.
Brunella Pizzaria;-23.5291118621826;-46.8871307373047;Especialidade: pizza. Avaliações mistas. Elogiam os ingredientes, a pizza gostosa e o atendimento no balcão, e citam um salão pequeno para até 8 pessoas. Reclamações relatam pizza com cebola apesar do pedido sem, pizza queimada, falta de resposta às mensagens e mau atendimento na troca de cupons de uma promoção.
Brus Teppanyaki |Restaurante Culinária Oriental | Camarão | Peixe | Carnes| Baru;-23.4972267150879;-46.8494758605957;Especialidade: japonesa. Avaliações elogiam a comida, o ambiente agradável, a equipe e o show culinário do teppanyaki. Uma avaliação achou a comida gordurosa e os garçons invasivos, sem dar privacidade à mesa, e diz que não volta pelo preço. Outra afirma que não existe local com esse nome no endereço indicado.
Bruttus Pub;-23.5094146728516;-46.8933296203613;Avaliações elogiam o preço justo, o bom atendimento, as porções gostosas, as bebidas de qualidade e o ambiente divertido. Uma avaliação conta que foi no dia dos namorados, aproveitou a promoção de dose dupla e gin, e que foi muito bem tratado sendo um casal gay.
Buffet Espaço Lá Vem O Sol;-23.4894618988037;-46.8339385986328;Avaliações descrevem um buffet infantil bonito e prático, com brinquedão grande, tirolesa, escorregador, sinuca e pebolim, elogiando a infraestrutura, a equipe e a recreação. Uma avaliação alerta para riscos: um barco de madeira na piscina de bolinhas onde crianças se machucaram e a mesa de sinuca no meio do salão.
Buffet Mundo Mágico;-23.5103645324707;-46.8933410644531;Avaliações descrevem um salão de festas para 15 anos, chá de bebê e festas infantis, com dois salões e brinquedos, elogiando preço, comida e funcionários. Há relatos de mudança de administração, uns vendo melhorias e outro reclamando de itens do cardápio não servidos e cobranças extras. Um vizinho reclama de som alto depois das 22h.
Bugan Ville;-23.5086402893066;-46.868616104126;Especialidade: hambúrguer, fast-food. Avaliações mistas sobre uma hamburgueria com rodízio. Uma elogia os lanches, menores que antes mas muito bons, com batata rústica, e diz que o rodízio parece ser o carro-chefe. Outra acha o cardápio pouco variado, o hambúrguer sem graça e o atendimento fraco. As demais são curtas e positivas.
Bullguer;-23.5049438476562;-46.8339729309082;Especialidade: hambúrguer. Avaliações elogiam os hambúrgueres e as fritas, que podem vir com sabores diferentes, o refil de refrigerante, a comida que chega rápido, o atendimento e o preço justo, bom para um almoço rápido de fim de semana. Uma avaliação critica o sanduíche de frango frito, que não esperava empanado, e achou a cerveja cara.
Buona Pizzeria;-23.508882522583;-46.8814468383789;Especialidade: pizza. Avaliações são em maioria negativas sobre o delivery: relatam longa espera, pizza queimada, fria ou com massa crua e falta de retorno do atendimento. Vários dizem que eram clientes antigos e que a qualidade caiu. Uma avaliação elogia como a melhor pizza de Barueri, com entrega no prazo.
Burger King;-23.5113372802734;-46.880184173584;Especialidade: fast-food, hambúrguer. Avaliações curtas, sem detalhes. Uma diz que é apenas ok.
Burger King;-23.5158176422119;-46.8555450439453;Especialidade: fast-food, hambúrguer. Avaliações curtas descrevem como fast food normal e bom lugar para almoçar. Uma sugere que o preparo poderia ser mais rápido.
Burger King;-23.4963989257812;-46.848804473877;Especialidade: fast-food, hambúrguer. Avaliações mistas: uma elogia o atendimento de um funcionário, outra diz ser a pior unidade da rede que já conheceu, com lanches fora do padrão, às vezes queimados, e máquina de sorvete quebrada há meses. As demais são curtas, sem detalhes.
Cacau Show;-23.5151710510254;-46.8557929992676;Especialidade: doces. Avaliações em maioria elogiam o atendimento, a variedade de produtos e os chocolates. Uma relata constrangimento no caixa por recusarem pagamento em dinheiro por falta de troco, e outra cita mau atendimento em visitas anteriores.
Café Aconchego | pães artesanais e fermentação natural;-23.4979381561279;-46.8499717712402;Especialidade: café. Avaliações elogiam pães, croissant, pain au chocolat e principalmente o cannelé, além do café coado e do chocolate quente. Citam atendimento atencioso e ambiente muito agradável, bom para ir acompanhado ou sozinho para estudar, trabalhar ou ficar em silêncio. Um avaliador comenta que o novo espaço no centro comercial ficou melhor.
Café do Ponto;-23.5045700073242;-46.8340225219727;Especialidade: café. Avaliações são mistas. Há quem ache o café bom e o local agradável, com ressalva à torta holandesa muito doce. Três relatos longos reclamam do atendimento: funcionária que tratou mal uma família por causa de um pedido, café servido frio e desorganização com salgados, e gerente que destratou cliente após venda de croissant estragado.
Cafe Na Lata;-23.5005683898926;-46.8281211853027;Especialidade: café, lanchonete. Avaliações descrevem um café em contêiner dentro de um estacionamento, prático para café da manhã e almoço rápido, com salgados, doces, sanduíches e bebidas quentes bem preparadas, comida boa e barata. Há críticas a pão servido gelado, mesas sujas, excesso de cartazes que confunde o pedido, dono pouco simpático e dias em que abre tarde ou não abre.
Café São Jorge;-23.5032291412354;-46.8348960876465;Avaliações elogiam o café, o bolo de milho e a coxinha, e uma cita atendentes atenciosos. Há reclamações de atendimento: recusa de uma colher descartável a cliente frequente e recusa de venda perto do fechamento do caixa, com atendente mal-educada. Uma avaliação acha os preços altos para um café que fica em um estacionamento onde chove dentro.
Cafeteria Cristal;-23.4932479858398;-46.8528289794922;Especialidade: café. Avaliações tratam do almoço: marmitas saborosas, bem temperadas e bem embaladas, self-service com bastante variedade e um relato de marmita refeita sem custo após cair no chão. Há duas reclamações de pedido entregue errado, mal embalado e sem solução por parte da loja, e uma observação de que o salão é quente, sem climatização.
Caffè Mio;-23.498477935791;-46.8540916442871;Especialidade: café, lanchonete. Avaliações elogiam o café da manhã, o almoço rápido (filé à parmegiana citado), os lanches e o atendimento das atendentes, com clientes fixos que frequentam todos os dias. Uma avaliação lamenta a saída de uma atendente querida e outra reclama de arrogância da atendente da manhã, embora ache o restante ótimo.
Calábria Pasta e Cia.;-23.4964447021484;-46.8497333526611;Especialidade: italiana. Avaliações são majoritariamente negativas. Reclamam de ingredientes enlatados, salada mal lavada, risotos mal feitos, demora, cobrança diferente do cardápio e, no delivery, pedidos cancelados após longa espera e estorno negado. Uma avaliação elogia massa e parmegiana frescas e o atendimento simpático. Citam que é do mesmo dono da Casa do Parmegiana e que à noite há pouca equipe.
Camarada Camarão;-23.5026741027832;-46.8344383239746;Avaliações elogiam o ambiente bonito e bem decorado, a área kids grande, os pratos de camarão, o mini hambúrguer de camarão e o salmão, e garçons atenciosos. Parece servir bem a famílias com crianças. Uma avaliação relata espera de 1h20 para grupo de 15 pessoas, comida que chegou morna e sobremesa fria, mas ainda considera um bom restaurante.
Camelo Pizzaria;-23.5026893615723;-46.8341941833496;Especialidade: pizza. Avaliações elogiam a pizza, a salada de rúcula com burrata, os pratos executivos (parmegiana e estrogonofe), o ambiente agradável e a equipe atenciosa. Há críticas de quem consumiu dentro do Taste Lab do shopping: entrada servida sem prato, talheres ou guardanapo, e pizzas para viagem embaladas uma sobre a outra em marmita pequena.
Caminito Gourmet;-23.4977054595947;-46.8514175415039;Especialidade: brasileira. Avaliações descrevem um lugar simples, limpo e de clima familiar, com comida caseira boa para o dia a dia e preço justo, que fica cheio no almoço. O dono é citado como simpático. Uma avaliação aponta pouca variação de cardápio.
Campari do Brasil Ltda;-23.5004959106445;-46.8486747741699;Única avaliação lida é curta e positiva, elogiando as bebidas.
Cantinho da Tapioca;-23.4960174560547;-46.8511123657227;Especialidade: brasileira. Avaliações elogiam bastante as tapiocas, descritas como saborosas, bem recheadas e bem servidas, com opções salgadas e doces. Citam atendimento simpático e rápido mesmo em horários movimentados e ambiente acolhedor. Não há críticas nas avaliações lidas.
Cantinho das Pizzas e do Açaí;-23.5291957855225;-46.8634185791016;Especialidade: pizza. Avaliações elogiam as pizzas, o atendimento rápido e atencioso e o ambiente familiar e aconchegante, bom para ir com crianças comer pizza e tomar sorvete. Há uma reclamação de delivery que levou duas horas, bem acima do prazo, e chegou com a pizza errada.
Carlo's Bakery;-23.5049152374268;-46.834285736084;Especialidade: doces, padaria. Avaliações elogiam os doces em sabor e variedade, com destaque para os cannoli, e a recriação da confeitaria da franquia, recomendada para fãs. Uma avaliação diz que o serviço é lento e confuso e outra que o espaço é pequeno, sugerindo levar para viagem. Demais avaliações são curtas e positivas.
Carol Restaurante;-23.4995651245117;-46.8140029907227;Especialidade: brasileira, buffet (rodízio). Avaliações elogiam a comida caseira bem temperada, o preço acessível, a limpeza, o ambiente aconchegante e sobretudo o atendimento e a generosidade da dona. Uma avaliação destoa: achou a comida sem gosto, a carne moída ruim e o refrigerante caro, e diz que não volta.
Casa Bauducco;-23.5052337646484;-46.8356323242188;Especialidade: café. Avaliações curtas elogiam o leite com Nutella, o chocolate cremoso e o café italiano. Uma avaliação reclama que a fatia de panetone é pequena para o preço. Uma das avaliações não tem conteúdo legível.
Casa Carbonetto Pães Premium;-23.4964427947998;-46.8515586853027;Especialidade: padaria. Avaliações elogiam os sanduíches e lanches, o atendimento e o ambiente agradável, bonito, limpo e receptivo. Uma avaliação faz críticas construtivas ao almoço: preparo demorado para quem tem uma hora de intervalo, massa fresca que veio grudada e pouco molho e tempero, embora tenha gostado da carne.
Casa de Carnes Alto da Serra;-23.4901638031006;-46.9563102722168;Avaliações descrevem um açougue completo, com carnes selecionadas, hambúrgueres artesanais, produtos para churrasco, temperos, acessórios e pão de queijo, além de entrega em casa. Elogiam muito o atendimento dos donos, o preço justo e a qualidade. Não há críticas nas avaliações lidas.
Casa do Norte Moreira;-23.4993572235107;-46.8652458190918;Avaliações divididas: algumas elogiam a comida, a rabada, o preço justo e o ambiente temático com pratos do Norte e Nordeste. Outras reclamam de atendimento ruim e demorado, comida sem gosto, frituras encharcadas de óleo e pouca variedade de cachaça boa. Uma diz não gostar da música.
Casa do Parmegiana;-23.4966220855713;-46.8496971130371;Especialidade: italiana, frango. Avaliações elogiam a comida, os preços razoáveis e o ambiente, e citam que fazem entrega. Uma elogia a paciência da garçonete com cliente estrangeiro. Há críticas à demora dos pratos e ao atendimento.
Casa Do Pastel;-23.5113353729248;-46.8752098083496;Especialidade: brasileira, lanchonete. Avaliações mistas: algumas elogiam os pastéis sequinhos, o hot dog prensado e os pedidos por aplicativo bem embalados. Outras relatam grosseria de atendentes no balcão ao reclamar de pastel errado, e atraso e falta de resposta em pedido por aplicativo.
Casa London;-23.4942741394043;-46.8481674194336;Avaliações descrevem um açougue com boa variedade e equipe prestativa, e algumas elogiam a qualidade das carnes. Duas relatam ter recebido carne estragada, com cheiro de podre, e citam o preço alto.
Casamaria;-23.5036849975586;-46.8442687988281;Especialidade: buffet (rodízio). Avaliações descrevem buffet de café da manhã e almoço com grande variedade, espaço amplo que comporta grupos e equipe prestativa, e elogiam o pastel de nata. Citam que lota no horário de almoço, que o preço não é dos mais baratos, que a comida às vezes é servida um pouco fria e que os doces não têm preço exposto.
Ceara do churrasco;-23.4918270111084;-46.8813896179199;Especialidade: churrasco, drinks, lanchonete. Avaliações curtas e positivas, sem detalhes.
Celinho's Bar;-23.5104827880859;-46.8765754699707;Avaliações descrevem um boteco simples com mesas na calçada, rock, cerveja de litro gelada, drinks e espetinho feito na hora a preço justo, frequentado por público jovem e animado. Uma diz que o dono é meio grosseiro, mas elogia a esposa dele.
Central Story Doing;-23.4924488067627;-46.8477745056152;Avaliações descrevem um espaço de eventos para palestras, imersões de negócios e festas, elogiando a infraestrutura, o som, o auditório, a sala de podcast e o apoio da equipe.
Centro De Eventos Barueri;-23.4973316192627;-46.8705940246582;Avaliações curtas e positivas, sem detalhes.
Cervejaria Dogma - Taste Lab;-23.5026760101318;-46.8349380493164;Avaliações elogiam os chopes artesanais, a variedade de estilos, o atendimento e o ambiente, e situam a cervejaria no Taste Lab do Shopping Tamboré.
Cervejaria Play;-23.4965972900391;-46.8527793884277;Avaliações curtas elogiam a cerveja, o preço justo e o atendimento.
CHB Salão de Festas;-23.53981590271;-46.8713073730469;Avaliações descrevem um espaço de locação para eventos pequenos e simples, bem estruturado, com churrasqueira, forno de pizza a lenha, fogões, freezer, banheiros com fraldário, mesas e ventiladores. Elogiam o ambiente amplo, arejado e confortável. Há ressalva sobre a dificuldade de estacionar na rua, em bairro residencial.
Chef's Pizzaria;-23.5106735229492;-46.8977851867676;Especialidade: pizza. Avaliações de tom misto, voltadas a pedidos por telefone e entrega. Elogiam a pizza, que chega quente, embora uma diga que poderia assar mais e reclame de azeitona com caroço. Há reclamações repetidas do atendimento por telefone, descrito como demorado e grosseiro. Uma avaliação diz apenas regular.
Chicken Stop;-23.4969673156738;-46.8500556945801;Especialidade: lanchonete. Poucas avaliações. Duas elogiam o atendimento e os pratos saborosos. Uma reclama que, no almoço e com o local vazio, pagou antecipado no sistema de fast food e esperou mais de 25 minutos sem receber o prato, e diz que não volta.
Chiquinho Sorvetes;-23.505350112915;-46.8344917297363;Especialidade: sorvete, doces. Avaliações de tom misto sobre um quiosque de sorvetes. Uma elogia o sorvete e a recepção da atendente. Outra reclama que se recusaram a atender ou a fazer itens perto do horário de fechamento. Uma terceira relata grosseria de funcionária, mas diz se referir a outra unidade da rede. As demais são curtas e positivas.
Chopperia, Restaurante e Casa do Norte Peixoto;-23.5256366729736;-46.8930587768555;Especialidade: brasileira, drinks. Avaliações curtas e positivas, sem detalhes.
Churrascaria Braseiro Gaúcho;-23.5157356262207;-46.8370819091797;Especialidade: churrasco. Avaliações elogiam o churrasco e a comida à vontade com bom custo-benefício, carnes no ponto, bebida gelada e atendimento. Descrevem o lugar como sossegado e familiar. Há ressalvas de que o ambiente é um pouco apertado e de que não há tantas opções. Uma avaliação elogia a marmitex e a rapidez da entrega.
Coco Bambu Alphaville;-23.5049228668213;-46.8478546142578;Avaliações elogiam os pratos de frutos do mar, com muitas opções de camarão e lagosta, o ambiente casual e sofisticado e a música ao vivo. É citado para comemorar aniversário, com sobremesa de cortesia, e uma avaliação menciona opções vegetarianas. Há reclamações de demora para os pratos chegarem e de serviço de mesa desatento em uma visita.
Coffee Break Cafeteria;-23.4957656860352;-46.8491973876953;Especialidade: café, café da manhã, lanchonete. Avaliações descrevem um lugar aconchegante para um café com conversa demorada ou um lanche rápido para viagem, com pão de queijo quentinho, bolo de cenoura e equipe educada. Uma diz que deveria ter mais opções de comida.
Coffee Day;-23.4922733306885;-46.8790454864502;Especialidade: café. Avaliações elogiam o atendimento cordial, o café, o pão de queijo e os salgados, com bons preços. Uma descreve o espaço como pequeno, só com balcão e sem mesas, melhor para ir sozinho ou pedir para viagem, e sem cafés especiais. Uma reclama de café com leite e hambúrguer servidos frios.
Comodidades do Comfort Suites Alphaville;-23.4969787597656;-46.8478851318359;Avaliações mistas: elogiam a localização perto de restaurantes e lojas, a segurança, a equipe simpática e a limpeza. Há críticas a elevadores lentos, ar-condicionado fraco ou barulhento, academia e restaurante medianos, falhas de wifi e TV, e uma avaliação relata mofo no banheiro e falta de higiene. Uma cita que o hotel está em reforma.
Companhia do Hamburguer;-23.4958534240723;-46.8519058227539;Especialidade: hambúrguer, lanchonete, fast-food. Avaliações mistas: algumas elogiam o ambiente amplo no Centro Comercial, os lanches e os preços acessíveis. Outras criticam o atendimento seco, erro na conta, hambúrguer cru em pedido por aplicativo, carne sem tempero e preço alto pelo que oferece.
Conde do Café;-23.4968013763428;-46.8512840270996;Especialidade: café. Avaliações elogiam o café, os salgados, o açaí e a decoração, e uma cita preços altos mas condizentes com a região. Há críticas: uma relata ingrediente adicionado ao lanche sem pedir e ambiente escuro e pouco acolhedor, outra diz que a atendente pegou o salgado com as mãos, sem luva.
Cozumel Sorvetes;-23.4955768585205;-46.8874664306641;Especialidade: sorvete, doces. Avaliações elogiam as paletas, dizendo que têm sabor de fruta e recheios caprichados, o preço justo e a simpatia dos vendedores.
Cravo e Canela Restaurante e Hamburgueria;-23.5115795135498;-46.8729972839355;Especialidade: brasileira. Avaliações citam reforma que deixou o espaço bonito e confortável, e elogiam o buffet de almoço, o café da manhã e o preço baixo. Há críticas: espaço muito aberto ao vento e à sujeira da rua, salgados duros, atendente de má vontade e chocolate quente ruim.
Deck Bar Alphaville;-23.4953079223633;-46.8476638793945;Avaliações descrevem um restaurante e bar animado no centro de Alphaville, em local bonito com plantas, música ao vivo, espaço para grupos grandes e garçons gentis. Uma diz que a comida é apenas ok, outras elogiam os petiscos e citam pizza e cerveja.
Deck Café;-23.4951152801514;-46.8499870300293;Especialidade: café. Avaliações descrevem um café para encontrar amigos, família ou colegas, com equipe educada e prestativa e lanches caseiros, cafés e chás elogiados. Uma avaliação acha o serviço desorganizado e a comida apenas ok, e conta que no domingo de manhã o lugar é ponto de encontro de motociclistas, com barulho. Citado como o único aberto no domingo e bom para um café rápido.
Delicafé Cafeteria e Conveniência;-23.5061931610107;-46.8695831298828;Especialidade: café. Avaliações descrevem cafeteria pequena e aconchegante, com bons cafés, sobremesas e lanches a preço justo, salão limpo e acesso possível a cadeirante. Elogiam o atendimento, mas há só uma atendente e o serviço pode atrasar. Há reclamações de lanche caro com pão mole e pouca carne, falta de estacionamento e de um almoço que levou 50 minutos, em que o cliente se sentiu desrespeitado.
Di Paula Refeições;-23.4985065460205;-46.8135681152344;Avaliações descrevem restaurante de almoço com comida caseira bem temperada, prato feito bem servido, buffet à vontade ou por quilo e boa variedade. Elogiam o atendimento e o preço baixo, citando uma feijoada barata e saborosa. Uma avaliação pede atenção ao lacre das marmitas.
Diamante Hostel;-23.5007648468018;-46.8656406402588;Avaliações descrevem pousada de ambiente familiar e aconchegante, limpa, com quartos confortáveis, bom café da manhã e wi-fi. Elogiam muito a dona, tida como atenciosa e acolhedora, e o custo-benefício. Hóspedes citam estadias a trabalho ou curso e em família. Uma avaliação nota que não fica perto dos centros comerciais, a cerca de 10 minutos de carro ou ônibus.
diplomatabar;-23.508716583252;-46.8813133239746;Avaliações elogiam o chopp, o caldo e as cervejas artesanais geladas, descrevendo ambiente tranquilo e aconchegante onde a pessoa se sente à vontade, com bom atendimento. Uma avaliação sentiu falta de porções.
Divina Maria Restaurante e Pizzaria;-23.487419128418;-46.954948425293;Avaliações curtas e positivas elogiam a carne, a pizza, a comida e o serviço. Uma delas descreve ambiente extraordinário, proprietário simpático e atendimento maravilhoso de toda a equipe.
Divino Fogão;-23.515209197998;-46.8560791015625;Avaliações são majoritariamente negativas: comida sem tempero e fria, preço alto por quilo, poucas opções e falta de reposição no self-service, muita fritura e carne dura, além de funcionário que tirou o prato da mão do cliente. Uma avaliação positiva fala em ambiente tranquilo, muitas mesas e comida caseira gostosa.
Divino Fogão Alpha Shopping;-23.4968090057373;-46.8490257263184;Avaliações curtas e positivas. Uma detalhada diz gostar de almoçar ali, com comida sempre fresca e atendimento excelente, elogiando um funcionário atencioso que retira os pratos e oferece bebida, e cita churrasco à parte.
Doceria Fantasias;-23.4979629516602;-46.8511428833008;Especialidade: doces, padaria. Avaliações elogiam bolos em fatia ou inteiros, cappuccino, salgados como coxinha com requeijão e pão de queijo, e equipe simpática que explica os sabores, com menção a kit de festa de aniversário. Há uma reclamação de cliente que ficou cerca de 10 minutos no local sem ser atendido e foi embora.
Dolce Momento;-23.4973821640015;-46.8511123657227;Especialidade: doces. Avaliações descrevem uma loja de doces bem localizada, com variedade de produtos, chocolates importados e barras de proteína a bons preços, e elogiam o atendimento.
Dolce Sabor Gelato e Caffe;-23.4967002868652;-46.8522682189941;Avaliação curta e positiva, sem detalhes.
Dominó Bar;-23.4965620040894;-46.8527126312256;Avaliações descrevem um restaurante de almoço com buffet de comida caseira, boa variedade de pratos quentes e carnes, bom preço e atendimento elogiado do proprietário. Uma cliente antiga relata que a qualidade caiu muito nos últimos meses, com arroz cru e legumes mal cozidos. Outra diz que o rodízio tem equipe diferente e atendimento inferior.
Domino's Pizza;-23.5108814239502;-46.8797149658203;Especialidade: pizza. Avaliações curtas e positivas, sem detalhes, uma delas descrevendo a pizza como ok e de fast food.
Don alfredo pizzaria;-23.5006275177002;-46.8748989105225;Especialidade: pizza. Avaliações dizem que funciona como pizzaria à noite e restaurante de dia, só para entrega, sem mesas no local. Há elogios à pizza saborosa e ao almoço. Há reclamações de queda de qualidade, pizza queimada, pouco queijo, borda cara e de espera de 3 horas pela entrega sem retorno.
Don Doh Brasil;-23.4950103759766;-46.8505744934082;Especialidade: asiática. Avaliações elogiam pratos muito saborosos e bem apresentados de cozinha japonesa e serviço impecável, com bartender e chef indo à mesa fazer sugestões. Um cliente diz ser seu japonês favorito e ir a cada duas semanas. Uma avaliação achou a comida abaixo da expectativa e ressalta que não é barato.
DON MARIA;-23.5105628967285;-46.881706237793;Especialidade: buffet (rodízio). Avaliações elogiam comida boa e bem temperada a preço acessível, espaço amplo com boa iluminação natural e atendimento gentil, inclusive com entregadores. Uma avaliação diz que serve bem para o almoço do dia a dia, mas não para ocasiões especiais, e que à noite parece funcionar como pizzaria. Outra cita comida italiana e sobremesas no andar de baixo.
Dona Janete Bolos e Doces Caseiros;-23.4962940216064;-46.8498516082764;Especialidade: doces, padaria. Avaliações são mistas. Há elogios ao atendimento, ao café bom e barato, ao lugar limpo e aos bolos e à queijadinha, com opções para intolerantes à lactose e itens para festas. Uma cliente reclama de bolo pequeno, doce demais e diferente do pedido. Duas avaliações dizem que não encontraram o lugar, que o endereço seria de outra empresa e que o telefone não atendeu.
Dona Lena Restaurante;-23.4965534210205;-46.8504295349121;Especialidade: brasileira. Avaliações descrevem um buffet com grande variedade de saladas e pratos, churrasco e cardápio diferente a cada dia. Elogiam a comida saborosa, a equipe simpática e o preço baixo.
Dozza Alphaville;-23.5012912750244;-46.8407096862793;Especialidade: árabe. Avaliações descrevem restaurante de comida armênia de aparência simples, com comida muito elogiada, equipe simpática e preços honestos. Um cliente diz frequentar há 15 anos. Uma avaliação acha que o preço poderia ser melhor e lamenta não haver combos, sendo preciso pedir o prato inteiro ou meia porção.
Duetto Bistrô e Pães Sem glúten;-23.4970626831055;-46.851806640625;Especialidade: café. Avaliações elogiam muito o atendimento atencioso e alegre, o chef e a comida, com pratos bem elaborados e ingredientes frescos. Destacam as opções sem glúten para celíacos, além de zero lactose e zero açúcar, e os pães e bolos para levar. Uma cliente descreve o lugar como tranquilo e silencioso, bom para a pausa do almoço.
Duque Choperia;-23.507625579834;-46.8737602233887;Uma única avaliação, curta, diz que é bom para quem gosta, sem detalhes.
É o Amor - Lanchonete, Dogueria e Pastelaria;-23.502893447876;-46.8682403564453;Especialidade: lanchonete. Avaliações elogiam os salgados assados, frescos mesmo no fim da tarde, o ambiente limpo e o atendimento, e uma chama de melhor lanche da região. Uma avaliação diz não ter gostado da maionese. Não há estacionamento, mas é fácil achar vaga na rua.
Eclipse Motel;-23.5110607147217;-46.8329811096191;Avaliações descrevem motel bem localizado, limpo, com quartos grandes e bem cuidados, e elogiam a sauna, o chuveiro e a banheira de uma suíte, a comida e a equipe. Duas avaliações acham o preço alto, e uma reclama de ar-condicionado barulhento e de mosquitos no quarto.
Edilson Restaurante e Cervejaria;-23.503101348877;-46.8785762786865;Especialidade: buffet (rodízio). Avaliações descrevem restaurante simples e amistoso, bom para ir com a família, com comida saborosa, boas opções de pratos, cerveja gelada, preço acessível, limpeza e atendimento rápido. Clientes falam em almoçar e relaxar tomando cerveja.
Empada e Cia Coffee Place;-23.4962043762207;-46.8513107299805;Especialidade: café. Avaliações são mistas e tendem ao negativo. Uma elogia empadas fresquinhas e a coxinha, com atendimento satisfatório. Outras reclamam de empadas caras e salgadas demais, refrigerante quente e falta de gelo, e uma diz que o lugar já foi melhor. Há um relato de péssimo atendimento, com cliente passada na frente e atendente nervosa batendo pratos.
Emporio Bethaville;-23.5055732727051;-46.868236541748;Especialidade: padaria, café da manhã, pizza. Avaliações curtas e divididas. Duas descrevem um bom lugar para comer e passar um tempo com amigos, com boa comida e bom preço. Uma reclama de serviço muito ruim, comida fraca e preços altos. As demais são positivas, sem detalhes.
Empório Bom Sabor;-23.4879398345947;-46.8065795898438;Avaliações de quem come no local elogiam a comida caseira, o lugar limpo e aconchegante, o preço justo e o atendimento, e uma chama de melhor restaurante do Parque Imperial. Duas avaliações reclamam da entrega de marmitas, com mais de uma hora e meia de espera, pedido que não chegou e falta de resposta no WhatsApp.
Empório de Comidas - Shopping Tamboré;-23.5047569274902;-46.8353042602539;As avaliações lidas são todas negativas. Reclamam de frango cru ou sem gosto, arroz requentado, salada pobre e pedido trocado. Há relatos de atendimento ruim, com família esperando sem cardápio e garçom arrogante, e de funcionárias que atenderam primeiro um casal que chegou depois. Uma avaliação reconhece cardápio e preço bons.
Empório e Restaurante Flor De Lótus;-23.5088424682617;-46.8791103363037;Especialidade: padaria. Avaliações destacam a feijoada, servida fervendo em cumbuca de barro, bem temperada e com preço justo, e o serviço rápido. Uma diz que a quantidade de carnes não bastou para três pessoas e outra notou leve queda de qualidade. Há uma reclamação de péssimo atendimento por recusarem clientes antes do horário de fechamento informado.
Escondidinho Pub e Lounge;-23.5161685943604;-46.8367080688477;Especialidade: música ao vivo. Avaliações descrevem barzinho agradável com música ao vivo, cerveja bem gelada, várias opções de cervejas, drinks, porções e comidas, preço acessível e atendimento muito elogiado. Citado como bom para ir com amigos durante a semana e no fim de semana.
Esfiha do Ilário;-23.5006237030029;-46.8690738677979;Especialidade: pizza, árabe. Avaliações elogiam as esfihas, de massa leve, recheio generoso e ingredientes frescos, e o atendimento. Uma avaliação reclama de salgados velhos e frios, uniforme sujo de funcionária e falta de sabonete para lavar as mãos. Outra cliente lamenta que não entreguem na cidade vizinha.
Eskimó Aldeia da Serra;-23.4905166625977;-46.9559936523438;Especialidade: sorvete, doces. Avaliações descrevem sorveteria com picolés e sorvetes em pote, inclusive diet, de sabores diferentes do habitual, e uma diz que é bom e barato. Há reclamação de que fecham sem horário definido, muitas vezes logo depois do almoço, e outra de péssimo atendimento por não terem guardanapo e mandarem pegar papel no banheiro.
Eskina 18;-23.5036745071411;-46.8748207092285;Uma avaliação descreve o bar como lugar de festa com ótima música brasileira. Duas avaliações relatam experiência negativa com a segurança, descrita como despreparada, invasiva e intimidadora, com abordagem constrangedora por portar tabaco. Outra reclama que o valor da entrada na porta foi bem maior que o divulgado no Instagram e que a estrutura não justifica o preço.
Espaço Altus;-23.5051288604736;-46.8489875793457;Avaliações descrevem um espaço de eventos corporativos e sociais em rooftop anexo ao shopping, com vista impressionante, ambientes sofisticados e bem divididos, plenária adequada a cursos e palestras, camarim equipado e banheiros amplos e limpos. Elogiam o atendimento da equipe. Os relatos são de quem participou de eventos corporativos, cursos e imersões.
Espaço Herbalife Office Tamboré;-23.5062007904053;-46.8345222473145;Especialidade: sucos. Avaliações descrevem um espaço de produtos de nutrição, com shakes, sopa e opções fit, ambiente agradável e aconchegante e estacionamento no local. Elogiam muito o atendimento e a orientação das responsáveis, e recomendam para quem busca estilo de vida saudável.
Espaço Revendedor Grupo Boticário;-23.5002593994141;-46.8278732299805;Avaliações tratam o local como loja para revendedores de cosméticos, elogiando preços baixos e a atenção da equipe. Há uma reclamação forte de uma revendedora sobre pedido passado em atraso e mais caro, com atendente que não assumiu o erro.
Espetto Carioca;-23.4969940185547;-46.8511619567871;Avaliações elogiam a comida, como o parmegiana no espeto e a picanha, o bom atendimento e a seleção de bebidas. Citam karaokê animado e ótimo clima no sábado à noite, em área fechada ao lado de uma praça.
Esquina 76;-23.5104084014893;-46.8766670227051;Avaliações curtas e positivas, sem detalhes.
Estação Da Esfiha;-23.5293006896973;-46.8870811462402;Especialidade: pizza, árabe. Avaliações curtas e positivas, sem detalhes.
Estaleiro Gastrobar Alphaville;-23.5036239624023;-46.8274173736572;Especialidade: gastropub. Avaliações descrevem ambiente bonito, aconchegante e familiar, com atendimento educado e atencioso. Elogiam a comida, em especial o risoto e a parmegiana, e os drinks.
EVS Alameda Madeira 258;-23.4952964782715;-46.8512554168701;Especialidade: chá. Avaliações descrevem um lugar aconchegante, confortável e bem estruturado, com atendimento gentil. Elogiam o shake, a sopa e o pudim.
EVS Lounge - West Tower - HERBALIFE;-23.5021953582764;-46.8464393615723;Parte das avaliações fala do prédio de escritórios de duas torres, bem localizado, organizado e limpo, com cafés e estacionamento. Uma avaliação descreve o espaço como chique e aconchegante, com donas acolhedoras e novidades como shakes, pudins, waffle, salgados e sopas.
Falafel Stop;-23.498119354248;-46.8502616882324;A única avaliação fala de compra para viagem: lugar pequeno com atendimento muito bom, salada elogiada como diferente, falafel gostoso mas um pouco seco e preço barato. Cita que aceita cartão, faz delivery e que o estacionamento do centro comercial é pago.
Família Castilho Pizzaria e Forneria (ARTESANAL EM FORNO A LENHA);-23.496410369873;-46.8528175354004;Especialidade: pizza. Avaliações elogiam a pizza de estilo napolitano, com massa leve e bem assada e ingredientes de qualidade, citando sabores como presunto parma e geleia de pimenta. Também elogiam a cordialidade no atendimento e a entrega.
Fantini;-23.5060977935791;-46.8371849060059;Avaliações divididas sobre este restaurante de almoço com buffet por quilo e marmitex. Há reclamações de preço alto para a qualidade, opções simples, atendimento mal-humorado e entrega demorada e fria. Outras elogiam a variedade, o sabor da comida e a simpatia das atendentes.
Favela's Bar;-23.4949283599854;-46.8818264007568;Uma única avaliação, curta e positiva, sem detalhes.
Felicitá Rodízio de Pizzas;-23.5105514526367;-46.8779640197754;Especialidade: pizza. Avaliações curtas e positivas, sem detalhes.
Fervas Burguer;-23.4981117248535;-46.8502655029297;Especialidade: hambúrguer. Avaliações elogiam o hambúrguer como saboroso, bem elaborado e feito com ingredientes de primeira, e a equipe atenciosa. Um avaliador o coloca entre os melhores da zona oeste e outros falam em pedir de novo.
Filomena Restaurante;-23.5016994476318;-46.8826713562012;Especialidade: buffet (rodízio). Avaliações elogiam o ambiente amplo, a decoração, a comida bem-feita e o atendimento simpático. Uma relata festa temática com DJ e flashback, criticando o som distorcido pela acústica e o encerramento uma hora antes do anunciado.
Flipe Burger;-23.4866046905518;-46.808422088623;Especialidade: hambúrguer. Avaliações descrevem ambiente aconchegante, estiloso e limpo, com música ao vivo, narguilé e jogos. Elogiam hambúrgueres, porções, chope, drinks e milkshake, o cardápio variado e o atendimento simpático. Aparece como opção para casais e famílias.
Foco restaurante;-23.4916458129883;-46.84055519104;Avaliações descrevem um lugar agradável e tranquilo, bom para almoço e bate-papo, com atendimento cordial. Elogiam a comida saborosa, a variedade de almoço, lanches e salgados, a feijoada de quarta, as sobremesas e o preço justo para a região.
Fogão de Lenha;-23.5116100311279;-46.862060546875;Especialidade: buffet (rodízio), pizza. Avaliações curtas, na maioria positivas, citando boas pizzas, bebidas geladas e comida boa por um bom preço. Uma avaliação diz apenas regular.
Food Sutra;-23.4968757629395;-46.8529052734375;Especialidade: árabe. Avaliações, várias de estrangeiros, elogiam muito a comida indiana, citando chana masala, naan, shawarma de frango tikka, samosas e pratos de cordeiro e paneer. Destacam o dono como anfitrião atencioso e simpático e alguns dizem ser a melhor comida indiana que provaram em São Paulo.
Fornalha Pizzaria Alphaville;-23.49658203125;-46.851749420166;Especialidade: pizza. Avaliações elogiam a pizza saborosa e bem recheada, com destaque para a de abacaxi com gorgonzola, o ambiente gostoso e o atendimento atencioso do dono. Uma avaliação sugere massa e molho menos finos.
Fran's Café;-23.5047216415405;-46.8509922027588;Especialidade: café. Avaliações divididas sobre este café dentro de edifício corporativo. Há elogios a cafés, sucos e chás, ao local aconchegante para reuniões e à atenção das atendentes. Há reclamações fortes de demora no almoço, de até uma hora e meia, desorganização nos horários de pico e preços altos.
Fran's Café;-23.5053234100342;-46.8379135131836;Especialidade: café. Avaliações elogiam o café da manhã, com baguete na chapa, latte e salgados quentinhos, o almoço com variedade de pratos, o ambiente agradável com área externa coberta e a equipe simpática. Uma avaliação reclama de atendimento com má vontade.
Frango e Cia;-23.4989318847656;-46.8536834716797;Duas avaliações afirmam que a unidade não existe mais e que fechou sem desativar a página no Google. As demais elogiam o atendimento e a qualidade de massas, tortas, salgados, carnes, frangos e sobremesas, citando a lasanha preparada pela proprietária.
Frans Café (hosp Albert Einstein);-23.5005207061768;-46.8578567504883;Especialidade: café. Avaliações divididas. Há quem ache o lugar aconchegante e tudo muito bom. Outras reclamam de preço muito caro, atendimento demorado ou péssimo, salgado duro e máquinas que não estavam funcionando.
Frans Café Alphaville;-23.4931983947754;-46.8487358093262;Especialidade: café, café da manhã. Avaliações elogiam o café, o café da manhã, a comida e o pátio externo, com atendimento em geral bom e clima amigável. Há críticas de preço alto, pouco espaço para sentar dentro e uma avaliação que considera o serviço muito ruim.
Frans Cafe CEA Corporate;-23.5010261535645;-46.84130859375;Especialidade: café. Avaliações divididas. O ambiente é descrito como agradável e uma avaliação elogia atendentes atenciosas e pedido rápido. As críticas falam de preço alto, salgados fracos, colher suja, café mal apresentado, cappuccino malfeito, atendente grosseira e falta de Wi-Fi.
Frutaria Alphaville;-23.4952735900879;-46.8475875854492;Avaliações elogiam a comida, as porções generosas, as opções saudáveis, os drinks e o ambiente, citado como pet friendly. Há críticas de demora nos pratos, de garçons que apressam quem fica muito tempo e de uma visita com comida apenas ok e menos opções que a unidade de São Paulo.
Gaba;-23.5123119354248;-46.8937835693359;Especialidade: padaria. Avaliações citam atendimento rápido e atencioso, preços bons, banheiro limpo e lugar tranquilo, com balcão, mesas e TV ligada em jogo de futebol. Uma avaliação elogia o X-salada e o suco de laranja. As demais são curtas.
Gaman't Sushi Bar;-23.499210357666;-46.8537063598633;Especialidade: japonesa. Avaliações elogiam muito o restaurante japonês: peixes frescos, arroz bem-feito, temaki, guioza e tempurá, além do menu executivo e do rodízio. Destacam atendimento impecável e ambiente aconchegante, familiar e charmoso, bom também para encontros a dois. Uma lamenta não poder repetir ou trocar peças no executivo.
Garage 359 BAR;-23.5398654937744;-46.8661727905273;Especialidade: hambúrguer. As avaliações lidas são todas negativas e tratam de pedidos por delivery. Há reclamações de longa demora na entrega, lanches frios ou errados, pedidos cancelados e de pós-venda considerado ofensivo, com atendente acusando o cliente de má-fé, cobrando lanche prometido como cortesia e bloqueando quem reclamou.
Gardenia Restaurante;-23.5038528442383;-46.8489036560059;Especialidade: buffet (rodízio). Avaliações descrevem ambiente agradável e tranquilo, bom para jantar com amigos ou a dois, com almoço e jantar. Elogiam o atendimento, o preço justo e pratos como a paleta de cordeiro, o risoto de cogumelos e o bolinho de mandioca, e citam cardápio em inglês. Uma sugere mais garçons nos horários de pico.
GARUFA (Empanadas e Alfajores Argentinos);-23.4967937469482;-46.8507957458496;Especialidade: padaria. Avaliações elogiam as empanadas, descritas como as melhores da região e autênticas, além de alfajores, massas e tortas. Citam ambiente agradável e acolhedor e a simpatia da dona.
Gastrô Brasil Gastronomia - Angélica Vitali;-23.4973602294922;-46.8505592346191;Avaliações descrevem loja e estúdio de fácil acesso, com ambiente refrigerado, organizado e tranquilo, onde se faz curso e se compram produtos de boa qualidade. Uma cita pratos deliciosos e outra considera o preço alto.
Gendai;-23.5046806335449;-46.8356285095215;Especialidade: japonesa, japonesa (sushi). Avaliações mistas sobre fast food japonês em praça de alimentação. Há elogio a pedido no totem que saiu rápido e fresco e ao atendimento. Há reclamações de espera de 25 minutos em sábado, espinhos no poke, queda de qualidade e itens faltando no delivery, e um relato de mal-estar após comer no local em duas ocasiões.
General Pub Bar e Restaurante;-23.5005054473877;-46.8544311523438;Especialidade: cervejaria, música ao vivo, espanhola. Avaliações descrevem bar com banda ao vivo e dançarinos fantasiados, bom para happy hour, comparado por um avaliador a um bar americano. As opiniões sobre as asas de frango divergem, entre elogio com a cerveja e crítica por estarem passadas. Uma avaliação diz que duas pessoas do grupo acharam que foram cobradas a mais.
Giorgio Restaurante e Churrascaria;-23.4965648651123;-46.8517456054688;Especialidade: brasileira. Avaliações curtas e positivas descrevem buffet de comida por quilo para o almoço, com muita variedade, ingredientes frescos, comida saborosa, local limpo e eficiente e preço razoável.
Giraffas;-23.5161819458008;-46.855884552002;Especialidade: fast-food. Avaliações majoritariamente negativas sobre unidade em praça de alimentação. Há reclamações de comida sem tempero e porção pequena, atendimento com descaso ou mal-educado, painel de senha que não funciona, demora com conversa na cozinha e um relato de recusa de atendimento perto do fechamento. Uma avaliação elogia o pedido rápido, a comida bem servida e a equipe atenciosa.
Giraffas;-23.5109691619873;-46.879581451416;Especialidade: fast-food. Avaliações em sua maioria negativas. Há reclamações de pedido de delivery cancelado depois de uma hora de espera, pedido esquecido no balcão, carne dura e pratos diferentes do anunciado no cardápio. Uma avaliação elogia o atendimento e a comida bem temperada. Uma avaliação afirma que a unidade já está fechada e não atende mais.
Giraffas;-23.5014305114746;-46.8358993530273;Especialidade: fast-food. Avaliações positivas descrevem refeição rápida e de baixo custo que cumpre o que promete, sem esperar mais do que isso. Elogiam o atendimento divertido e atencioso, o suco natural, o prato infantil e a comida quentinha com jeito de caseira em local organizado.
Giralda Alphaville;-23.4991397857666;-46.8535995483398;Especialidade: doces. Avaliações elogiam o atendimento atencioso e prestativo, os doces e bolos frescos, a soda italiana e o ambiente agradável, com decoração caprichada e mesas externas. Uma avaliação não gostou tanto de um bolo de Kinder.
Grão da Aldeia Cafés;-23.4988384246826;-46.8754501342773;Especialidade: café. Avaliações descrevem café aconchegante e tranquilo perto do parque, bom para brunch e para trabalhar, que aceita pets e tem opções veganas. Elogiam cappuccino, pães de fermentação natural, abacate toast, brioche e banoffee, além do atendimento receptivo. Uma avaliação acha os valores um pouco altos e outra menciona mensagens religiosas no ambiente.
Griletto;-23.5161228179932;-46.8553695678711;Especialidade: fast-food. As avaliações lidas são todas negativas sobre unidade em praça de alimentação. Reclamam de comida fria e sem sal, batata e mandioca murchas, carne mal passada ou ressecada, porção de frango menor que a do cardápio e espera de até 35 minutos mesmo sem movimento, além de falta de atenção ao cliente.
Grill Larica;-23.5132598876953;-46.9041690826416;Especialidade: brasileira, buffet (rodízio), churrasco. Avaliações curtas e em geral positivas, sem detalhes. Uma diz que o almoço é muito bom e tem muitas opções.
Grillaria;-23.503360748291;-46.824089050293;Especialidade: buffet (rodízio), brasileira. Avaliações curtas e positivas descrevem buffet por quilo bom e acessível, com churrasco, variedade de saladas e sobremesas, prático para almoço rápido em dia de trabalho. Citam lugar confortável, não muito caro, com drinks, que fica aberto até tarde e tem happy hour elogiado.
Grillarica;-23.4936714172363;-46.831298828125;Avaliações curtas e positivas, quase sem detalhes. Uma elogia a variedade de comida, saladas e carnes e o serviço.
Grilleria;-23.5161476135254;-46.8558464050293;Especialidade: frango. Avaliações em sua maioria negativas sobre unidade em shopping. Há reclamações de atendimento ruim, de parar de servir refeições à noite, de abrir depois do horário informado, de porção de picanha que não seria picanha e de parmegiana com frango cru. Uma avaliação elogia o atendimento rápido e a comida saborosa e bem servida.
Grupo Petrópolis;-23.4926204681396;-46.8902549743652;As avaliações são de funcionários, motoristas e prestadores de serviço e tratam o local como distribuidora do grupo de bebidas. Elogiam o ambiente de trabalho, a organização e a descarga. Um fornecedor reclama de pagamento atrasado. Nenhuma avaliação descreve o local como bar para o público.
Habib's;-23.5180377960205;-46.8381633758545;Especialidade: fast-food, árabe. Avaliações curtas, a maioria só com o nome de um atendente. Uma diz que é um lugar agradável para ir acompanhado e elogia os garçons.
Habib's;-23.5035514831543;-46.8470764160156;Especialidade: fast-food, árabe. Avaliações positivas citam espaço amplo com estacionamento gratuito, preço justo, promoções, serviço rápido e que é bom para grupos e para ir em família. Várias avaliações são curtas e só elogiam uma atendente pelo nome.
Habib's - Tamboré;-23.5025386810303;-46.8311996459961;Avaliações curtas e mistas. Há elogio a um atendente que sugeriu boas esfihas. Há crítica ao serviço do drive-thru e uma avaliação que descreve a unidade como mediana, de uma rede de fast food mediana.
Haiak Sushi Barueri;-23.521463394165;-46.8922805786133;Especialidade: japonesa, japonesa (sushi), vegetariana. Avaliações positivas elogiam o rodízio, com peças frescas e preparadas na hora, a qualidade dos sushis tanto no salão quanto no delivery e o atendimento atencioso dos garçons, citados pelo nome.
Hanada Temakeria Barueri;-23.4994297027588;-46.8658485412598;Especialidade: japonesa, japonesa (sushi). Avaliações divididas. Duas criticam com detalhes, dizendo que o temaki é pequeno para o preço e veio sem cream cheese, e que é restaurante japonês de posto de gasolina, com serviço ruim, comida abaixo da média, caro e com pouca variedade. As demais são curtas e positivas, sem detalhes.
Hatake Culinaria Japonesa;-23.5058460235596;-46.8694076538086;Especialidade: japonesa. Avaliações elogiam o rodízio, com peças frescas que chegam rápido à mesa, o missoshiro, os sushis com vieira e o atendimento educado e atencioso. Um casal diz frequentar há mais de três anos com experiência sempre boa. Uma avaliação resume como caro, mas excelente.
Havanna Café;-23.4936351776123;-46.8496170043945;Especialidade: café. A única avaliação lida é negativa: reclama de dois salgados de péssima qualidade, caros, que foram jogados fora, e de atendentes que não se importaram com a reclamação. Menciona o local como ponto de espera por resultados de exames.
HB Hotels Sequoia;-23.4952621459961;-46.8516998291016;Avaliações de hóspedes de longa estadia elogiam quartos espaçosos com varanda e opção com cozinha, piscina, sauna, academia, equipe gentil e localização segura. Criticam a pouca fluência em inglês da equipe, o café da manhã repetitivo e instalações datadas. Uma avaliação recente relata quarto sujo e com mofo, cobrança de estacionamento não avisada e tentativa de golpe após a reserva.
Ho Rancho;-23.5110282897949;-46.8788414001465;Especialidade: pizza, buffet (rodízio). Avaliações curtas descrevem buffet à vontade com variedade razoável. As opiniões se dividem: um avaliador acha barato, outro acha apenas ok e um pouco caro, e há quem diga que a pizza não é das melhores.
Honda bar;-23.5118198394775;-46.8748741149902;Especialidade: lanchonete. Avaliações descrevem um boteco e lanchonete tradicional de Barueri, com cerca de 40 anos, perto do terminal de ônibus e da estação de trem. Elogiam o bolinho de carne, o espeto de frango, a esfirra e o pão na chapa, bons para café da manhã reforçado. Um avaliador diz que o local não é muito limpo.
Hookah Premium;-23.492582321167;-46.8786582946777;Avaliações descrevem lounge de narguilé com ambiente gostoso, arejado e música agradável, frequentado por casais. Elogiam o atendimento em geral, mas há quem ache uma atendente do balcão irônica e desinteressada. Também há reclamações de preços que subiram bastante, descarga do banheiro sem funcionar e caixa de som que desconectava.
Hops Craft Beer;-23.500467300415;-46.8697128295898;Especialidade: hambúrguer, cervejaria. Avaliações elogiam a seleção de chopes artesanais, a equipe que conhece as cervejas, o hambúrguer e os petiscos, em ambiente descontraído e aberto. Um avaliador reclama da fumaça de cigarro que chega a todas as mesas, de refrigerante servido quente e da falta de estacionamento, mas elogia não cobrarem taxa de serviço.
Hot Dog Noah Barueri;-23.4968147277832;-46.8772735595703;Especialidade: fast-food. Avaliações elogiam o hot dog tradicional, com pão fofinho e bem recheado, o atendimento, o lugar aconchegante e a rapidez no preparo. Uma avaliadora deu nota baixa por ter encontrado o local fechado quando passou.
Hot Dog Now;-23.4952621459961;-46.849048614502;Especialidade: cachorro-quente, lanchonete. Avaliações elogiam o hot dog, com opções simples, completo, no prato e com carne louca, os ingredientes frescos e o atendimento gentil e rápido. Descrevem espaço simples e limpo, bom para ir com amigos. Há uma crítica à organização, sugerindo numerar as mesas para facilitar a entrega dos lanches.
Hot Mattoni Pizzaria;-23.5111179351807;-46.8560447692871;Especialidade: pizza, vegetariana. Avaliações curtas e positivas, quase sem detalhes. Uma elogia o atendimento e diz que foi a melhor pizza que já comeu.
Hotel Estação;-23.5117969512939;-46.8754920959473;Avaliações mistas. Parte elogia o custo-benefício, a limpeza, a equipe atenciosa e a proximidade da estação de trem, com quartos e café da manhã simples. Outra parte reclama de quarto muito pequeno, diferente das fotos do anúncio, sem frigobar e secador prometidos, ar-condicionado antigo e barulhento, barulho da cozinha cedo e falta de estacionamento.
Hotel Estrela;-23.5173444747925;-46.8400707244873;Avaliações mistas. Há quem ache os quartos reformados bons, limpos e o preço abaixo da região. Outros reclamam de quartos mal cuidados, feios, sem ar-condicionado, com cheiro de cigarro e pia vazando, e da recepção com cortina embolorada. O atendimento é feito por um guichê sem ver a atendente e não há café da manhã. Um avaliador diz que é motel, não hotel.
Hotel Lotus;-23.5122756958008;-46.8745803833008;Avaliações muito curtas e sem detalhes, variando entre positivas e regulares.
ibis budget Tambore;-23.5055770874023;-46.8354339599609;Avaliações descrevem hotel econômico com quartos muito pequenos e simples, perto do shopping. As opiniões divergem sobre a equipe, ora simpática, ora fria e pouco disposta a ajudar. Há reclamações de preço alto pelo que entrega, itens quebrados no quarto, barulho do elevador, café da manhã simples com poucos lugares, fila e de alguém tentando abrir o quarto de um hóspede por engano.
Ici Brasserie - Iguatemi Alphaville;-23.5045490264893;-46.8485641479492;Avaliações elogiam a comida francesa, os drinks e o ambiente, e relatam bom atendimento em comemoração de aniversário. A crítica recorrente é a falta de itens do cardápio, como vinhos, sopa de cebola e até taças. Há também reclamação de um filé com sabor desagradável cuja troca foi cobrada sem aviso e de garçonete com postura de deboche.
Império Mineiro;-23.5162143707275;-46.8560829162598;Avaliações majoritariamente negativas. Reclamam de preços altos, de comida requentada, sem tempero ou fria e de funcionários mal-educados. Um avaliador diz que a opção coma à vontade induz ao erro, pois permite servir uma única vez em prato pequeno e isso só aparece em letras miúdas. Uma avaliação elogia a temática bonita e a comida, mas também acha os valores salgados.
Ital'in House - Barueri Alphaville;-23.4985446929932;-46.8782386779785;Especialidade: italiana. Avaliações tratam quase só de pedidos por entrega e retirada. Há elogios à comida italiana, bem recheada, quentinha e bem servida, e ao atendimento na retirada. As críticas são à entrega: atrasos longos, falta de rastreio, informações erradas da loja e um entregador descrito como mal-educado. Um avaliador gostou do risoto e não do macarrão com costela.
Jeronimo;-23.5049304962158;-46.8352928161621;Especialidade: hambúrguer. Avaliações curtas e positivas, sem detalhes.
Jeronimo;-23.5158843994141;-46.8553791046143;Especialidade: hambúrguer. Avaliações mistas, em maioria críticas. Uma cliente diz gostar dos hambúrgueres e ser sempre bem atendida e rápido. Outros reclamam de atendimento lento, lanches que chegam frios, pedido montado com item errado, hambúrgueres queimados em pedido por aplicativo, hambúrguer vegetariano fora do padrão da rede e porção pequena de batata para o preço.
Jin Jin Wok;-23.5049781799316;-46.8351249694824;Especialidade: asiática, chinesa, japonesa. Avaliações descrevem comida oriental rápida, com opção de prato de valor fixo ou por peso. Há críticas à pouca variedade, à qualidade da comida e à regra de limite de peças no prato à vontade, informada só em letras miúdas, com funcionária contando as peças, o que um avaliador considera propaganda enganosa. Outros acham que atende, sobretudo para quem prefere frituras.
Jun Sakamoto;-23.5027275085449;-46.8345565795898;Especialidade: japonesa. Avaliações situam o restaurante japonês no Taste Lab, praça de alimentação gourmet do Shopping Tamboré, onde se pede, paga e retira com pager. Vários elogiam os pratos, o sashimi, o sushi e o atendimento atencioso. Uma avaliação bem negativa relata peixe estragado, mal-estar depois de comer e atendentes mal-encarados.
Jundiá Foods;-23.5066108703613;-46.8574371337891;Especialidade: sorvete, hambúrguer, doces. Avaliações curtas e positivas. A única com detalhes elogia os itens à venda e os preços acessíveis e cita produtos práticos para fazer hambúrguer, inclusive os pães.
Kanpai Asian Cuisine;-23.4969940185547;-46.8511734008789;Especialidade: japonesa. São só duas avaliações e elas divergem. Uma elogia a comida, o rodízio e o self-service. A outra diz apenas que precisa melhorar muito.
Kanto Madeira Bar e Restaurante;-23.4955062866211;-46.8533172607422;Especialidade: brasileira, buffet (rodízio), pizza. Avaliações mistas. Parte elogia o atendimento, a comida, a variedade e o ambiente aconchegante. Outra parte relata experiências ruins: família que se sentiu mal recebida no festival de sopas, com cobrança de crianças diferente do combinado, sopas salgadas e pães velhos, e rodízio de fondue servido incompleto, sem vários itens anunciados.
Karranca Boteco Burger;-23.5102691650391;-46.8764610290527;Especialidade: hambúrguer, drinks. Avaliações elogiam os lanches e porções bem servidos, as bebidas, o preço justo e o ambiente descontraído e aconchegante. Destacam o atendimento simpático dos donos, que fazem os clientes se sentirem bem recebidos. É citado como bom para ir em casal ou com a família, inclusive com crianças.
Kawai Chef;-23.4960327148438;-46.850040435791;Avaliações descrevem restaurante familiar de comida caseira, com cardápio que muda a cada dia, pratos variados e bem servidos. Elogiam o atendimento simpático, o ambiente simples e aconchegante e as sobremesas feitas na casa, com destaque para o cannoli e o pudim.
KFC;-23.5161571502686;-46.8552703857422;Especialidade: fast-food, frango. Avaliações curtas e positivas, quase sem detalhes. Uma elogia a gentileza de uma funcionária.
L 'Entrecôte de Paris;-23.4955234527588;-46.8522186279297;Avaliações curtas e positivas descrevem restaurante de estilo francês com boa comida e bom serviço, com elogio ao atendimento cordial de um garçom. Um avaliador ressalva que não é o original.
L&D Coffee;-23.4963340759277;-46.8483505249023;Especialidade: café. A única avaliação reclama de atendentes mal-educadas e mal-humoradas, dizendo ter recebido péssimo atendimento nas três visitas.
La Casa do Sushi;-23.5310764312744;-46.8595428466797;Especialidade: japonesa. Avaliações elogiam a comida japonesa, citando temaki, sashimi, nigiri e peixes frescos, inclusive por entrega. Um avaliador descreve o lugar como ótimo e de ambiente familiar.
La Cucina Romana;-23.5011672973633;-46.814884185791;Especialidade: italiana. Avaliações elogiam a comida italiana feita na hora, com destaque para o risoto de funghi e o ravioli, os ingredientes e o preço. Descrevem espaço pequeno e aconchegante. Há ressalvas sobre o tempo de espera, um prato um pouco salgado e a cobrança de 10% de serviço mesmo com o cliente tendo de ir ao balcão para ser atendido.
La Fiorella Pizzaria;-23.4960556030273;-46.850061416626;Especialidade: pizza. Avaliações elogiam a pizza, de massa leve, bem recheada e com borda de gergelim, o preço e o atendimento, tanto no local quanto por entrega. Uma avaliação bem negativa relata três pedidos seguidos com problemas: ingredientes errados ou faltando, atrasos grandes, comunicação enganosa e pizza entregue fria.
La Forneria Funari;-23.5028076171875;-46.8701858520508;Especialidade: pizza. Avaliações elogiam a qualidade e o sabor das pizzas, os ingredientes, o cardápio variado, o bom atendimento e a entrega rápida. Uma avaliação negativa relata pizza entregue queimada e depois pedido recusado pelo aplicativo por falta de massa.
La Parma;-23.4951057434082;-46.8693466186523;Especialidade: pizza. Avaliações divididas sobre a pizzaria, com maioria de críticas. Uma cliente fiel elogia a pizza, o preço justo e o atendimento atencioso. Há reclamações de pizza cara e com pouco recheio, cobrança de pizza de dois sabores considerada injusta, frango com sabor amargo, pizzas entregues reviradas e taxa de entrega cobrada acima do informado.
La Pasta Gialla;-23.5048522949219;-46.8343162536621;Especialidade: italiana. Avaliações elogiam a comida italiana, citando bruschettas, polpettone e o molho vermelho, e a equipe atenciosa. Um avaliador descreve como bom lugar para ir em família. Há ressalva de que o salão é barulhento, o que dificulta conversar e pesa para quem pensa em um encontro a dois.
La Torre III;-23.5161552429199;-46.8974227905273;Especialidade: pizza, árabe. Avaliações de tom misto sobre a pizzaria. Parte elogia a pizza como excelente e deliciosa. Há reclamações de queda de qualidade, com pizza gordurosa e queijo ruim, de espera de mais de uma hora por falta de estrutura para a demanda e de atendimento ruim no balcão e pelo WhatsApp.
Lancheville;-23.4968223571777;-46.8506240844727;Uma única avaliação com texto, que elogia o lanche como delicioso, saboroso e caprichado e diz que o preço promocional surpreendeu.
Lanchonete Augusta;-23.4999084472656;-46.8724136352539;Uma única avaliação com texto, que elogia apenas a localização, próxima a uma escola.
Lanchonete Chega Mais;-23.5103778839111;-46.8734359741211;Especialidade: brasileira. Avaliações elogiam a comida, descrita como feita com capricho, fresca e em boa quantidade, o ótimo atendimento e o preço justo. Citam ambiente novo, espaçoso e agradável. Um avaliador diz que virou seu restaurante predileto de Barueri.
Lanchonete do gordinho;-23.5023670196533;-46.8901596069336;Especialidade: lanchonete. Avaliações elogiam o atendimento simpático e atencioso e os lanches bem servidos e caprichados, com destaque para o hot dog. Citam ambiente agradável e preço justo.
Lanchonete Ki Delicia;-23.5096416473389;-46.8952255249023;Especialidade: lanchonete. Uma única avaliação com texto, que elogia o atendimento prestativo e diz que comidas, porções e lanches são muito bons.
Lanchonete Mãe e Filho;-23.5157051086426;-46.8996086120605;Especialidade: fast-food. Avaliações elogiam os lanches e os caldos, descritos como caprichados no sabor e no tempero, o pedido que sai rápido e o preço acessível.
Lanchonete Net S Bar;-23.5109348297119;-46.8768825531006;Avaliações elogiam a comida caseira sempre quentinha, o atendimento, com funcionários citados pelo nome, e o ambiente agradável. Um avaliador diz que volta para tomar cerveja gelada e comer uma porção. Uma avaliação fala de lojas e artigos e parece se referir a outro lugar.
Lao Sushi;-23.4970722198486;-46.8513107299805;Especialidade: japonesa, japonesa (sushi). Avaliações de tom misto. Elogiam o atendimento dos garçons, a variedade, os pratos frescos que chegam rápido e o preço compatível com a região. Há quem ache a comida apenas normal, as opções de rodízio confusas e a taxa de serviço cara. Uma cliente relata que, comendo sozinha, foi abordada com insistência pelo dono, que pediu seu contato, e diz que não volta.
Le Botteghe Di Leonardo;-23.5046329498291;-46.8354034423828;Especialidade: sorvete, doces. Avaliações elogiam o gelato, o atendimento gentil na maioria dos relatos, o espaço agradável com mesas limpas e as opções veganas, diet e zero, além de picolé para cachorros. Preços são descritos como um pouco elevados, mas justos. Há reclamação de atendimento rude de um funcionário do caixa e de promoção do shopping não aceita após 21h30.
Le Bougainville;-23.4953441619873;-46.8474426269531;Avaliações de tom misto sobre o flat. Elogiam a localização, a boa manutenção apesar de o prédio ser antigo e dizem que é bom para visitantes estrangeiros. Um hóspede de longa data reclama de obras frequentes durante o dia e de um bar que nunca abre. Há crítica dura ao serviço, com quartos ainda sem limpeza no horário do check-in.
Le Pain Quotidien;-23.5050277709961;-46.8340225219727;Especialidade: café da manhã, café, padaria. Avaliações em maioria positivas elogiam os pães, croissants e geleias, o sanduíche de salmão defumado com abacate, o ambiente amplo, organizado e agradável e o atendimento. Há relatos negativos de burrata servida dura e gelada, torradas borrachudas e de uma refeição apenas mediana.
Lig Chopp Germânia Alphaville;-23.5028390884399;-46.8723068237305;Avaliações descrevem um serviço de entrega de chope para festas, com montagem e retirada do equipamento. Elogiam o atendimento, a pontualidade, a assistência quando necessária e o chope sempre gelado.
Lilidorff;-23.4969310760498;-46.8488483428955;Especialidade: brasileira. Avaliações descrevem um pequeno buffet por quilo dentro do shopping, com comida caseira fresca e variada e saladas. O destaque é a massa preparada na hora, com escolha de massa, molho e acompanhamentos, além de omeletes. Elogiam o atendimento. Uma avaliação ressalva que o ambiente não é tão agradável por não ter mesas próprias.
Llajta Restaurante;-23.4953002929688;-46.8513526916504;Uma única avaliação, curta e positiva, que descreve o lugar como um cantinho aconchegante.
Loucos por Pastel;-23.5160541534424;-46.8557777404785;Especialidade: brasileira, fast-food, lanchonete. Avaliações em maioria negativas sobre a pastelaria dentro de um shopping. Há reclamações repetidas de atendimento grosseiro e mal-humorado, inclusive da gerente, de taxa de serviço cobrada sem aviso e de pastel pequeno, caro e com recheio de carne de aspecto estranho. Uma avaliação elogia o pastel bem recheado e sequinho, as batatas fritas e o atendimento.
LU Digitação;-23.5292282104492;-46.8871459960938;Avaliações curtas e positivas, elogiando o atendimento atencioso, sem detalhes sobre o local.
Lucky Gastro Bar;-23.4963283538818;-46.8776245117188;Especialidade: brasileira, drinks. Avaliações elogiam a comida caseira bem servida, o preço justo, o atendimento e o ambiente familiar e aconchegante. Há uma reclamação de queda de qualidade, com feijoada que não vale o preço e marmita enviada sem talher.
Lummina Barueri Alphaville;-23.5054798126221;-46.8646297454834;Avaliações em maioria positivas elogiam o hotel pelos quartos limpos e confortáveis, a localização, o café da manhã e a equipe do restaurante, com funcionários citados pelo nome. Uma avaliação critica a recepção pouco educada, a cozinha cara e a demora dos garçons para atender as mesas.
Lutti Café e Restaurante;-23.4962387084961;-46.852352142334;Especialidade: café. Avaliações descrevem comida caseira por quilo, com variedade e bom atendimento, indicada para o almoço. A maioria considera o preço justo e o custo-benefício bom, mas um avaliador acha o preço por quilo alto.
Madero Steak House;-23.492696762085;-46.8499698638916;Especialidade: hambúrguer. Avaliações em maioria positivas elogiam os hambúrgueres, a qualidade dos ingredientes, o ambiente rústico, espaçoso e confortável e o serviço, com menção ao gerente. Uma avaliação relata serviço péssimo, com hambúrguer vegetariano servido frio e garçonete desatenta, e considera o lugar caro.
Madero Steak House Tamboré;-23.504734992981;-46.8338851928711;Especialidade: hambúrguer, fast-food. Avaliações elogiam os hambúrgueres, descritos como suculentos e alguns grandes o bastante para dividir, e citam cardápio em inglês e opções de massas. Há relatos de espera por mesa sem reserva, de um garçom inconveniente que atrasou o pedido e de quem achou o preço alto e os hambúrgueres pequenos.
Magrao Bar e Restaurante;-23.5103378295898;-46.8814888000488;Avaliações em maioria curtas e positivas. As que detalham elogiam as muitas opções, a comida bem feita, saudável e limpa para o dia a dia, o atendimento atencioso e o espaço amplo e tranquilo para almoço.
Mahy Orient Food;-23.4971103668213;-46.851146697998;Especialidade: japonesa. Avaliações divididas sobre o restaurante japonês. Parte elogia a apresentação, os itens frescos e as porções bem servidas do rodízio, embora caro. Há reclamações de atendimento ruim e lento, rodízio servido incompleto e fora de ordem, produtos que não pareciam frescos e cupom de site de ofertas recusado no local.
Malu dos Pães;-23.5329780578613;-46.8825645446777;Especialidade: padaria, espanhola. Avaliações em maioria curtas, sem detalhes. Uma avaliação longa elogia os pães e doces, os lanches bem recheados, o café extra forte, o atendimento cordial e os preços em conta, e cita frango assado aos domingos, mas diz que a estrutura precisa de limpeza profunda e melhorias elétricas e que os demais produtos têm qualidade razoável.
Mamma Fratelli;-23.4916381835938;-46.8426055908203;Avaliações descrevem uma rotisserie que vende massas e molhos para preparar em casa, com variedade de produtos congelados. Elogiam muito as massas, em especial com o molho quatro queijos, e o atendimento atencioso da proprietária, que orienta o preparo.
Mana Poke Alphaville;-23.4992733001709;-46.8534622192383;Avaliações elogiam o poke, com ingredientes frescos, combinações equilibradas, atendimento rápido e entrega no prazo, como opção leve e saudável. Um cliente antigo relata queda de qualidade nos últimos meses, com ingredientes passados em pedidos por delivery.
Maná Ville;-23.4967784881592;-46.8495712280273;Especialidade: brasileira. Avaliações elogiam a comida, saborosa e com bom preço, e uma delas cita ambiente agradável e atendimento carismático. A outra reclama de muita demora para servir e de falta de organização da equipe.
Manda Pão;-23.534236907959;-46.8657531738281;Especialidade: padaria. Avaliações elogiam os pães de fermentação natural, descritos como saborosos e de ótima qualidade, e o atendimento simpático da dona, que esclarece dúvidas. Uma avaliação observa que o negócio ainda está começando e outra elogia o lugar como bonito.
Mandacaru;-23.5292930603027;-46.8638877868652;Avaliações elogiam a comida nordestina, descrita como simples, saborosa e bem servida, com bom preço e bom ambiente. Uma avaliação reclama do serviço na montagem de marmitas.
Mania de Churrasco Prime Steak and Burger;-23.5158843994141;-46.8557815551758;Especialidade: hambúrguer, churrasco, fast-food. Avaliações curtas, sem detalhes, algumas só com nomes de atendentes.
Manihi Sushi;-23.5047426223755;-46.8344993591309;Especialidade: japonesa. Avaliações elogiam o sushi fresco, a qualidade da comida, o atendimento acolhedor e simpático e o ambiente limpo e organizado. Avaliadores dizem que voltariam.
Manuela Restaurante;-23.5089206695557;-46.8752593994141;Especialidade: café. Avaliações dizem que a comida é boa e de preço justo, mas há reclamações do atendimento no caixa: falta de educação e descaso quando um cliente relatou ter recebido bebida em copo quebrado. Outras avaliações são curtas e positivas.
Maremonti Alphaville;-23.5042667388916;-46.8480682373047;Especialidade: italiana, pizza. Avaliações elogiam a pizza de forno a lenha, a parmegiana, a carta de vinhos e a decoração, com preço considerado alto mas justo. Há reclamações de serviço lento e desorganizado mesmo com a casa vazia e de prato passado do ponto e sem tempero.
Maria João West Point;-23.5039501190186;-46.8486442565918;Avaliações elogiam a comida, em especial salmão e mignon, e dizem que o serviço é bom. Apontam que o espaço é pequeno e lota no horário de almoço e que o preço é um pouco mais alto que o dos vizinhos. Há avaliações curtas dizendo que é regular.
Martinho Danças;-23.5109443664551;-46.889087677002;Especialidade: balada. Avaliações descrevem um salão de dança com mais de 40 anos de história, música ao vivo e casa cheia nos fins de semana. Elogiam os donos, que recebem o público com carinho, o atendimento e a segurança. Há uma avaliação curta dizendo que é regular.
Max Eberhardt & Cia;-23.515209197998;-46.9167823791504;Avaliações são de compradores de produtos da empresa, como varal retrátil, e elogiam a qualidade e durabilidade dos produtos, a entrega rápida e o atendimento e pós-venda atenciosos na solução de problemas.
McDonald's;-23.5046615600586;-46.8484725952148;Especialidade: fast-food, café da manhã, hambúrguer. Há reclamações de atendimento ruim e mal-educado, lanche e batata frios e fila para retirar sobremesa mesmo com pedido feito pelo aplicativo. Outras avaliações são curtas e neutras, dizendo que é o padrão da rede.
McDonald's;-23.5160255432129;-46.8553352355957;Especialidade: fast-food, café da manhã, hambúrguer. Avaliações divididas sobre a rapidez: uma diz que é o McDonald's mais rápido que já viu e outra que é lento, desorganizado e irritante. As demais são curtas e positivas.
Mega Sensação Delivery;-23.4925518035889;-46.8826370239258;Especialidade: lanchonete, açaí, brasileira. Avaliações elogiam o cachorro-quente bem servido e de bom preço, os lanches, o açaí e os sorvetes, e descrevem ambiente agradável para ir com amigos e família. Uma avaliação reclama de espera de 50 minutos, má vontade no atendimento e porção pequena.
Megumi Pastel e Açai;-23.4919090270996;-46.8406219482422;Especialidade: brasileira. Avaliações elogiam o pastel bem recheado e de massa bem feita, o açaí, o atendimento rápido e o ambiente agradável e aconchegante.
Merlo's Restaurante;-23.5020008087158;-46.8465156555176;Avaliações descrevem restaurante por quilo para almoço, com churrasco, ambiente agradável, garçons prestativos e preço acessível, com fila no caixa no horário de pico. Há relatos graves: larva encontrada em fruta, sem pedido de desculpas, e duas pessoas que passaram mal após almoçar.
Milky moo;-23.5052165985107;-46.8352241516113;Especialidade: sorvete, doces. Avaliações reclamam principalmente do atendimento, com atendentes descritas como arrogantes, brincando entre si e rindo de pedido de cliente, e de milk-shake com pouco recheio, fora do padrão de outras unidades. Uma avaliação elogia o milk-shake bem recheado, o atendimento e as mesas limpas.
Mira Café;-23.4992160797119;-46.8537101745605;Especialidade: brasileira, café. Avaliações elogiam a comida caseira e fresca, servida rápido, o ambiente familiar e aconchegante e sobretudo o atendimento simpático e atencioso das funcionárias e do dono. Citam sanduíche natural e brigadeiro de pistache.
Mix Central Pizzaria e Esfiharia;-23.4970169067383;-46.8771896362305;Especialidade: pizza, árabe. Avaliações curtas e positivas, sem detalhes, uma delas elogiando a pizza.
Moenda Café Bar Alphaville;-23.4969062805176;-46.8495025634766;Especialidade: cervejaria, hambúrguer. Avaliações descrevem bar com grande variedade de cervejas, mais de 30 torneiras de chope e cervejas especiais, bom para happy hour, com música ao vivo e bom clima. Uma avaliação reclama de serviço muito demorado, itens em falta e pedidos esquecidos, com comida apenas razoável.
Momento Pastel;-23.4899625778198;-46.8783798217773;Especialidade: brasileira. Avaliações elogiam o pastel sequinho, sem óleo e bem recheado, o caldo de cana e o atendimento rápido, simpático e bem-humorado, tanto para comer no local quanto para entrega.
Montana Grill;-23.504861831665;-46.84765625;Especialidade: fast-food. Avaliações são todas negativas: comida servida fria, frango queimado, acompanhamentos ruins, porções de carne menores que o anunciado, espera de uma hora por um prato, atendentes com má vontade e pelo encontrado no prato.
Morada dos Bolos;-23.5117588043213;-46.8736152648926;Especialidade: doces, padaria. Avaliações elogiam os bolos, vendidos inteiros ou por fatia, como fofinhos e gostosos, e uma menciona troca de proprietário há cerca de dois anos. Há críticas: bolo de maçã com canela sem sabor e doce demais, e relato de loja escura com mau cheiro e fatia estragada.
Motel Castelo;-23.5023956298828;-46.8827133178711;Avaliações mistas, com mais críticas que elogios. Reclamam de infraestrutura precária, banheiro sem box, TV sem sinal, ar-condicionado barulhento ou que não aquece, falta de cobertor, pizza crua e atendimento ruim, e de carro de aplicativo não poder ir até o quarto. Uma avaliação elogia a hidro grande, a higiene e o café de cortesia.
Motel Talisman;-23.527325630188;-46.8957557678223;Avaliações curtas e positivas, sem detalhes.
Moto Izakaya;-23.4953355789185;-46.8524360656738;Especialidade: japonesa (sushi), japonesa. Avaliações elogiam muito a comida japonesa, citando peixe de alta qualidade, atum bluefin, salmão grelhado, shot de ostra, boa carta de saquê e drinks, além de equipe simpática e cozinha rápida. Uma avaliação considera o menu executivo apenas ok, mas diz não haver lugar igual em Alphaville. Descrito como o melhor japonês da região.
Mr. Fit Home Barueri;-23.5016212463379;-46.8766021728516;Avaliações curtas e positivas, elogiando entrega rápida, pedido bem embalado e bom atendimento.
Mr. Mix Sorvetes Barueri;-23.5024490356445;-46.8673706054688;Especialidade: sorvete, doces. Avaliações elogiam muito os sorvetes e picolés, com sabor de fruta e pedaços de chocolate ou brownie, e os preços. Há reclamações repetidas sobre o atendimento, descrito como grosseiro e apressado.
Mr. Pretzels;-23.503978729248;-46.834508895874;Especialidade: lanchonete. Avaliações divididas. Parte elogia pretzels feitos na hora e quentinhos e o atendimento simpático. Outras reclamam de produto mal feito, pouco recheio, moscas na estufa e atendimento péssimo.
Mundo Animal;-23.51584815979;-46.8557472229004;Especialidade: lanchonete. Uma avaliação detalhada acha o local bonito, elegante e aconchegante, mas reclama de muita demora no serviço, com espera de cerca de uma hora por uma salada e outra por um lanche, e de prato diferente do cardápio. As demais são curtas e positivas.
Munik Chocolates;-23.4968204498291;-46.8496055603027;Especialidade: doces. A única avaliação diz que procurou a loja em Alphaville, não a encontrou e viu no site da marca que foi fechada.
Nacho Sam;-23.5124969482422;-46.8620185852051;Especialidade: mexicana. Avaliações divididas. Algumas elogiam a comida mexicana, saborosa, bem embalada e com boa apresentação. Outras reclamam que o lugar aparece como aberto no Google mas estava fechado, sem contato, e de pedido que não chegou.
Nakato Sushi Alphaville;-23.4961185455322;-46.8527183532715;Especialidade: japonesa, japonesa (sushi). Avaliações divididas. Parte elogia a comida, o rodízio, o ambiente e o serviço rápido e educado dos garçons. Outras dizem que a comida é de média a ruim e o serviço é péssimo e pouco profissional, com equipe desatenta e copo lascado.
Neide assados;-23.5412559509277;-46.867862701416;Avaliações divididas. Elogiam a comida caseira, a costela e o atendimento. Há reclamações de pedidos de entrega que não chegaram em datas comemorativas, telefone sem resposta e desorganização nas filas.
Nespresso;-23.5047492980957;-46.8486785888672;Especialidade: café. Avaliações curtas e positivas, citando café bom e atendimento gentil.
New Pizza;-23.5037727355957;-46.8693103790283;Especialidade: pizza. Avaliações divididas. Uma elogia pizza muito boa, massa fina e local limpo. Outras criticam pizzas grandes mas sem sabor, salgadas e gordurosas, com ingredientes de baixa qualidade, pouco recheio e excesso de orégano e molho.
Nikkei Sushi Fênix Oficial;-23.4967880249023;-46.8479652404785;Especialidade: japonesa. Avaliações descrevem restaurante japonês em lobby de hotel, indicado também para não hóspedes, elogiando pratos bem elaborados, comida fresca, yakisoba, drinks e atendimento. Uma avaliação acha o ambiente um pouco sufocante, com mesas muito próximas, e o poke decepcionante.
Nubia Sushi Brasil;-23.4920883178711;-46.8702602386475;Avaliações elogiam peixe fresco, hot crocante, porções bem servidas, boa embalagem e atendimento gentil nos pedidos por entrega. Há uma reclamação forte de pedido não entregue pela segunda vez após mais de duas horas de espera, e outra sobre cobrança adicional pelo molho tarê.
O Black Pub - PUB ROCK;-23.5101737976074;-46.8782653808594;Especialidade: música ao vivo. Avaliações descrevem bar agradável e não muito caro, com cerveja gelada, dono e equipe simpáticos e, em alguns dias, churrasco texano com costela. Citado como bom lugar para conhecer gente nova e para frequentar em várias ocasiões.
O Ponto do Frango;-23.4880905151367;-46.8075828552246;Avaliações elogiam a comida, com destaque para a costela macia aos domingos e o frango recheado, o custo baixo, o atendimento rápido e a entrega pontual.
OAKBERRY;-23.5163917541504;-46.8554039001465;Especialidade: açaí, sorvete, brasileira. Avaliações divididas. Há elogios ao açaí e ao atendimento de algumas atendentes. Reclamações citam falta de higiene, funcionárias mexendo no celular ao manipular alimentos, atendimento mal-educado e recusa de copo para água. Uma avaliação sugere espaço mais limpo e cadeiras mais confortáveis.
Oakberry CCA;-23.496488571167;-46.8508110046387;Avaliações todas negativas, centradas no atendimento, descrito como grosseiro e de má vontade. Uma cliente relata ter sido expulsa da mesa enquanto esperava uma amiga para fazer o pedido. Há também reclamação de pedido por aplicativo que chegou derretido e incompleto, sem resposta da loja.
Ofner Express;-23.5054321289062;-46.8351440429688;Especialidade: doces, sorvete, café. Avaliações elogiam sobremesas como o strudel e a verrine de chocolate zero, o risole de palmito e o gelato zero de coco com chocolate. Dizem que o ambiente é agradável e o atendimento gentil. As demais são curtas e positivas.
Oggi Sorvetes;-23.5091743469238;-46.8868522644043;Especialidade: sorvete, doces. Avaliações elogiam sorvetes saborosos e consistentes, preço baixo, variedade de sabores, ambiente agradável, atendimento e estacionamento do complexo. Uma diz que os preços subiram bastante e outra reclama de ter encontrado a loja fechada antes do horário.
Oliveira Grill;-23.4989929199219;-46.8780879974365;Avaliações elogiam o churrasco e as marmitas bem servidas, com bom custo-benefício. Uma avaliação reclama de feijoada só com gordura, feijão duro e entrega com mais de 60 minutos de demora. As demais são curtas e positivas.
Osaka - Cozinha Japonesa;-23.4975986480713;-46.8511009216309;Especialidade: japonesa, japonesa (sushi). Avaliações elogiam muito o sushi e o sashimi, com ingredientes frescos, equipe simpática e serviço rápido, e o visual do lugar. Uma avaliação diz que o peixe não parecia fresco e que passou mal horas depois.
oticachillibeans_tambore;-23.5052013397217;-46.8328056335449;Avaliações todas negativas e sobre uma ótica: reclamam de atendente arrogante em pedido de garantia de armação, de lentes de grau que ficaram ruins com recusa de cancelamento da compra e de falta de retorno por telefone.
OUE Sushi Alphaville;-23.5003814697266;-46.8486919403076;Especialidade: japonesa. Avaliações elogiam muito o sushi, com peças bem elaboradas, sabores incomuns, peixe fresco e equipe simpática e conhecedora. Ambiente descrito como sofisticado, com luz baixa. Críticas pontuais: a comida demorou um pouco e o conceito diferente de sushi não agrada a todos.
Outback Steakhouse;-23.4981517791748;-46.8470573425293;Especialidade: churrasco, drinks, hambúrguer. Avaliações elogiam comida, drinks, cerveja gelada, ambiente e equipe atenciosa, inclusive com estrangeiros, e recomendam o happy hour com bebidas pela metade do preço para encontrar amigos. Críticas: preço alto, batatas pouco crocantes e casa muito cheia, com longa espera por mesa, sobretudo às sextas.
Outback Steakhouse;-23.5053615570068;-46.8335266113281;Especialidade: churrasco, drinks, hambúrguer. Avaliações elogiam o serviço, os hambúrgueres, a costela e os aperitivos, citam uma opção vegana e indicam para ir com amigos. Uma avaliação reclama de carne seca e de a casa não dar conta do movimento.
P11 Gastro Pub;-23.5087642669678;-46.8673820495605;Avaliações curtas e positivas, sem detalhes.
Padaria Amor Perfeito;-23.5304698944092;-46.8911018371582;Especialidade: padaria. Avaliações em sua maioria curtas e positivas. Uma reclama de atendimento muito demorado e outra diz que o ambiente já foi melhor, mas elogia o atendimento e os produtos fresquinhos.
Padaria Central de Barueri;-23.5062789916992;-46.875431060791;Especialidade: pizza, padaria. Avaliações descrevem padaria com restaurante, boa para café da manhã de domingo e para conversar com amigos, com cerveja, pizzas e dia de massa fresca às quartas. Elogiam a variedade e a qualidade da comida e o café. Uma avaliação acha o pão sem destaque e lamenta não aceitarem cães.
Padaria Crystal;-23.488715171814;-46.8131294250488;Especialidade: padaria. Avaliações mistas. Há elogios às atendentes simpáticas, ao pão, aos lanches bem servidos e à empada, com aviso de que o almoço demora. Há reclamações de pão e bolo duros, frios cortados de marca diferente da pedida, fila demorada no caixa e desperdício de água na limpeza.
Padaria e Confeitaria Flor Paraíso;-23.4983310699463;-46.8774375915527;Especialidade: padaria, doces. Avaliações curtas e positivas. Citam como bom lugar para café da manhã antes do trabalho e como uma das melhores padarias de Barueri.
Padaria e Restaurante Bella Aldeia;-23.5111217498779;-46.8630981445312;Especialidade: fast-food, pizza, padaria. Avaliações mistas. Elogiam o almoço, o atendimento no local e citam como lugar para tomar cerveja ouvindo música. Há reclamação de delivery com uma hora de atraso, troco faltando e porção de fritas mínima, e críticas ao café com leite aguado e à recusa de informar a senha do wi-fi.
Padaria e restaurante sabor de mel;-23.5125274658203;-46.8760223388672;Especialidade: padaria. Única avaliação reclama que o restaurante nunca segue o cardápio, servindo pratos sem os acompanhamentos anunciados.
Padaria Empório Bethaville;-23.4994716644287;-46.8658103942871;Especialidade: padaria, café da manhã, lanchonete. Avaliações mistas. Elogiam a seleção de frios, as pizzas caseiras, o café da manhã com manobrista gratuito, o ambiente limpo e o bom serviço. Outras acham caro, com comida sem graça e estacionamento pago após a primeira hora. Uma reclama de atendimento ruim e de não poder usar laptop no local.
Padaria Engenho Novo;-23.4904346466064;-46.8872604370117;Especialidade: padaria. Avaliações elogiam pães e doces sempre frescos, lanches fartos, preços econômicos nos lanches, salão amplo e atendentes cordiais. Críticas apontam falta de ventilação, moscas no salão, ausência de cafés especiais, aceitação de apenas uma bandeira de vale-refeição e preço alto das refeições.
Padaria Flor das Vilas;-23.4934120178223;-46.8806686401367;Especialidade: padaria. Avaliações elogiam a qualidade dos produtos, em especial o pão francês, a localização e o restaurante, que serve boa comida e vende marmitex. Há críticas aos preços, considerados altos.
Padaria Flor do Belval;-23.5099296569824;-46.8913307189941;Especialidade: padaria. Avaliações curtas, entre positivas e regulares, sem detalhes.
Padaria La Ville;-23.49400806427;-46.8485984802246;Especialidade: padaria. Avaliações descrevem padaria com área gourmet, buffet de café da manhã, almoço e jantar e pequeno mercado anexo. Elogiam pães, doces, tortas, pão de queijo e o atendimento. Uma diz que os preços são mais altos que em outros lugares e outra critica duramente a pizza.
Padaria Nova SS;-23.510425567627;-46.8894081115723;Especialidade: padaria. Avaliações elogiam o espaço e o ambiente. Há críticas ao preço alto, à pouca variedade da comida, ao buffet de café apenas com preço fechado e a atendentes desatentos, que demoram a anotar e esquecem pedidos.
Palerk Pizzas;-23.5023899078369;-46.8976097106934;Especialidade: pizza. Avaliações mistas. Elogiam a pizza, o preço justo, o atendimento e a correção de um pedido errado com cortesia, e descrevem pizzaria focada em delivery com retirada no balcão. Duas reclamam de pizza mal feita em pedidos por aplicativo e de recusa em trocar.
Pallas Grill Restaurante;-23.4968090057373;-46.8501853942871;Especialidade: buffet (rodízio). Avaliações descrevem restaurante pequeno de almoço, com bom custo-benefício, comida casual, yakisoba feito na hora e churrasco. Elogiam o preço e o atendimento. Uma aponta pouca variedade.
Panificadora Bengalinha;-23.5230846405029;-46.8912086486816;Especialidade: padaria. Avaliações divididas. Três são curtas e positivas. Duas são muito negativas, reclamando de pão requentado vendido como fresco e de atendimento sem educação e com má vontade.
Panificadora e Conveniência Pão Bão;-23.4830513000488;-46.8067321777344;Especialidade: padaria. Avaliações positivas. Citam pão quentinho de manhã, grande variedade de produtos, caixa eletrônico no local e dizem que é ponto de encontro e a melhor panificadora da região.
Pank's Bar;-23.5290718078613;-46.8652725219727;Avaliações curtas e positivas. Uma elogia a caipirinha de vinho e outra diz que o dono é muito educado.
PÃO No Ponto;-23.496467590332;-46.8901042938232;Avaliações elogiam panetone, chocotone, bolos e pães. Duas reclamam do pão francês duro e seco, que esfarela ao cortar.
Papastel;-23.5122013092041;-46.8758888244629;Avaliações descrevem pastelaria simples, limpa e organizada, onde se monta o pastel escolhendo os recheios, com sucos naturais. Elogiam o pastel sequinho, o preço e o atendimento. Uma reclama de um bolo vendido estragado e da resposta da loja.
Parada do Açaí;-23.484001159668;-46.8058319091797;Especialidade: sorvete, doces. Duas avaliações opostas: uma diz que é o melhor açaí da região e outra que tudo é de péssima qualidade e que o local não sabe receber críticas.
Parada do Pão de Queijo;-23.5123748779297;-46.8760185241699;Especialidade: café. Avaliações majoritariamente negativas. Reclamam de preços altos, café ruim, pão de queijo duro ou estragado, tapioca azeda, cachorro-quente diferente do anunciado e atendimento mal-educado no caixa. Uma elogia as atendentes que servem.
Parmeggio;-23.5160465240479;-46.8558692932129;Avaliações muito negativas. Reclamam de comida fria, sem tempero e de baixa qualidade, carne dura, porções pequenas para o preço, demora, talher sujo, cabelo na comida e atendimento que não se desculpa.
Pastelaria do Chef Judy;-23.5098428726196;-46.8911685943604;Especialidade: brasileira. Avaliações elogiam pastéis enormes e muito recheados, montados na hora, com massa sequinha e grande variedade de sabores, que servem duas pessoas. Apontam espaço minúsculo com poucas mesas, espera longa em horário de pico por causa do delivery e porta do banheiro quebrada.
Pastelaria do Souza;-23.4931697845459;-46.8773956298828;Especialidade: brasileira. Avaliações muito positivas. Elogiam salgados e pastéis com massa feita na casa, recheio bem temperado, a coxinha e o atendimento atencioso. Clientes antigos dizem ir com a família.
Pataca Pub;-23.51047706604;-46.8780708312988;Avaliações elogiam o atendimento, a comida em porções grandes para dividir e a seleção de bebidas. Descrevem ambiente familiar, para ir com amigos e crianças.
Patties;-23.5049695968628;-46.8348045349121;Especialidade: hambúrguer. Avaliações em geral positivas. Elogiam o hambúrguer, a batata fininha, o ambiente bonito e confortável e o atendimento, com pedido feito no totem. Acham o lanche pequeno. Uma avaliação considera tudo abaixo da média pelo preço.
Pecorino Bar & Trattoria;-23.5051708221436;-46.8340721130371;Especialidade: italiana, pizza, frutos do mar. Avaliações elogiam o cardápio italiano, com massas, frutos do mar e sobremesas, o serviço e o ambiente casual e acolhedor. Críticas citam serviço lento no almoço, espera de cerca de 30 minutos, barulho e lotação no pico, e porções pequenas para o preço.
Pedra Do Reino;-23.5289878845215;-46.8885192871094;Avaliações elogiam a comida, com destaque para o tempero e a feijoada bem servida, e os funcionários. Uma reclama do atendimento por mensagem, sem retorno ao pedir o cardápio de marmitas. Uma diz apenas que não gostou.
Pepe Grill - Jandira;-23.5165176391602;-46.9168319702148;Especialidade: brasileira. Avaliações descrevem buffet self-service por quilo com boas opções de carnes grelhadas. Elogiam a comida e o equilíbrio entre qualidade e preço.
PersonaBurguer;-23.497859954834;-46.8814926147461;Especialidade: hambúrguer. Única avaliação elogia os lanches e a feijoada.
Pesqueiro Juarez e Irene;-23.4945068359375;-46.8854446411133;Avaliações curtas e positivas, sem detalhes.
Piacatu Pub;-23.5027389526367;-46.8125495910645;Especialidade: hambúrguer. Avaliações muito positivas. Descrevem ambiente agradável, tranquilo e bem decorado, bom para uma cerveja no fim do dia. Elogiam hambúrgueres artesanais, porções, pastéis, drinks, o atendimento atencioso e o preço acessível.
Piadino - Restaurante (antiga Piadina Romagnola);-23.5043449401855;-46.834358215332;Especialidade: lanchonete, italiana. Avaliações elogiam as piadinas, descritas como bem recheadas, com ingredientes frescos e bom tamanho, e o atendimento simpático e rápido. Fica na praça de alimentação do shopping, sem salão próprio. Há uma reclamação de pedido por aplicativo que chegou incompleto, com salada murcha e loja sem responder.
Piola Alphaville;-23.4962577819824;-46.8531074523926;Especialidade: italiana, pizza. Três avaliações curtas e positivas, sem detalhes. As outras duas reclamam do delivery: pedido com mais de uma hora de atraso e atendente descrita como arrogante e mal-educada ao telefone.
Pipodoro Pizza;-23.496129989624;-46.8523635864258;Especialidade: pizza. Avaliações elogiam a pizza de estilo italiano com massa leve de fermentação natural, molho de tomate generoso e ingredientes de qualidade, e a consideram a melhor da região. Citam entrega rápida, preço justo e a panacota de sobremesa. Não há críticas nas avaliações lidas.
Pirajá;-23.5047092437744;-46.8480339050293;Avaliações, a maioria de visitantes estrangeiros, elogiam a comida brasileira, a feijoada, o chope gelado e o serviço rápido e atencioso, com equipe paciente com quem não fala português. Não há críticas nas avaliações lidas.
Pirajá Shopping Tamboré;-23.5047836303711;-46.8341331481934;Avaliações de tom misto. Descrevem comida e bebida típicas de boteco, com elogios à coxinha, ao pastel de bacalhau e à moqueca. Há críticas fortes à feijoada, considerada cara, salgada demais e mal servida, e reclamação de demora e de porção que chegou fria.
Pizza Crek;-23.4960803985596;-46.8493881225586;Especialidade: pizza. Avaliações curtas e em geral positivas, dizendo que o lugar e a comida são bons. Uma acha um pouco caro e outra comenta que a pizza é diferente do padrão.
Pizza Hut;-23.5163116455078;-46.8555202484131;Especialidade: pizza. Três avaliações curtas e positivas, sem detalhes. Uma elogia o atendimento prestativo e a pizza sempre quente. Outra reclama da apresentação de uma pizza pedida pelo aplicativo.
Pizza Hut;-23.5051708221436;-46.8343963623047;Especialidade: pizza. Avaliações curtas, a maioria positiva e uma negativa, sem detalhes.
Pizzaria Avenida;-23.5155868530273;-46.8362236022949;Especialidade: pizza. Avaliações elogiam pizza de recheio generoso, massa fina e ingredientes frescos, com bom preço. Há reclamações de entrega muito demorada, de pedido por aplicativo com mais de duas horas de atraso sem atendimento ao telefone e de pizza seca, sem molho.
Pizzaria Belval;-23.5108737945557;-46.8943786621094;Especialidade: pizza. Avaliações elogiam a pizza de massa fina e bem recheada, o preço justo, a entrega rápida e o atendimento educado, inclusive pelo WhatsApp. Há uma reclamação de pedido por aplicativo esquecido, ainda em preparo depois de duas horas.
Pizzaria Bona Notte;-23.5070037841797;-46.8735275268555;Especialidade: pizza. Avaliações curtas e positivas. Elogiam a pizza, tanto no local quanto por entrega, a qualidade dos produtos e a pizza de chocolate.
Pizzaria Camargo;-23.5017547607422;-46.864086151123;Especialidade: pizza, árabe. Avaliações dizem que as pizzas e esfihas são boas, mas a maioria critica o atendimento: entregas com mais de uma hora de atraso, pedidos trocados, falta de resposta no WhatsApp e relatos de grosseria de entregador e de um responsável ao telefone. Uma acha caro e outra elogia os preços.
Pizzaria Corsega;-23.5236511230469;-46.8919906616211;Especialidade: pizza. Avaliações curtas e positivas, sem detalhes.
Pizzaria da Vila;-23.4912624359131;-46.8909606933594;Especialidade: pizza. Avaliações elogiam a pizza de massa fina e bom recheio, o atendimento educado dos donos e dos entregadores e a clareza no WhatsApp. Uma considera o preço meio caro, mas diz que vale para um jantar em família.
Pizzaria Di Fiori;-23.5003833770752;-46.8739051818848;Especialidade: pizza. Avaliações elogiam pizza saborosa, que chega quente, entrega rápida e a borda de gergelim. Um cliente antigo relata queda de qualidade, pizza queimada, demora e reclamações sem retorno. Outra aponta ingrediente que pediu para retirar e veio mesmo assim.
Pizzaria do Baixinho;-23.502477645874;-46.812349319458;Especialidade: pizza. Avaliações de tom misto. Dizem que a pizza é saborosa e barata e que o ambiente é agradável, mas há várias queixas de atendimento: entregas com mais de uma ou duas horas de espera, pedido cancelado, atendente mal-humorada no salão e esfihas doces que vieram queimadas.
Pizzaria Dom Alfredo Osasco;-23.4975109100342;-46.8115310668945;Especialidade: pizza. As avaliações lidas são quase todas negativas e tratam do delivery: atrasos de duas horas, pedido errado ou não entregue, pizza queimada, porção que chegou fria e cobrança acima do valor do aplicativo, sem resposta no WhatsApp. Uma avaliação não fala do lugar.
Pizzaria e Esfiharia Feliccita;-23.5295000076294;-46.8658256530762;Especialidade: pizza. Avaliações elogiam a massa, o recheio generoso, os ingredientes e o preço acessível, além do atendimento atencioso e da entrega em menos de 30 minutos. Citam as pizzas doces e uma pizza autoral da casa. Não há críticas nas avaliações lidas.
Pizzaria e Esfiharia Lisboa;-23.5021877288818;-46.8961029052734;Especialidade: pizza. Avaliações de tom misto. Algumas elogiam a pizza e o atendimento, de forma curta. Há reclamações de entrega com mais de uma hora de espera sem informação clara e de pizzas com sabor errado em dois pedidos seguidos, com brinde prometido que não foi cumprido.
Pizzaria Familia Ramos Barueri;-23.5091457366943;-46.8807678222656;Especialidade: pizza. Avaliações de tom misto. Há elogios à pizza leve e gostosa. Outras relatam queda de qualidade nos últimos meses, com pizza crua ou fria, e reclamam de erros nos pedidos em que a pizzaria atribui a culpa ao cliente.
Pizzaria Fratelli;-23.5105400085449;-46.8819160461426;Especialidade: pizza. Avaliações elogiam a pizza, considerada das melhores da cidade, o lugar agradável para comer no local e a boa recepção da equipe. Há uma reclamação de pizza entregue crua em pedido por aplicativo, que a pizzaria se recusou a trocar por outra do mesmo tamanho.
Pizzaria Mamata;-23.5247478485107;-46.8933982849121;Avaliações elogiam as pizzas de massa fina e muito recheio, os lanches, o atendimento educado e a entrega rápida. Há uma reclamação de pedido que não chegou depois de mais de duas horas e meia.
Pizzaria Martinelli;-23.5330066680908;-46.8822135925293;Especialidade: pizza. Avaliações de tom misto. Alguns clientes elogiam a massa fina, os ingredientes e a entrega rápida. Outros reclamam de pizza queimada, de entrega com mais de duas horas, de fotos do aplicativo que sugerem forno a lenha que a casa não tem e de cancelamento ignorado.
Pizzaria Nova Real;-23.4958362579346;-46.8831443786621;Especialidade: pizza. Avaliações elogiam as esfihas, consideradas as melhores da região, e a qualidade dos ingredientes. Há reclamações do serviço de entrega, com demora de uma hora e meia e confusão em pedido e valores.
Pizzaria Premiata Premium | Barueri;-23.491418838501;-46.8694686889648;Especialidade: pizza. Avaliações de tom misto. Há elogios curtos ao sabor. Duas reclamam de pedidos para entrega: pizza atrasada e fria, massa crua e salgada, preço alto para a qualidade e descaso no atendimento.
Pizzaria Romana;-23.5281038284302;-46.8899078369141;Especialidade: pizza. Avaliações de tom misto. Há quem goste muito das pizzas, mas outras relatam massa crua, pizza fria, ingredientes de baixa qualidade e espera de quase duas horas. Uma reclama de atendente que desligou o telefone antes do horário de fechar e outra conta que viu funcionários correndo atrás de um rato.
Pizzaria Terraço;-23.4921493530273;-46.8687038421631;Especialidade: pizza. Avaliações elogiam as pizzas de forno a lenha, a opção de montar o sabor com até quatro ingredientes e o preço acessível. Há reclamações de pizza queimada com resposta ríspida à queixa e de entrega com mais de duas horas de espera por haver um único entregador.
Pizzaria Tina;-23.4927368164062;-46.8773880004883;Especialidade: pizza. As avaliações lidas são na maioria negativas: carne seca de má qualidade, lanche que faltou no pedido sem reembolso, pedido não entregue com atendimento irônico e um casal que diz ter passado mal depois de comer a pizza. Uma avaliação elogia a pizza e diz que a casa funciona só por delivery.
Pizzaria Veneza;-23.4928703308105;-46.8817329406738;Especialidade: pizza. As avaliações lidas são todas negativas e falam de entrega: pedidos que demoram mais de duas horas ou não chegam e telefones que não atendem. Uma antiga cliente diz que a qualidade caiu, com pizza fria, pouco queijo e brinde esquecido.
Pizzaria Vila Real;-23.5325412750244;-46.8637237548828;Especialidade: pizza, hambúrguer. Avaliações elogiam a pizza de massa fina e bem recheada, o ambiente e o atendimento cordial. Também recomendam o almoço durante a semana, com comida fresca, opções fritas e grelhadas e preço em conta. Não há críticas nas avaliações lidas.
Pobre Juan;-23.5047721862793;-46.8477668762207;Especialidade: drinks, churrasco. Avaliações descrevem um restaurante de carnes argentinas dentro do shopping, com empanadas e chimichurri, ambiente elegante e intimista e comida de qualidade. Há ressalvas: serviço que some por momentos, cadeiras pouco confortáveis para o padrão da casa e preço muito alto. Uma avaliação diz que não gostou.
Ponto da Esfiha;-23.4921646118164;-46.8807067871094;Especialidade: pizza. Avaliações de tom misto. Uma elogia o custo-benefício e o sabor das pizzas e esfihas, com entrega rápida. Outras relatam hambúrguer servido cru, salgados com gosto de velhos, porção de carne fora do ponto cobrada mesmo sem ser consumida e lugar sujo. O atendimento é elogiado por uns e criticado por outros.
Ponto da Esfiha;-23.5281105041504;-46.8900032043457;Especialidade: pizza, lanchonete, fast-food. A maioria das avaliações lidas reclama do atendimento: pedidos com mais de uma hora de demora, itens faltando ou errados e funcionárias descritas como grossas. Um cliente antigo diz que já foi muito bom. Uma avaliação elogia a pizza e o espaço para comer no local.
Ponto da Esfiha Barueri Henriqueta;-23.5093288421631;-46.884952545166;Especialidade: lanchonete. Avaliações elogiam o atendimento atencioso, o ambiente limpo e organizado e a esfiha, de massa crocante e recheio fresco. Há ressalvas: salgados de massa pesada e uma segunda visita com esfiha seca e atendentes displicentes.
Ponto do peixe;-23.5313367843628;-46.8814125061035;Avaliações elogiam a comida, em especial os peixes, o bom atendimento e o ambiente tranquilo e familiar, indicado para ir com a família.
PornFoods;-23.4964370727539;-46.852352142334;Especialidade: hambúrguer. Avaliações descrevem uma pequena casa de hambúrgueres e pratos com carnes e acompanhamentos à escolha, também com pizzas. Elogiam o hambúrguer de churrasco, a constância da qualidade, o atendimento simpático e rápido e o programa de fidelidade. Um avaliador achou o preço acessível para Alphaville mas não gostou do milho num dos pedidos.
Portella Lounge e Bar;-23.4971103668213;-46.8100891113281;Única avaliação, curta e positiva, que diz apenas que falta mais ventilação.
Praça 413 Shellpi;-23.5074529647827;-46.8942832946777;Avaliações de tom misto sobre um lugar que vende marmitas, salgados, bolos e pratos por entrega. Uma elogia o ambiente, os funcionários sorridentes e o preço. Há reclamações de feijoada sem carnes, entrega de 2h30, bolo de festa seco e atendimento antipático da dona, além de insistência com mensagens de divulgação. Uma avaliação fala da praça pública e não do comércio.
Premiatto;-23.5160331726074;-46.8554267883301;Única avaliação, curta e positiva, sem detalhes.
Primus Salgados;-23.5122909545898;-46.8758201599121;Avaliações de tom misto sobre uma loja de salgados e lanches. Uma elogia os salgados sempre quentes, pouco oleosos e a variedade. As demais reclamam do atendimento, descrito como impaciente e pouco cordial, de salgados e café frios e, segundo um entregador de aplicativo, de pedidos atrasados e itens esquecidos.
Quality Suites Alphaville;-23.4922313690186;-46.8461608886719;Avaliações elogiam os quartos espaçosos, a equipe gentil, a localização, o restaurante, a piscina, a academia e o estacionamento incluso. Há críticas a janelas mal isoladas com ruído da rua, sofá gasto, TV pequena, café da manhã com poucas opções sem laticínios e serviço de lavanderia irregular. Um hóspede frequente diz que é mais silencioso que o hotel vizinho.
Quintal BethaVille;-23.5085964202881;-46.8683471679688;Especialidade: balada. Avaliações descrevem uma casa animada com bandas ao vivo e pagode, cerveja gelada e boa para comemorar aniversário. Elogiam a música, a recepção e o suporte da gerência a grupos. Há reclamações de ambiente abafado e som alto demais, poucos garçons, longa espera por bebidas e funcionários grosseiros.
Quintal da Cidade;-23.4920711517334;-46.8373336791992;Avaliações de tom majoritariamente negativo. Descrevem um lugar com boa estrutura, espaço kids, música ao vivo e noites de stand up. Uma elogia o almoço em família e os garçons atenciosos. As demais reclamam de atendimento demorado e desorganizado nos shows, pedidos trocados, comida cara e cobrança de item a mais.
Quitanda Alphaville;-23.4970417022705;-46.8495254516602;Única avaliação, curta, diz que a qualidade caiu.
Radisson Hotel Alphaville;-23.4969940185547;-46.8479385375977;Avaliações de tom misto. Elogiam a localização, a segurança, o serviço e quartos silenciosos e bem equipados. Há críticas a instalações antigas que pedem reforma, problemas no banheiro e no chuveiro, falta de aquecimento, wifi instável, TV sem aplicativos de streaming e sauna e piscina malconservadas ou em manutenção.
Raffa pizzaria;-23.5118827819824;-46.8590698242188;Especialidade: pizza, fast-food. Avaliações curtas e positivas, elogiando as pizzas, sem mais detalhes.
Rainbow Club;-23.5168533325195;-46.8423366546631;Especialidade: balada. Avaliações descrevem uma balada com boa música e bons DJs, voltada mais ao público homoafetivo masculino segundo um avaliador, que diz que grupos de amigas também vão para dançar. Elogiam a vibe, o atendimento profissional, a atenção do proprietário e funcionários, as bebidas geladas e os petiscos.
Rancho 26;-23.5030841827393;-46.8739833831787;Especialidade: gastropub. Avaliações em geral curtas e positivas. Uma elogia o prato feito, o preço comum das bebidas e o atendimento. Outra diz que no almoço de meio de semana estava vazio e que dizem ser bem movimentado à noite.
Rancho da Hípica;-23.5173301696777;-46.8454246520996;Avaliações curtas e positivas, sem detalhes. Uma menciona um show sertanejo no local.
Rango da Veruska;-23.5363082885742;-46.8649444580078;Avaliações descrevem um restaurante simples, bom e barato, com destaque para a costela no bafo, elogiada como macia e suculenta. Elogiam também o atendimento. Uma avaliação acha o arroz e o feijão com pouco tempero e outra, antiga, reclama de pedido cancelado e de atendente que teria rido do cliente.
Ráscal;-23.5049076080322;-46.8478221893311;Especialidade: buffet (rodízio), pizza, italiana. Avaliações elogiam bastante o buffet, com destaque para o bar de saladas, as pizzas de forno a lenha, massas, carnes, sobremesas e sucos naturais, além da limpeza e da equipe. É descrito como lugar para ir em família. O preço é considerado alto por um avaliador, mas compensador. Um avaliador reclama de os funcionários usarem máscara.
Real Burger Alphaville;-23.496223449707;-46.8531723022461;Especialidade: hambúrguer. Avaliações elogiam os hambúrgueres, descritos como excelentes e consistentes. Um cliente habitual diz que comer no local costuma ser bom, mas reclama do delivery, com atrasos de mais de 1h30, comida fria, entrega cara e carne com muita gordura num pedido.
Recanto Árabe Restaurante;-23.4953708648682;-46.8493118286133;Especialidade: árabe. Avaliações de tom misto sobre um restaurante árabe pequeno e aconchegante, um pouco escondido, com opção à vontade por preço fixo. Elogiam esfihas, kibe cru, charuto de uva, o atendimento do dono e o preço justo. Há críticas de comida sem sabor que pareceu de micro-ondas e um relato de encomenda paga para festa que o restaurante teria se recusado a preparar.
Recanto Das Tias;-23.5101680755615;-46.896614074707;Especialidade: fast-food. Avaliações descrevem uma lanchonete popular perto do estádio, com cachorro-quente prensado, hambúrguer, x-frango, bolos, tortas e brigadeiro. Elogiam os lanches feitos na hora e o carisma e a atenção das tias. Um avaliador diz que o espaço é muito reduzido e sem conforto quando chove, e que a dona é brava com pedidos fora do cardápio.
Recanto Nordestino;-23.5157375335693;-46.837028503418;Especialidade: lanchonete. Avaliações elogiam a comida, com menção a baião de dois com filé de frango e feijoada, o atendimento rápido e o ambiente sem frescura. Vários dizem que pretendem voltar. A única ressalva é sobre o canal de TV ligado durante o almoço.
Rei Do Mate - Shopping Tamboré Alphaville;-23.5052471160889;-46.8349914550781;Especialidade: café, chá. Avaliações de tom majoritariamente negativo. Há várias reclamações de atendentes mal-educadas e desinteressadas, de recusa em atender perto do fechamento e de um salgado vendido com recheio diferente do anunciado. Uma avaliação elogia o mate batido com polpa de cacau, a variedade de cafés e doces e os atendentes educados.
Rei do Peixe;-23.4928302764893;-46.885009765625;Especialidade: brasileira, frutos do mar. Avaliações curtas e positivas, sem detalhes.
Resenha Nosso Bar;-23.5233907699585;-46.8928184509277;Especialidade: drinks. Avaliações em geral curtas e positivas. Uma elogia o pessoal, a cerveja bem gelada, a comida e a música ao vivo. Outra reclama de ter sido cobrada à parte pelo limão pedido no refrigerante.
Restaurante Alecrim;-23.4971389770508;-46.8514518737793;Avaliações elogiam a comida caseira, gostosa e em conta, e o ambiente. Várias reclamam do atendimento, citando recepcionista e dona que tratariam mal clientes e funcionários, atendimento telefônico ríspido e demora de até uma hora. Uma avaliação considera o atendimento educado e os preços acessíveis.
Restaurante Bamboo Alphaville;-23.4881343841553;-46.8336601257324;Especialidade: asiática. Avaliações lidas são majoritariamente negativas sobre um restaurante de comida japonesa. Reclamam de atendimento frio e sem iniciativa, demora de 40 minutos ou mais para pedidos simples, taxa de serviço cobrada mesmo assim, preço alto e sabor fraco. Uma relata salmão com cheiro ruim. Um avaliador diz ter sido bem atendido e elogia o tamanho do temaki.
Restaurante Barbosa Delivery;-23.499303817749;-46.8905258178711;Avaliações elogiam a comida caseira, saborosa e de tempero leve, o ambiente limpo e agradável, o bom atendimento e o preço. Há clientes de muitos anos entre os avaliadores. Não há críticas nas avaliações lidas.
Restaurante Califórnia Grill;-23.4955768585205;-46.8932418823242;Especialidade: brasileira. Avaliações de tom misto. Algumas elogiam a comida caseira, o ambiente limpo e aconchegante, o atendimento e a entrega rápida. Duas reclamam de marmitas, uma entregue errada sem troca nem resposta e outra com frango cru e carne oleosa, com queixa de descaso no atendimento.
Restaurante Chicão Grill;-23.5248126983643;-46.892749786377;Avaliações de tom misto. Uma elogia o atendimento, a comida bem temperada e o preço acessível. Duas reclamam das marmitas, dizendo que a de churrasco veio com pouca carne e parte queimada e que a porção é pequena para o preço. As demais são curtas e positivas.
Restaurante Choripan;-23.5036430358887;-46.8445281982422;Especialidade: brasileira. Avaliações elogiam o choripan no estilo argentino, os pratos executivos, marmitex, salgados, coxinha e pão de queijo, os preços e o atendimento educado. Descrevem um espaço pequeno, muito procurado no almoço, com uma praça de mesas próxima. Há ressalvas à mostarda e à maionese, tidas como de qualidade inferior, e a certa demora na entrega dos pratos.
Restaurante da Kika;-23.4919710159302;-46.8793754577637;Avaliações elogiam a comida caseira, a variedade de saladas, o atendimento e o preço acessível. Descrevem um lugar bom para almoçar, de ambiente agradável, onde alguns clientes são chamados pelo nome. Não há críticas nas avaliações lidas.
Restaurante Delfino;-23.4981689453125;-46.8501968383789;Especialidade: buffet (rodízio). Avaliações curtas e positivas, elogiando a comida, o preço e os funcionários atenciosos.
Restaurante Do Bahia;-23.5111274719238;-46.8983840942383;Avaliações curtas e positivas, sem detalhes.
Restaurante do Gaúcho;-23.5105800628662;-46.857006072998;Especialidade: brasileira. Avaliações de tom misto sobre um self-service de almoço. Elogiam a variedade, o preço baixo e a comida, descrevendo ambiente familiar, pequeno, sem estacionamento e cheio no horário de pico. Várias reclamam do atendimento, sobretudo de caixas grosseiros, e uma relata comida fria e arroz estragado.
Restaurante Duda's;-23.4976854324341;-46.8511562347412;Avaliações elogiam o atendimento e a comida, citando grande variedade de saladas, pratos quentes e frutas frescas. Também é descrito como lugar bonito, bom e barato, com funcionários capacitados.
Restaurante e Pizzaria Canto da Siriema;-23.4886474609375;-46.955924987793;Especialidade: brasileira. Avaliações descrevem salão amplo e arejado, ambiente simples e comida caseira a preço justo, boa opção de almoço durante a semana na Aldeia da Serra. Elogiam também as pizzas e esfihas e o atendimento atencioso. Uma avaliação aponta pouca diversidade de pratos.
Restaurante Empório Tempero da Mamãe;-23.5166549682617;-46.8995819091797;Especialidade: brasileira. Avaliações descrevem ambiente aconchegante, com decoração elogiada, comida caseira saborosa, bem temperada e fresca, preço justo e atendimento muito elogiado. A feijoada e a marmita são citadas com destaque.
Restaurante Giorgio;-23.5008449554443;-46.8408279418945;Avaliações elogiam a comida bem temperada, a variedade de saladas e acompanhamentos, o ambiente limpo, claro e silencioso, os funcionários simpáticos e o estacionamento ao lado. Uma avaliação muito negativa critica o buffet com grill caro para o que oferece, a pouca variedade de carnes e a fila longa para pagar.
Restaurante Japonês Asiatika;-23.5159645080566;-46.85595703125;Especialidade: japonesa. Avaliações elogiam a comida asiática fresca, o poke, o preparo rápido e o atendimento simpático e atencioso, em unidade dentro de shopping com muitos lugares para sentar. Uma avaliação aponta falta de cardápio no dia, porções dos combos menores e alga murcha, com preço razoável.
Restaurante Kaza Nova;-23.5208721160889;-46.8914527893066;Especialidade: brasileira. Avaliações divididas. Parte elogia a comida, o capricho na entrega, o atendimento e o respeito aos entregadores. Outras reclamam de higiene precária, comida ruim, som alto demais no salão e de marmitex de churrasco com carne seca diferente da pedida.
Restaurante King e Queen;-23.4970455169678;-46.8096771240234;Avaliações todas negativas, quase todas sobre pedidos por aplicativo. Relatam atrasos, falta de resposta, comida ruim com arroz queimado e pouca quantidade, cabelo na comida e atendimento ríspido, incluindo relato de cliente xingada e bloqueada pelo restaurante.
Restaurante Mamma Gula;-23.4962196350098;-46.8495903015137;Especialidade: brasileira. Avaliações elogiam o serviço, o ambiente e o bom preço, com uma apontando pouca variedade. Há uma reclamação de delivery com embalagem inadequada, itens vazando e frango a passarinho salgado demais.
Restaurante Manjericão;-23.5050239562988;-46.8492965698242;Especialidade: buffet (rodízio). Avaliações descrevem buffet de almoço à vontade ou por quilo, com pratos quentes, muitas saladas e churrasco, em salão amplo com elevador e acessível, cheio no almoço executivo. Parte elogia a qualidade e o preço justo. Outras criticam atendimento mal-educado no caixa e na balança, carnes duras e requentadas e preço alto pela qualidade.
Restaurante Outback Steakhouse - Shopping Iguatemi Alphaville;-23.5049800872803;-46.8481101989746;Especialidade: italiana, churrasco, hambúrguer. Avaliações elogiam os pratos no padrão da rede, como costela e batata, e parte elogia o atendimento e o clima aconchegante para almoço ou noite descontraída. Outras criticam as instalações, com mesas muito próximas e ambiente barulhento, e uma reclama de atendimento péssimo e muita demora no rodízio de costela e no refil de refrigerante.
Restaurante Paris;-23.5256080627441;-46.8901710510254;Avaliações elogiam a comida caseira, bem servida e bem temperada, o ambiente familiar e limpo e o bom atendimento. Uma avaliação negativa fala de pratos sem sal e sobremesa fora do ponto, mas se refere a uma unidade em shopping.
Restaurante Rose;-23.5160789489746;-46.8371772766113;Especialidade: brasileira. Avaliações elogiam a comida e o atendimento, inclusive por telefone nos pedidos de entrega, e descrevem ambiente bom para levar a família. Parte das avaliações é curta e positiva, sem detalhes.
Restaurante Santa Clara;-23.5125522613525;-46.8562316894531;Especialidade: brasileira. Avaliações elogiam a comida, com destaque para a feijoada e as carnes, o preço baixo e a simpatia do gerente. As demais são curtas e positivas, sem detalhes.
Restaurante Sereia;-23.5089454650879;-46.891975402832;Avaliações descrevem restaurante aconchegante de comida caseira, com pratos como dobradinha, bife de fígado, galinhada e feijoada às quartas, além de marmita. Elogiam o tempero, o ambiente limpo e o atendimento receptivo. Uma avaliação comenta que no horário de pico quase não havia mesas disponíveis.
Restaurante Spoleto;-23.5046939849854;-46.8354301452637;Especialidade: italiana. Avaliações majoritariamente negativas sobre a unidade do shopping Tamboré. Reclamam de porções pequenas pelo preço, frango duro ou malpassado, embalagem de delivery aberta, demora com poucos funcionários e atendentes desinteressados ou rindo de pedido de troca. Uma avaliação elogia muito a pizza.
Restaurante Venancio;-23.4955577850342;-46.8872299194336;Especialidade: buffet (rodízio), churrasco. Avaliações descrevem restaurante familiar há décadas no mesmo endereço, com comida honesta a preço honesto, e elogiam o tempero, as carnes e a feijoada. Uma avaliação reclama de marmita de parmegiana com frango muito fino e muita farinha, e outra diz apenas regular.
Restaurante Vilelas;-23.4965896606445;-46.8502426147461;Avaliações descrevem lugar simples e um pouco apertado, com prato feito, marmitex e buffet por quilo a preço bem acessível, boa opção para quem trabalha na região. Elogiam o sabor caseiro e o atendimento dos funcionários. Uma avaliação critica os donos, o guardanapo contado e a comida oleosa, e outra acha o esquema do prato feito confuso.
Restaurante Zucchino;-23.4924697875977;-46.8477191925049;Especialidade: buffet (rodízio). Avaliações descrevem self-service de almoço com buffet variado e fresco, pratos bem preparados e boas sobremesas, com bom atendimento e ambiente agradável e limpo. Uma avaliação acha o salão um pouco barulhento e o preço meio puxado, embora compatível com Alphaville.
Rhaiz Burger;-23.5329456329346;-46.8817825317383;Especialidade: lanchonete, hambúrguer, fast-food. Avaliações elogiam os lanches saborosos e bem montados, a batata com molho especial, o beirute da casa e a maionese verde, além do atendimento gentil, do ambiente agradável, do preço bom e da entrega rápida.
Rio Healthy Food;-23.5020370483398;-46.8464241027832;Avaliações divididas. Clientes antigos dizem que os pratos de almoço, como a parmegiana, eram excelentes e bem servidos, mas que a quantidade diminuiu e o preço ficou alto. Há reclamações de filé seco, demora no atendimento e gerência ausente. Uma avaliação elogia muito a comida, as bebidas e o ambiente e conta que fez a recepção do casamento no local.
RJP Pastelaria e Lanches;-23.4966621398926;-46.8118362426758;Especialidade: brasileira. Avaliações elogiam o pastel sequinho e bem recheado, os ingredientes, o atendimento e a entrega rápida. Uma avaliação muito negativa relata pedido com pastel errado, frio e sem queijo, hot dog pequeno e falta de pedido de desculpas.
Roberto Bar e Restaurante;-23.4905338287354;-46.885311126709;Avaliações descrevem restaurante de almoço com comida caseira, fresca e de preço justo, com destaque para a feijoada, e elogiam a educação e o acolhimento dos funcionários, em especial do rapaz do caixa. Uma avaliação antiga reclama de pessoas sem máscara no salão.
Robinho Lanches E Açai;-23.4878921508789;-46.8072700500488;Especialidade: lanchonete. Avaliações elogiam os lanches saborosos e bem recheados, a porção de batata, a barca de açaí, o preço acessível, o ambiente agradável e a entrega rápida. Uma avaliação diz que o atendimento vem deixando a desejar, com pedido de açaí sem resposta.
Rock n Speto;-23.5098533630371;-46.8880004882812;Especialidade: balada, drinks, gastropub. Avaliações descrevem bar com shows de bandas ao vivo, casa grande e organizada com área externa mais tranquila, mesas em frente ao palco, espaço para dançar e área superior com vista do palco. Elogiam o chope gelado, os espetos e porções, o atendimento rápido e a proximidade da estação de trem. Uma avaliação cita os preços de porções, cerveja e open de chope.
Route Cafe;-23.5092620849609;-46.9106941223145;Especialidade: café. Avaliações majoritariamente negativas. Reclamam de café frio, pão na chapa ruim, café duplo servido com menos da metade da xícara, preço alto, atendimento desorganizado e falta de funcionários, com clientes esperando irritados. Uma avaliação elogia o local como parada de viagem com opções para comer, descansar e fazer compras.
RuadoBolo;-23.4976615905762;-46.8510818481445;Especialidade: doces, sorvete, café. Avaliações descrevem loja de bolos, doces, salgados e sorvetes com decoração bonita, lugares na parte interna e externa e opção de reservar para pequenos eventos. Parte elogia a qualidade e a simpatia das atendentes. Outras reclamam de atendentes rudes e de bolo vendido seco, produzido seis dias antes.
Sabor E Arte Salgados;-23.4936809539795;-46.8702926635742;Especialidade: lanchonete. Avaliações elogiam os salgados frescos, fritos na hora quando falta o sabor, os bolos e pães, o atendimento e o ambiente aconchegante, com indicação para festas e confraternizações. Uma avaliação reclama de pedido por aplicativo que não chegou depois de três horas.
Saída 26 Bar e Restaurante;-23.5041103363037;-46.872386932373;Especialidade: brasileira. Avaliações descrevem self-service simples e aconchegante, com bom custo-benefício para quem vai pegar a estrada. Uma diz que a variedade melhorou um pouco e que a comida é mais gostosa antes do meio-dia, e outra achou salgado e caro pelo que oferece. As demais são curtas e positivas.
Saladices;-23.4971294403076;-46.85107421875;Avaliações elogiam a comida saborosa e leve, a variedade de opções para quem está de dieta, o atendimento simpático e o ambiente com música boa, indicando o lugar para almoço. Há reclamação de que o delivery demora muito, chegando a quase duas horas.
Salgados Imperial;-23.482967376709;-46.8060874938965;Especialidade: lanchonete. Avaliações elogiam os salgados variados e saborosos, os doces, bolos e sorvetes, o bom preço e o atendimento atencioso, descrevendo o local como limpo, organizado e aconchegante para um lanche em família. Uma avaliação diz que funciona apenas por delivery e outra cita um bolinho de queijo servido frio. Aceitam encomendas para festas.
São Lourenço - Café e Restaurante;-23.5107879638672;-46.8783111572266;Avaliações elogiam a comida caseira, com destaque para a feijoada, a maminha e um creme de brócolis, além da cerveja gelada, do atendimento e do ambiente, que tem dois espaços. Também citam o delivery de forma positiva.
School Bus Burgers;-23.5058860778809;-46.8680076599121;Especialidade: hambúrguer. Avaliações são curtas e positivas. A única com detalhes elogia o estilo americano do lugar, o hambúrguer e o milkshake de Nutella.
Shambala Restaurante;-23.4970397949219;-46.8513717651367;Especialidade: buffet (rodízio), brasileira. Avaliações elogiam a comida e o atendimento e apontam o lugar como boa opção para comer à vontade pagando um valor acessível.
Sixty Six Restaurante e Hamburgueria;-23.5118045806885;-46.8773803710938;Especialidade: brasileira, lanchonete, hambúrguer. Avaliações elogiam a comida bem feita, com gosto de comida caseira e cardápio variado, o atendimento cordial, o preço justo e o ambiente limpo, acolhedor e familiar. Clientes dizem frequentar há anos e no dia a dia.
Smash House Alphaville;-23.4920310974121;-46.8409538269043;Especialidade: hambúrguer. Avaliações são majoritariamente negativas e tratam de pedidos por delivery e retirada: cancelamentos sem aviso ou reembolso, atendimento que não resolve, espera na retirada e hambúrguer pequeno com batata congelada para o preço. Há quem elogie o lanche, a batata e o atendimento rápido, inclusive clientes que antes nunca tinham tido problemas.
Smoking Frog Tabacaria;-23.5304317474365;-46.8657875061035;Uma avaliação elogia o ambiente agradável e os produtos de qualidade. A outra fala de brinquedos, piscinas e prainha com ondas e parece ter sido publicada no lugar errado.
Só Parmegiana;-23.4969158172607;-46.8488006591797;Especialidade: italiana. Avaliações elogiam a parmegiana caprichada e o polpetone, a comida que chega quente e saborosa, o ambiente limpo e o atendimento do dono e da equipe da cozinha. Uma avaliação chama de melhor restaurante dentro do shopping.
Sodiê Doces;-23.4993667602539;-46.8657836914062;Especialidade: doces, padaria. Avaliações são mistas. Há elogio ao atendimento da equipe, inclusive no pós-venda, e ao lugar limpo e aconchegante. Reclamações citam pedidos cancelados no aplicativo sem explicação, loja quente sem ar-condicionado e com luzes queimadas, máquinas de café e achocolatado quebradas e uma torta banoffee que não agradou.
Sodiê Doces Barueri Centro/ Sta Ursula;-23.5101566314697;-46.8786735534668;Especialidade: doces, padaria. Avaliações curtas e positivas, sem detalhes.
Soggiorno Aldeia;-23.4898910522461;-46.9558715820312;Especialidade: pizza. Avaliações elogiam bastante a qualidade das pizzas, das entradas e das sobremesas, mas dizem que funciona só com retirada ou entrega e que é um pouco cara. Há várias reclamações do serviço: entregas atrasadas, pizza fria, pedido trocado sem solução adequada e problema com cupons de promoção.
Sorvesan Cruz Preta;-23.4929656982422;-46.8815307617188;Especialidade: sorvete, doces. Avaliações elogiam o sorvete, o preço justo, o atendimento e o local limpo e organizado, e citam ida com criança. Uma avaliação chama de melhor sorvete de Barueri. Há reclamação de que a loja costuma abrir depois do horário divulgado.
Sorvesanparceiros;-23.4879417419434;-46.8069877624512;Especialidade: sorvete, doces. Avaliações elogiam os sorvetes, os preços acessíveis, a limpeza, a localização e o sistema de servir-se à vontade, além da entrega em casa. Críticas apontam atendentes pouco simpáticas ou ausentes do balcão, sabores esgotados e uma entrega que demorou mais de uma hora.
Sorveteria Aguiar;-23.5287408828735;-46.8890991210938;Especialidade: sorvete, doces. Avaliações elogiam o sorvete e a variedade de sabores, com uma chamando de melhor da região. Críticas citam dificuldade para estacionar e um cliente que achou sem gosto os potes de 1,5 litro que comprou.
Sorveteria Hosana;-23.4994812011719;-46.8746318817139;Especialidade: sorvete, doces. Avaliações curtas e positivas, citando bons sorvetes e bom atendimento.
Sorveteria Natuice;-23.4911022186279;-46.885669708252;Especialidade: sorvete, doces. Avaliações elogiam a qualidade dos sorvetes, o milkshake, os picolés recheados, o preço e o atendimento. Citam que há potes para levar.
Sorveteria Picoli;-23.5013990402222;-46.8699989318848;Especialidade: sorvete, doces. Avaliações elogiam os sorvetes de massa e de palito, artesanais e de sabor tradicional, com destaque para coco e amendoim, além de pastéis, cachorro-quente e coxinha e do preço justo. Citam a receita herdada de uma sorveteria antiga da cidade. Uma avaliação relata atendimento lento e confuso em uma encomenda, com valor cobrado diferente do catálogo.
Sorveteria Quatro Estacoes;-23.5118961334229;-46.8620567321777;Especialidade: sorvete, doces. Avaliações elogiam os salgados, com destaque para a bolinha de alho-poró, e as entregas pontuais pelo aplicativo. Uma avaliação fala da sorveteria: sabores diferentes e bons, mas sem casquinha, ambiente muito quente com ar-condicionado desligado e poucas mesas do lado de fora.
Sorvetes Sorvesan;-23.5323467254639;-46.884449005127;Especialidade: sorvete, doces. Avaliações curtas e positivas. A única com detalhes elogia o sorvete, os preços e o atendimento e diz que vale comprar em quantidade para estocar em casa.
Sparta Pizzas e Lanches;-23.5111675262451;-46.8948211669922;Avaliação única, curta e positiva, sem detalhes.
Spoleto;-23.5043697357178;-46.8476066589355;Especialidade: italiana. Avaliações lidas são quase todas negativas: demora de 30 minutos a uma hora mesmo com pouco movimento, atribuída ao novo sistema em que o cliente faz o próprio pedido, risoto servido cru, gratinado fora do esperado e um pedido por aplicativo que não foi entregue nem reembolsado.
Spoleto;-23.5160541534424;-46.8557357788086;Especialidade: fast-food, italiana. Avaliações mistas. Há elogios à comida e ao atendimento, em especial à equipe da manhã, e quem considere a unidade melhor que outras da franquia. Há críticas ao preparo do molho pesto, com excesso de azeite, a atrasos e pedidos errados no delivery e a atendentes que confundem o pedido e discutem com o cliente.
Star Steakhouse Restaurante;-23.5110931396484;-46.882209777832;Especialidade: churrasco. Avaliações elogiam o atendimento atencioso dos garçons, o hambúrguer, os drinks e o ambiente aconchegante, e citam o lugar para comemorar aniversário. Uma avaliação relata decepção com comida embalada para viagem, que veio mais simples que o prato servido e com cheiro e gosto desagradáveis no dia seguinte.
Starbucks;-23.5047569274902;-46.833625793457;Especialidade: café, doces. Avaliações curtas e em maioria positivas, elogiando o atendimento e a localização e citando o lugar como bom para tomar café e trabalhar. Uma avaliação considera um pouco caro e outra é negativa sem explicar o motivo.
Starbucks;-23.5044775009155;-46.8480834960938;Especialidade: café. Avaliações elogiam o atendimento atencioso e rápido, inclusive com cliente estrangeiro que fala pouco português, e descrevem o lugar como limpo e sem complicação. Uma avaliação observa que o preço não é barato, igual ao das outras lojas da rede, mas que vale a pena.
Stay & Dine Restaurante e Café;-23.4929847717285;-46.8509788513184;Especialidade: brasileira. Avaliações em maioria elogiam a comida, o atendimento, o ambiente confortável e a música ambiente, citando café da manhã, almoço e jantar com buffet e à la carte. Uma avaliação relata atendimento precário, demora nos pratos, buffet sem reposição e com poucas opções e preço alto, dizendo que não voltará.
Submarino Café;-23.4964256286621;-46.8491706848145;Especialidade: café. Apenas duas avaliações curtas. Uma elogia o café forte e o doce com bastante doce de leite. A outra diz que as atendentes são educadas e a proprietária é grosseira.
Subway;-23.510461807251;-46.8751068115234;Avaliações mistas. Há reclamações de pedidos pelo iFood que chegaram com ingredientes faltando, quase sem recheio e mal montados, e de lanche considerado caro para a quantidade. Uma avaliação diz que foi muito bem atendida e que o lugar é extremamente limpo e organizado. Duas são elogios curtos sem detalhes.
Subway;-23.5047569274902;-46.8358192443848;Avaliações em maioria críticas ao atendimento, relatando atendentes que não cumprimentam, olham com deboche e não resolvem erros no pedido, como um item de combo não entregue. Uma avaliação reclama de lanche mal feito e sem ingredientes. Um cliente pergunta se a loja dentro do shopping fechou.
Subway;-23.4967460632324;-46.8488693237305;Especialidade: fast-food. Avaliações em maioria positivas, descrevendo a loja como tranquila, sem fila e impecavelmente limpa, com atendentes educadas e atenciosas e lanches bem montados e caprichados. Uma avaliação reclama de pedido pelo iFood que veio totalmente errado e de a loja não reconhecer o erro.
Sucao;-23.5047454833984;-46.8480186462402;Especialidade: açaí, brasileira, sucos. As avaliações lidas são todas negativas. Reclamam de wrap com massa grossa e pouco frango, frango com aspecto de velho, salada mal servida e suco de laranja diluído que não era feito na hora. Várias relatam atendimento ruim, com cliente ignorado no balcão e funcionários grosseiros, debochados e sarcásticos.
Summer hambúrgueria;-23.5223808288574;-46.8927841186523;Especialidade: lanchonete. Avaliações em maioria elogiam o atendimento, os hambúrgueres, as refeições e o preço, descrevendo um ambiente acolhedor e descontraído, bom para reunir amigos. Uma avaliação relata ter sido tratado de forma hostil pela atendente depois de pedir nota fiscal paulista, em discussão sobre taxa no cartão.
Sushi Bonette;-23.515775680542;-46.8364944458008;Especialidade: japonesa. Avaliações curtas e positivas elogiam o salmão fresco, a aparência e o sabor dos pratos, o temaki e o preço.
Tambore;-23.5057544708252;-46.8348426818848;Avaliações descrevem hotel de padrão Ibis, limpo e bem localizado, praticamente ligado ao Shopping Tamboré, com elogios à equipe e ao café da manhã. Há críticas a quartos apertados, à cama extra para criança, ao café com pouca variedade e ao estacionamento cobrado à parte. Um hóspede relata que seu grupo passou mal após beber água do bebedouro do hotel.
Tamboré Grill and Bar;-23.5014553070068;-46.8358764648438;Avaliações em maioria elogiam a comida caseira por quilo ou a preço fixo, a carne assada, a rabada, o preço e a agilidade no atendimento, em ambiente agradável. Uma avaliação reclama da feijoada, do torresmo encharcado de óleo e do preço, dizendo que o custo-benefício foi péssimo.
Tartus Especialidades Árabes;-23.496618270874;-46.8495559692383;Especialidade: árabe. Avaliações elogiam bastante as esfihas, abertas e fechadas e feitas na hora, além do quibe com nozes e hortelã. Descrevem um restaurante casual e aconchegante, com atendimento rápido e cordial, bom preço e boa qualidade.
Tausttus Burger;-23.5117492675781;-46.8614196777344;Especialidade: hambúrguer, fast-food, drinks. Avaliações curtas e positivas. A única com algum detalhe elogia os hambúrgueres e o ponto da carne.
Temakeria Makis Place;-23.5043754577637;-46.8349380493164;Especialidade: japonesa, japonesa (sushi), fast-food. Avaliações elogiam os temakis, o poke, a porção de shimeji, os ingredientes frescos, a rapidez e o bom atendimento, além do plano de fidelidade. Uma avaliação observa que os preços não são dos melhores e sente falta de quando os combos incluíam bebida.
Temakeria Sushi Holl;-23.5118503570557;-46.8614387512207;Especialidade: japonesa. Avaliações elogiam o frescor do salmão, do peixe branco e do atum, os temakis e uramakis, as porções e combinados a preço justo e o atendimento educado e pontual nas encomendas. Uma avaliação descreve o lugar como aconchegante, climatizado, bem localizado e fácil de estacionar.
Temakis Barueri;-23.5241794586182;-46.892650604248;Especialidade: japonesa. Avaliações divididas entre elogios curtos sem detalhes e reclamações detalhadas. Um cliente diz ter recebido hot roll frio e arroz passado, suspeitando de pedido reaproveitado. Outro reclama de arroz com gosto forte de vinagre em pedido por aplicativo e de reembolso apenas parcial.
Temaky Temakeria e Sushi Bar;-23.4991245269775;-46.8537673950195;Especialidade: japonesa (sushi), fast-food, japonesa. As avaliações lidas são em maioria negativas. Reclamam de encontrar o lugar fechado em horários em que consta como aberto, de funcionários despreparados, demora de mais de uma hora, porções pequenas pelo valor, arroz duro no poke e cobrança de 10 por cento. Uma cliente diz gostar muito da comida apesar disso.
Texano Burger e Restaurante;-23.5067205429077;-46.8699569702148;Especialidade: hambúrguer. Avaliações curtas e positivas, citando lugar agradável, comida saborosa, preços justos e boa opção para almoço.
The New York Coffee - Alphaville;-23.4972076416016;-46.8482360839844;Avaliações descrevem cafeteria aconchegante para café da manhã, brunch e café da tarde, com boa variedade de cafés e equipe simpática. Uma avaliação elogia o café mas considera a comida muito decepcionante apesar da boa aparência. Também citam estacionamento difícil e cardápio só por QR code, pouco prático para idosos.
Toca do Açaí Parque Shopping Barueri;-23.5167541503906;-46.8561973571777;Especialidade: sorvete, doces. Avaliações em maioria curtas e positivas. A única detalhada descreve um quiosque bem montado no Parque Shopping Barueri, com atendentes simpáticas e atenciosas, e aponta como pontos fracos as poucas opções e o estacionamento caro do shopping.
Tokyo Sushi;-23.4962997436523;-46.8490753173828;Especialidade: japonesa. Avaliações mistas. Parte elogia a comida japonesa, o frescor dos peixes, o tempero, o atendimento e o preço condizente, descrevendo um lugar pequeno e agradável. Outra parte considera o sushi apenas regular no delivery e relata queda de qualidade nos últimos anos, com frango seco, pratos salgados e legumes pouco frescos.
Tokyo.99 Sushi Delivery;-23.4962940216064;-46.8529357910156;Especialidade: japonesa. Avaliações tratam de pedidos por delivery e são divididas. Um cliente frequente elogia muito os peixes frescos, o poke e o temaki. Outras reclamam de peças muito pequenas e finas pelo preço cobrado, de redução no tamanho ao longo do tempo e, em um caso, de atum com cheiro e cor estranhos.
Tomates Verdes Pizza;-23.4964580535889;-46.8492736816406;Especialidade: pizza. Avaliações descrevem rodízio de pizza no almoço, em ambiente pequeno, com massa fina e pizzas doces elogiadas por parte dos clientes. Há críticas à massa elástica, à falta de sabores clássicos, ao atendimento pouco receptivo a pedidos de repetição e à rigidez da dona com alterações nos sabores.
Trattoria Credidio;-23.4991455078125;-46.8536491394043;Especialidade: italiana. Avaliações todas positivas, elogiando os pratos saborosos e bem apresentados, as massas com gosto de caseiras, os vinhos, a cerveja bem gelada, o ambiente e o atendimento.
Trellis Padaria;-23.498384475708;-46.8766975402832;Especialidade: padaria. Avaliações curtas e de tom misto. Uma elogia o café e a barista, dizendo ser o melhor café de Barueri. Outras consideram os preços altos e a variedade pequena e reclamam do calor dentro do local. Há menção a aceitar vale-alimentação.
Tudo gostoso Lu;-23.5301895141602;-46.8836460113525;Avaliações descrevem restaurante familiar, espaçoso, tranquilo e bem iluminado, com comida de sabor caseiro e feijoada elogiada pela porção e pelo preço justo. Duas avaliações reclamam de grande atraso em pedidos de delivery, uma delas dizendo ter ficado sem almoço e sem resposta.
Tuí Restaurante;-23.500509262085;-46.8545913696289;Avaliações mistas. Há elogios ao arroz caldoso, à feijoada, às porções bem servidas, ao atendimento e ao ambiente tranquilo no almoço. Há críticas a desordem na cobrança, com preços diferentes do cardápio, equipe sobrecarregada, demora de mais de uma hora, arroz duro e banheiro sujo.
Turbo Burger;-23.5112171173096;-46.8630447387695;Especialidade: lanchonete, hambúrguer, fast-food. Avaliações descrevem um lugar familiar e aconchegante, com música boa e excelente atendimento. Elogiam os lanches artesanais, gostosos, bem servidos e baratos.
Uai Bolos Caseiros;-23.4924507141113;-46.8798217773438;Especialidade: doces, padaria. Avaliações elogiam os bolos e citam um caso em que a loja repôs com atenção um bolo que chegou revirado. Há reclamações do atendimento por WhatsApp, que só devolve mensagem automática, de pedido cancelado no iFood depois de combinada a troca de sabor e de um bolo de fubá que parecia de baunilha.
Vaca Atolada Restaurante;-23.5162963867188;-46.900276184082;Especialidade: brasileira. A única avaliação elogia a comida como uma delícia e recomenda pedir.
Vila Los Muertos De Fome;-23.506103515625;-46.8699169158936;Especialidade: mexicana, hambúrguer, brasileira. Avaliações curtas e positivas, elogiando o ambiente agradável e a comida mexicana, sem mais detalhes.
Vila Tamboré Restaurante;-23.492057800293;-46.8375663757324;Especialidade: buffet (rodízio), japonesa (sushi), japonesa. Avaliações descrevem um restaurante com buffet por quilo que também funciona como bar, com ambiente agradável. Elogiam as massas, a comida japonesa e o café da manhã. Há críticas repetidas ao preço alto para uma comida considerada mediana e à cobrança de entrada no happy hour.
Villa BBM Dining Club;-23.4884204864502;-46.8334312438965;Especialidade: música ao vivo. Avaliações descrevem um ambiente descontraído para dançar, conhecer pessoas e tomar bons drinks, com sertanejo ao vivo às quartas e frequentadores receptivos. Elogiam os garçons, o banheiro bonito e organizado e o estacionamento. Outra avaliação fala em ambiente sofisticado e aconchegante e em experiência gastronômica completa.
Villa Dei Fiori Restaurante;-23.4968357086182;-46.8498687744141;Especialidade: buffet (rodízio). Avaliações elogiam o buffet por quilo tradicional do centrinho comercial de Alphaville, com produtos de qualidade, saladas frescas, boa sobremesa, bons preços, ambiente limpo e ótimo atendimento. A única ressalva é de um avaliador incomodado com clientes que falam alto junto à comida.
Villa Gulla Restaurante;-23.499568939209;-46.8651847839355;Especialidade: brasileira. Avaliações curtas e positivas em sua maioria, sem detalhes. Uma avaliação reclama da falta de ar-condicionado e diz que o dono serviu bacalhau para oito quando o pedido era para quatro.
Villa Olivia;-23.5007839202881;-46.840690612793;Avaliações descrevem um espaço amplo, com decoração bonita, que recebe shows e serve almoço trivial de boa qualidade a preço justo. Há críticas ao banheiro pequeno, à limpeza das mesas e à falta de pratos e talheres. Um avaliador reclama do público aos domingos, com muito mais homens que mulheres.
Villa Soggiorno Pizzaria;-23.4965705871582;-46.8532028198242;Especialidade: pizza. Avaliações elogiam a grande variedade de pizzas feitas em forno a lenha, com opção de espessura da massa, além dos drinks, das sobremesas, do bom serviço e do ambiente agradável. Uma avaliação destoa, dizendo que a pizza tinha queijo demais e que não voltaria, embora tenha gostado do ambiente e do serviço.
Villemy Pizzas;-23.4793701171875;-46.8050804138184;Especialidade: pizza. Avaliações elogiam as pizzas, calzones e bagazones bem recheados, o preço bom e a agilidade do atendimento e da entrega, por telefone e WhatsApp. Uma avaliação informa que não é possível comer no local. Há uma reclamação de entrega errada, massa crua e motoboy que jogou a embalagem na calçada.
Vinil Burger;-23.5037803649902;-46.8343505859375;Especialidade: hambúrguer. Avaliações divididas. Parte elogia o ambiente bonito e organizado, os hambúrgueres e atendentes citadas pelo nome como simpáticas e atenciosas. Outra parte reclama de funcionárias desatentas e pouco corteses, pedido só pelo totem sem ajuda, erros e itens esquecidos nos pedidos, lanche gelado e pedido de iFood cancelado após longa espera.
Vip Pizza Burger;-23.541356086731;-46.8670921325684;Especialidade: hambúrguer. Duas avaliações reclamam de pizza que não chegou depois de cerca de duas horas de espera e de telefone que ninguém atende, e não recomendam. Uma terceira elogia o hambúrguer de queijo brie com geleia de pimenta.
Vivenda do Camarão;-23.5047378540039;-46.8350143432617;Especialidade: frutos do mar, fast-food. Avaliações divididas. Duas reclamam de comida fria, oleosa, salgada, frita em óleo velho e com camarão mal limpo, por preço considerado alto. Outras duas elogiam bastante o atendimento, com atendente que apresenta o cardápio e sugere pratos, e dizem que a comida estava muito boa mesmo com o shopping cheio.
Vivenda do Camarão;-23.5158138275146;-46.8554420471191;Especialidade: frutos do mar. Avaliações são todas negativas. Reclamam de camarões mal limpos, pratos gelados, secos, sem tempero ou queimados, salada sem frescor, itens do cardápio indisponíveis, demora de cerca de 40 minutos e funcionários desmotivados que não dão atenção às queixas. Um cliente antigo diz que a qualidade caiu.
vtr.lanchonete;-23.4937286376953;-46.8319206237793;São só duas avaliações. Uma reclama de salgado que veio com plástico dentro, de ter sido cobrada por outro e de preços altos, e diz que não volta. A outra é um elogio em tom de brincadeira a uma atendente, dizendo que foi muito bem atendido.
We Coffee;-23.5027923583984;-46.8341064453125;Especialidade: café. Há avaliações curtas e positivas e uma crítica longa. A crítica diz que comida e café são razoáveis mas não valem o preço, que o ambiente é barulhento, com mesas bambas, cadeiras manchadas e uma só tomada, e que o atendimento foi péssimo, com caixa grosseira que negou um copo de água para tomar remédio.
Witch Beer Cervejaria;-23.5000438690186;-46.8688468933105;Especialidade: cervejaria. A única avaliação elogia a variedade de cervejas, todas consideradas excelentes.
X Calota Barueri;-23.4994602203369;-46.8781394958496;Especialidade: lanchonete. Avaliações giram em torno de pedidos por entrega. Há elogios ao lanche, bem recheado, fresco e que chega quente. Há reclamações fortes de atraso, com esperas de duas e três horas, pedido não entregue e falta de retorno no WhatsApp. Um cliente conta que recebeu desconto após um atraso e teve boa experiência na compra seguinte.
Xis Farroupilha;-23.5309009552002;-46.8901329040527;Especialidade: fast-food. Avaliações elogiam muito os lanches, citados como dos melhores já provados, com destaque para o hambúrguer vegetariano, a embalagem e o atendimento personalizado. Uma avaliação reclama de atendimento péssimo em pedido por aplicativo, com problema na forma de pagamento e cobrança de taxa de entrega a mais.
Yogo Up;-23.4964485168457;-46.8491134643555;Especialidade: sorvete, doces. Avaliações elogiam o frozen yogurt, de massa leve e saborosa, com opções de sabor e tamanho, servido com frutas, castanhas e toppings em porções generosas. Um avaliador ficou decepcionado ao notar que o copo veio vazio no meio, com iogurte só nas laterais, e achou caro.
Yokogawa America Do Sul;-23.5005321502686;-46.8489685058594;Avaliações curtas, que mencionam reunião de trabalho e automação, sem detalhes sobre o lugar.
Zé do Hamburger;-23.4981288909912;-46.8463325500488;Especialidade: hambúrguer. Avaliações descrevem um ambiente temático que remete ao passado, animado, com uma mesa montada em um carro. Elogiam os hambúrgueres suculentos, o molho especial, os milkshakes, a banana split enorme, as opções vegetarianas, o cardápio em inglês e o serviço simpático. A única ressalva é a batata frita um pouco passada.
Açaí do Cowboy;-1.39907985925674;-48.4372253417969;Especialidade: açaí, brasileira. Avaliações elogiam o açaí, a higiene do local, o uso de branqueamento e o atendimento, com cliente que compra há mais de 9 anos. Uma avaliação comenta que fora da safra o açaí fica mais fraco. Há uma reclamação forte de entrega demorada, preço alto do litro e atendente grosseira.
Açaí do CR10;-1.4664648771286;-48.496768951416;Avaliações elogiam a comida, o atendimento, o açaí de boa qualidade e a dourada frita. Uma avaliação afirma que o lugar não existe mais nesse local.
Açaí do Edir;-1.41232377290726;-48.468147277832;Especialidade: sucos. Avaliações elogiam o açaí, chamado por alguns de o melhor da Sacramenta. Uma avaliação diz que o preço é sempre acima dos vizinhos com qualidade similar. Há uma reclamação de que aceitam pedidos que não conseguem entregar.
Açaí do Francisco;-1.44796633720398;-48.4780387878418;Avaliações elogiam o açaí e as farinhas e citam que segue normas de saúde e vende congelado para viagem. Uma avaliação descreve o espaço como grande e limpo, outra diz que o local poderia ser mais apresentável. Há várias reclamações do delivery, com demora de horas, pedido não entregue e atendimento grosseiro ao telefone.
Açaí do Irmão;-1.45887792110443;-48.4771347045898;Especialidade: açaí, brasileira. Avaliações curtas e positivas elogiam o açaí como puro, saboroso e o melhor da região, e uma cita o atendimento excelente.
Açaí do Irmão;-1.40185803174973;-48.4479827880859;Especialidade: fast-food. Uma única avaliação curta e positiva, sem detalhes.
Alana Pizzaria;-1.40906459093094;-48.4283485412598;As duas avaliações elogiam a pizza, uma delas a chama de melhor do bairro Castanheira. Há reclamação de atendimento ruim no salão, com atendente no celular ignorando os clientes, e de demora de uma hora e meia na entrega.
Albergue Domingos Zahluth;-1.45857572555542;-48.5032196044922;Avaliações tratam o lugar como abrigo mantido pelo governo para pessoas em situação de rua. Uma o chama de segunda casa para quem chega, outra diz que é quente, sujo e sem conforto digno, e outra relata insegurança entre os acolhidos. Há queixa de não conseguir contato.
Aldeia da Pizza;-1.4351504445076;-48.4750480651855;Especialidade: pizza. Avaliações elogiam a massa leve e saborosa das pizzas e o atendimento prestativo e educado, com clientes antigos que compram há muitos anos e a chamam de melhor pizza da Pedreira. Não há críticas nas avaliações lidas.
Alecrim - Cozinha Saudável;-1.46300220489502;-48.4964408874512;Avaliações elogiam a comida leve e saudável, os quiches, sanduíches e empadas, e o atendimento no local, no delivery e para retirada. Há uma reclamação de falta de higiene, de atendente que manuseou alimento sem luva durante a pandemia.
Alegria de Comer;-1.42772394418716;-48.4590911865234;Especialidade: doces, padaria. As avaliações lidas são majoritariamente negativas. Reclamam de atendimento mal-humorado e desatento, de atrasos de uma hora ou mais em entregas de encomendas e de queda na qualidade de salgados e tortas. Uma avaliação ainda considera os salgados saborosos apesar do atendimento.
Alex bar;-1.37697207927704;-48.480583190918;Avaliações descrevem como ponto de encontro do bairro da Pratinha há mais de 20 anos para tomar cerveja gelada e ouvir música marcante. Uma avaliação reclama que o dono é rude com funcionários e clientes.
Apart Hotel Murubira;-1.12090742588043;-48.4415397644043;Uma avaliação elogia o atendimento dos funcionários do condomínio. A outra não tem conteúdo.
Apart Hotel Presidente;-1.45069235563278;-48.4964141845703;Avaliações são mistas e pendem para o negativo. Há relatos de baratas no quarto, camas desconfortáveis, chuveiro ruim, quarto não pronto na chegada e roupa de cama e travesseiros sujos e manchados. Uma avaliação diz que é um bom hotel e que o ar-condicionado funciona bem.
APPD Sede Campestre;-1.31771939992905;-48.4379081726074;Avaliações descrevem um local amplo e bonito para confraternizar, reservado em datas comemorativas para pessoas com deficiência e familiares, com ações sociais e comida gratuita. Uma avaliação avisa que a volta é complicada para quem sai perto do anoitecer.
Aprendaki;-1.41483157873154;-48.4441375732422;Avaliações tratam o lugar como cursinho pré-vestibular, elogiando professores, coordenação, preços acessíveis, salas climatizadas e aprovações. Uma avaliação reclama de cobranças e de recusa em cancelar e reembolsar.
Assados Tapajós;-1.34419018030167;-48.4592170715332;A única avaliação apenas reclama que o telefone divulgado precisa ser atualizado.
Assis o Rei Do Assado e Da Manicoba;-1.308513879776;-48.4810752868652;Avaliações são mistas. Há elogios ao café da manhã, à comida, ao preço justo e ao atendimento. Há também reclamações fortes de comida muito salgada, carne dura e seca no espetão, almoço caro para a quantidade e um relato de inseto na comida.
Associação Carnavalesca A Grande Família;-1.43248677253723;-48.4838714599609;Especialidade: balada. A única avaliação com texto não traz conteúdo sobre o lugar.
Associação dos Malas;-1.42865383625031;-48.4526672363281;Avaliações descrevem um bar com variedade de cervejas a preço baixo e atendimento gentil, bom para tomar uma cerveja. Uma avaliação diz que funciona de dia e lamenta isso, e outra afirma que é preciso ser cliente fidelizado para conseguir comprar.
Atrium Quinta de Pedras;-1.46319371461868;-48.504222869873;Avaliações elogiam o prédio em estilo colonial com pátios internos e piscina, o café da manhã com frutas e pratos paraenses, quartos limpos e confortáveis, restaurante e a equipe atenciosa, inclusive ajudando hóspede doente. Uma avaliação acha a iluminação do banheiro fraca.
Avalon Burger;-1.46033799648285;-48.4779052734375;Especialidade: hambúrguer. Avaliações descrevem lugar aconchegante com atendimento familiar, música ao vivo em alguns dias, cerveja gelada, sanduíches e tira-gostos elogiados. Não há críticas nas avaliações lidas.
B. B. King Hamburgueria;-1.39980959892273;-48.4579277038574;Especialidade: hambúrguer. Avaliações elogiam os hambúrgueres, o molho, o ambiente aconchegante com boa música, o atendimento e a facilidade para estacionar, indicando para reunir amigos e família. Há críticas ao ponto da carne, à fumaça da cozinha no salão e uma reclamação de mais de uma hora de espera com pedido incompleto.
B'LEM Padaria Portuguesa;-1.44544649124146;-48.4890747070312;Especialidade: café. Avaliações elogiam os doces portugueses, em especial o pastel de Belém, que tem versões vegana e zero, o café e o atendimento cordial, e uma situa a loja no shopping Boulevard. Uma avaliação reclama de comida fraca e gordurosa, café mal executado e preços elevados.
Baiúca;-1.44211864471436;-48.4859352111816;Especialidade: drinks. Avaliações descrevem um barzinho de bom custo-benefício para cerveja e conversa com amigos, com funcionários carismáticos e público variado. Há críticas ao espaço interno apertado, à comida, ao uso da calçada para vender churrasco e pizza com fichas e a não devolverem dinheiro quando a polícia fechou o local.
Baiuca das Meninas;-1.44215333461761;-48.459228515625;Especialidade: café. Avaliações curtas e positivas elogiam a torta salgada de frango, a comida e o bom tratamento recebido.
Bakana Lanches;-1.3992931842804;-48.4595909118652;Especialidade: lanchonete. Avaliações elogiam os hambúrgueres e sanduíches, saborosos, bem preparados e baratos, com suco natural grátis. Uma nota que o local fica escondido dentro do conjunto. Há reclamações fortes sobre o delivery: lanche frio e seco, atraso de cerca de duas horas e atendimento ruim pelo WhatsApp, com um caso de reembolso feito depois.
Bakery and Confectionery Santa Clara;-1.45491147041321;-48.475513458252;Especialidade: padaria, doces, café da manhã. Avaliações curtas e positivas, sem detalhes.
Bakery Fortress Humaita;-1.46038722991943;-48.4938888549805;Especialidade: padaria. Avaliações de tom misto. Elogiam o café da manhã com várias opções, o cuscuz, o salgado assado e a limpeza do ambiente. Há reclamações repetidas de funcionários rudes e mal-humorados, de café requentado, salgado massudo, espaço pequeno nos horários de movimento e cobrança por embalagem para levar.
Bakery Vera Cruz;-1.44155061244965;-48.4896469116211;Especialidade: padaria. Avaliações descrevem panificadora com boa variedade, pão e produtos frescos e preço em conta para a região, usada para café da manhã e lanche por quem trabalha por perto, podendo lotar. Há críticas à limpeza do ambiente, com pombos entre os clientes, a um suco e um croissant ruins e ao tamanho pequeno dos salgados.
Bali Jack Belém;-1.4449450969696;-48.4844932556152;Especialidade: hambúrguer. Avaliações elogiam hambúrgueres, pastéis bem recheados, espetos e churrasco, com preço acessível, porções generosas, preparo rápido e atendimento simpático. Vários relatam ter ido em casal para jantar. Há críticas à higiene: grelha na calçada perto de onde passa o caminhão de lixo, óleo com aparência suja e louças oleosas no almoço.
Balneario Curuperé;-1.27275454998016;-48.4721221923828;Especialidade: espanhola. Avaliações descrevem balneário rústico e bonito para banho de igarapé com família e amigos, com água limpa e gelada, cerveja gelada, música boa e comida saborosa. Citam cobrança de entrada. Há críticas a preços altos, porções com pouca proteína, garçons que demoram e erram pedidos, banheiros ruins e falta de acessibilidade para idosos.
Balneario Igaracoco;-1.10888308286667;-48.4241371154785;Avaliações descrevem balneário simples, familiar e aconchegante em meio à natureza, com água de banho bem gelada, estacionamento, preços em conta, chapa mista que rende, comida gostosa e bebida gelada. Um frequentador diz ir há dez anos. Há ressalvas sobre as ruas de acesso ruins e o espaço reduzido para mesas.
Balneário Restaurante Paraíso Verde;-1.45850300788879;-48.4184837341309;Avaliações de tom misto. Uma elogia o espaço para aniversário infantil, com recreação para crianças, som agradável, comida excelente e atendimento atencioso. Outra diz que as piscinas perto do centro são o único ponto positivo e critica comida cara, oleosa e sem sabor, exceto o peixe, e atendimento demorado por falta de garçons.
Bangalô Belém;-1.43078565597534;-48.4533462524414;Avaliações de tom misto sobre a hospedagem. Parte elogia limpeza impecável, café da manhã simples e completo com itens feitos na hora, acolhimento, custo-benefício e proximidade do BRT. Há reclamações graves: reserva cancelada por overbooking, funcionária e gerente descritas como grosseiras, quarto com baratas e cheiro de mofo.
Bar #VemTimbora;-1.39856398105621;-48.4341926574707;Avaliações elogiam o churrasco e o tira-gosto, o bom atendimento e dizem ser bom para beber com amigos e conversar. Há quem diga que a cerveja poderia ser mais gelada, enquanto outro a elogia, e que com muita gente o atendimento demora. Uma avaliação fala do lugar no passado, com saudade.
Bar Athenas Club;-1.43235778808594;-48.4518547058105;Especialidade: balada. Avaliações divididas. Há quem elogie o som ao vivo de rock dos anos 80 e diga sentir-se à vontade no lugar. Outras descrevem o ambiente como horrível e sujo, com banheiro muito ruim, chamando de pior bar de Belém. Uma avaliação diz apenas que era ótimo, no passado.
Bar Bistecão;-1.46506369113922;-48.4725799560547;Avaliações elogiam bastante o churrasco, descrito como delicioso e um dos melhores, e o atendimento. Há uma reclamação longa sobre pedido por aplicativo que atrasou muito e precisou ser cancelado, e um aviso de que o telefone para pedidos está desatualizado.
Bar Canto Da Saudade;-1.42580211162567;-48.4779281616211;Avaliações descrevem um lugar simples e sem frescura, de que os clientes gostam. Uma avaliação diz que o dono ou os atendentes são um pouco desorganizados.
Bar Carimbó;-1.44809150695801;-48.4656143188477;A única avaliação descreve como bar nostálgico de Belém, com atendimento maravilhoso.
Bar Clube do Rock;-1.40169882774353;-48.4601135253906;Avaliações descrevem bar underground e simples, sem frescura, voltado a quem gosta de rock, com música ao vivo, cerveja barata e bem gelada, bom tira-gosto e bom atendimento. Uma avaliação diz que é simples e serve para quem não tem muita exigência.
Bar da Carlinha;-1.43875312805176;-48.47216796875;Avaliações divididas. Elogiam a cerveja bem gelada, o churrasco e a qualidade com preço acessível. Outras dizem que o atendimento deixa a desejar, que o ambiente precisa melhorar e uma chama de muito caro com péssimo atendimento.
Bar da Castanheira;-1.42471820116043;-48.4689331054688;Avaliações descrevem bar pequeno e aconchegante com música flashback internacional dos anos 80 e 90 e decoração da época, cerveja gelada, tira-gosto de preço acessível e atendimento elogiado, lotando às sextas. Sobre higiene há opiniões opostas: uma elogia e outra pede melhora, inclusive nos banheiros.
Bar da Iris;-1.25295078754425;-48.4631195068359;Avaliações curtas e positivas, sem detalhes.
Bar da Katedral;-1.44456398487091;-48.4919471740723;Especialidade: drinks, música ao vivo. Avaliações descrevem espaço amplo ao ar livre com pintura psicodélica, música ao vivo, bebidas baratas, vários pontos de venda, garçons circulando e opções de comida, com pequena taxa de entrada. Elogiam ambiente e atendimento ágil. Há críticas à limpeza e estrutura do banheiro, à falta de estacionamento e uma acusação de bebida falsificada.
Bar Da Loura;-1.4253808259964;-48.4663543701172;Avaliações curtas e positivas, sem detalhes.
Bar da Residencia;-1.45328330993652;-48.4740104675293;Avaliações mistas descrevem casa noturna pequena e estreita. Há elogios ao atendimento, à limpeza dos banheiros, à batata frita, aos preços e ao público. Há reclamações de superlotação, refrigeração ruim, bebidas caras, falta de gelo, atendimento péssimo, favorecimento na entrada, falta de saída de emergência e barulho para a vizinhança.
Bar Da Toca Do Leão;-1.47082448005676;-48.4923896789551;Avaliações curtas e positivas, sem detalhes.
Bar Das Devassas;-1.47149574756622;-48.4848899841309;Avaliação curta e positiva, sem detalhes.
Bar do Alair;-1.4566308259964;-48.4502067565918;Avaliações curtas e positivas citam bebida gelada e ambiente bom para levar amigos.
Bar do Ary;-1.44789659976959;-48.4632949829102;Avaliações descrevem bar com bilhar, climatizado e organizado, bom para conversar com amigos. Elogiam cerveja gelada, recepção, atendimento e custo-benefício. Uma avaliação diz que havia poucas opções de petiscos.
Bar Do Aurélio;-1.39855003356934;-48.4825096130371;Avaliações descrevem ambiente simples, aconchegante e acolhedor, bom para assistir jogos na TV e encontrar amigos sem confusão. Elogiam cerveja bem gelada, bom preço e atendimento. Um avaliador diz frequentar há quase trinta anos.
Bar do Belga;-1.25255560874939;-48.4620552062988;Avaliações descrevem ambiente calmo e familiar à beira da Praia do Amor, sem música alta. Elogiam a comida saborosa, a chapa que serve quatro pessoas e o custo-benefício, embora uma ache um pouco caro. Há crítica ao atendimento superficial dos garçons e à cobrança de 10% como se fosse obrigatória.
Bar do Biano;-1.46388685703278;-48.4825057983398;Há uma única avaliação, em que o cliente diz ir ao local para beber e ver as garotas.
Bar do Bigode;-1.44243907928467;-48.4639091491699;Avaliações descrevem bar para encontrar amigos no fim do dia e assistir jogos, parada tradicional de torcedores do Paysandu antes e depois das partidas. Elogiam o churrasquinho barato, a cerveja gelada e o atendimento.
Bar do Bitoca;-1.30231094360352;-48.4821968078613;Avaliações descrevem bar aberto que fecha a rua, com clima de bagunça divertida e samba aos domingos. Elogiam a cerveja muito gelada. Há reclamação de atendimento péssimo, banheiro sem higiene e cerveja servida em balde com pouco gelo. Outras avaliações são curtas ou neutras.
Bar do Bragança;-1.43900126218796;-48.4635887145996;Avaliações elogiam cerveja muito gelada, atendimento, música paraense, petiscos e salgados em porções grandes e preço justo, descrevendo bom lugar para conversar com amigos. Uma avaliação critica o espaço pequeno, que fica desconfortável com pessoas fumando.
Bar do Carvalho;-1.43937128782272;-48.4645652770996;Avaliações curtas e positivas. Uma descreve o ambiente entre as ruas e embaixo das árvores, em clima underground, e outra cita Heineken a 10 reais.
Bar do Ceará;-1.44792997837067;-48.4636421203613;Avaliações dizem que o lugar também é conhecido como Bar e Mercearia do Nunes. Elogiam atendimento, cerveja gelada, tira-gostos, música variada e ambiente agradável para se divertir com amigos, onde os frequentadores se conhecem e são receptivos.
Bar do Cerpinha;-1.29868066310883;-48.4628410339355;Avaliações descrevem bar para encontrar amigos e assistir jogos tomando cerveja gelada, apontado como um dos melhores da COHAB. Uma cita que fica no fim de linha de transportes.
Bar Do Daniel;-1.42903554439545;-48.4452209472656;Avaliações curtas e positivas, sem detalhes. Uma menciona uma árvore centenária.
Bar do Dodô;-1.34447252750397;-48.4582252502441;Avaliações descrevem ambiente agradável e familiar, bom para conversar e reunir amigos e família, com pessoas alto astral. Uma avaliação afirma que o bar não existe mais.
Bar Do Fiel Jr;-1.38301992416382;-48.4575080871582;Avaliações divididas. Uma elogia o litrão bem gelado e o atendimento, para beber com amigos ou sozinho. Outra, de vizinho, reclama de muito barulho sem hora para fechar e diz ter passado mal por quatro dias com a comida.
Bar do Galego;-1.46852993965149;-48.4602508544922;Avaliações curtas citam lugar para dançar, beber cerveja e preço em conta. Uma avaliação afirma que o local não funciona mais como bar e hoje é uma residência.
Bar Do Gato;-1.45910042524338;-48.4624786376953;Avaliações descrevem bar simples e familiar, frequentado por moradores e amigos, citado como o melhor ambiente do Montepio. Opiniões divergem sobre o dono, visto como honesto e amigo por uns e criticado por outro, que também reclama de cerveja quente e copos sujos. Mencionam venda fiado.
Bar do Gugu;-1.45940756797791;-48.4758262634277;Especialidade: brasileira. Avaliações descrevem boteco e restaurante com música ao vivo e roda de samba, porções bem servidas e preço justo, com destaque para a posta de dourada frita e o camarão empanado na tapioca. Há uma reclamação forte de peixe seco e frio, vinagrete estragado e cabelo na comida, e outra de cerveja pouco gelada. Banheiro elogiado como limpo.
Bar Do Japonês;-1.32832992076874;-48.4682273864746;Avaliações curtas e positivas, uma delas elogia o clima do lugar.
Bar do Jorge;-1.4747141;-48.4599242;Avaliações descrevem bar perto do primeiro portão da UFPA, ponto tradicional de confraternização universitária, com mesas na rua e sempre cheio de estudantes. Elogiam cerveja barata e gelada, música e TV para jogos. Uma diz que é lugar para beber com amigos sem olhares sobre você. Há uma avaliação que classifica como regular.
Bar do Max;-1.42351901531219;-48.4758987426758;Avaliações descrevem bar raiz, familiar e tranquilo, com telão de videoclipes e repertório de rock e hits dos anos 60 a 90. Elogiam cerveja gelada e barata, tira-gostos, atendimento e a ausência de taxa de 10% ou couvert. Um cliente diz que o dono protege os clientes de pessoas que importunam as mesas.
Bar do Mineiro;-1.44273591041565;-48.4663505554199;Avaliações descrevem ambiente simples e agradável, com pratos feitos variados, bem servidos e a bom preço, petiscos e cerveja gelada. Citam música ao vivo em alguns dias, bom atendimento e presença de torcedores do Remo em dia de jogo. Bom para reunir amigos.
Bar do Negão;-1.3679433465004;-48.429443359375;Avaliações curtas elogiam atendimento, cervejas muito geladas e ambiente ventilado. Uma cita que toca muito rock doido e outra menciona que o asfalto ainda não chegou ao local.
Bar Do Ney;-1.43843233585358;-48.4647254943848;Avaliações descrevem lugar aconchegante, agradável e familiar, sem bagunça, com bom atendimento, dono simpático, bebida gelada e bom preço. Uma cita que as mesas ocupam a calçada.
Bar Do Olhão;-1.39852774143219;-48.4321479797363;Avaliações curtas citam local familiar, músicas boas, bom preço e cerveja gelada. Uma diz que só vende cerveja.
Bar Do Orlando;-1.37670743465424;-48.4507446289062;Avaliações mistas. Elogiam a comida e o churrasco, o atendimento rápido e a cordialidade do dono, em ponto dentro de uma feira movimentada no Benguí. Há reclamação de um balconista ignorante e mal-educado e uma avaliação que chama a visita de péssima.
Bar do Ozair;-1.41104030609131;-48.4253540039062;Especialidade: balada. Avaliações curtas e na maioria positivas, descrevendo o lugar como uma sede para curtir onde toca de tudo. Há uma reclamação pedindo melhoria nos banheiros.
Bar do Parque;-1.453100502491;-48.4941749572754;Especialidade: drinks. Avaliações elogiam a localização central em praça revitalizada ao lado do Theatro da Paz, o ambiente ao ar livre, a música ao vivo, a comida e o café. Há ressalvas sobre porções pequenas para o preço, cerveja pouco gelada, serviço apenas razoável e cobertura insuficiente para a chuva. Parece servir para drinques e petiscos ao ar livre.
Bar do Paxica;-1.47201579809189;-48.4802703857422;Avaliações curtas e positivas, citando o lugar como bom para relembrar os velhos tempos e elogiando o dono como amigo.
Bar Do Pc;-1.29377120733261;-48.480052947998;Avaliação curta e positiva, sem detalhes.
Bar do Pixito;-1.46024453639984;-48.4883499145508;Avaliações elogiam os preços baixos, as porções bem servidas, a música e o samba, e o filé de filhote empanado da casa. Há reclamações de pouco camarão em um prato, de funcionários desatentos ao telefone e de demora nos tira-gostos. Comentam que o espaço é pequeno e que as mesas de fora são melhores.
Bar do Regis;-1.37472838163376;-48.4416007995605;Avaliações elogiam a cerveja bem gelada com variedade de marcas e bom preço, o atendimento, a comida com churrasco e lanches e a música para todos os gostos em ambiente ao ar livre. Descrito como bom lugar para levar os amigos para uma resenha.
Bar Do Richard;-1.4205955862999;-48.4779853820801;Avaliações descrevem um bar animado e tranquilo para conversar tomando cerveja bem gelada, com músicas do passado tocando, e apontam a segunda-feira à noite como o melhor dia. Elogiam o dono como atencioso. Há tom de bar de bairro frequentado por conhecidos.
Bar Do Rock;-1.46706104278564;-48.4685897827148;Avaliações descrevem um barzinho temático de rock, bem frequentado, com cerveja gelada, litrão barato, sanduíches bons e atendimento elogiado. Dizem que serve tanto para começar quanto para terminar a noite. Há crítica pedindo melhoria na iluminação e no ambiente.
Bar do Tomé;-1.43298310041428;-48.4618949890137;Avaliação curta e positiva, dizendo que é um lugar gostoso de estar.
Bar do Val;-1.47093778848648;-48.4924583435059;Avaliações descrevem um local agitado e movimentado, com cerveja gelada a preço acessível e atendimento elogiado, indicado para quem curte agitação. Uma avaliação diz que só funciona em determinados dias e que está sempre lotado quando abre.
Bar do xareu;-1.31032049655914;-48.4776191711426;Avaliações curtas e positivas, sem detalhes.
Bar Do Xicó;-1.46180164813995;-48.4619369506836;Avaliações curtas, na maioria positivas, citando o lugar como bom para dançar, se divertir e tomar cerveja gelada. Uma avaliação o considera apenas razoável.
Bar Dois Irmaos;-1.46296358108521;-48.500789642334;Avaliações curtas, na maioria positivas e uma regular, sem detalhes.
Bar dos Aposentados;-1.37716829776764;-48.4374847412109;Avaliações descrevem um bar simples e casual, com cerveja bem gelada, preços acessíveis, boa música, gente animada e um churrasco que funciona junto ao bar. Uma avaliação considera o churrasco apenas razoável pelo preço baixo e a higiene do local questionável.
Bar e convêniencia santos;-1.41081655025482;-48.4678382873535;Avaliações descrevem um ambiente popular, com músicas populares e gente da comunidade, onde vizinhos e amigos se encontram nos fins de semana. Há reclamação de que é muito barulhento e não deixa os vizinhos dormirem.
Bar e Lanchonete J.SA;-1.4158022403717;-48.4657859802246;Avaliações descrevem um bar antigo, simples e aconchegante, com bebida boa e barata, lanches e petiscos, música e atendimento em geral elogiado. Há reclamação de vizinho sobre caixa de som alta o dia todo, uma crítica a limonada azeda e atendente de má vontade, e um aviso para evitar dias de clássico Remo x Paysandu.
Bar e Restaurante Colunas;-1.24210649728775;-48.4517631530762;Avaliações elogiam o ambiente familiar e tranquilo de frente para a praia, e algumas a comida bem servida e o atendimento. Há várias reclamações fortes de demora de até duas ou três horas nos pedidos, porções pequenas para o preço, comida oleosa e talheres sujos. Tom bastante dividido.
Bar e Restaurante da Fiel;-1.44495725631714;-48.4606056213379;Avaliações elogiam a comida caseira saborosa e barata, feita na hora, o atendimento atencioso, as bebidas geladas e o fato de não cobrarem cover nem 10%. Há queixas de demora, de peixe vendido como filé que veio com espinha e de só haver água mineral. Parece servir para almoço e tira-gostos.
Bar e Restaurante Divino Sabor;-1.3965231180191;-48.433723449707;Especialidade: drinks. Avaliações elogiam o sabor da comida, o cardápio e o ambiente aconchegante, indicado para família e amigos. Há reclamações de muita demora, atendimento que oscila entre bom e ruim e de um pedido que não foi entregue como combinado.
Bar e Restaurante do Gaúcho;-1.377685546875;-48.4418754577637;Avaliações elogiam a comida e o churrasco, com destaque para a picanha, a música ambiente, o atendimento e o local considerado seguro para ir com a família. Uma avaliação diz que o pedido não chegou tão rápido.
Bar e Restaurante Do Kiko;-1.44429767131805;-48.469066619873;Avaliações elogiam a comida caseira, o churrasco, o feijão e a farofa, os preços baixos e o atendimento. Descrevem como bar e restaurante de pratos simples e populares, boa opção para uma refeição. Uma avaliação menciona que não há estacionamento.
Bar e Restaurante do Louro;-1.40383279323578;-48.4350166320801;Avaliações elogiam a cerveja gelada, o atendimento, os tira-gostos e o preço justo, descrevendo o bar como muito aconchegante.
Bar e Restaurante Dupará;-1.46405673027039;-48.499340057373;Avaliações elogiam a comida bem servida, a caldeirada e o espaço aconchegante, e há cliente antigo satisfeito com atendimento e preços. Há críticas a música alta demais para conversar, preços considerados caros, bebidas quentes e banheiros ruins. Uma avaliação relata que a proprietária foi grosseira e expulsou clientes após questionarem um valor da conta.
Bar E Restaurante Gera Samba;-1.40201789140701;-48.4315948486328;Avaliações descrevem um bar popular de comunidade, muito animado, com música em volume alto e cerveja bem gelada, que lota inclusive às segundas-feiras. A comida é vista como acessível, com opiniões entre excelente e podia ser melhor, e há crítica aos talheres servidos todos juntos na mesma bandeja.
Bar e Restaurante Koisinha Boa;-1.25624704360962;-48.4677124023438;Avaliação curta e positiva, elogiando o serviço.
Bar e Restaurante O Dedão;-1.43488371372223;-48.4642677307129;Avaliações curtas e positivas, sem detalhes.
Bar E Restaurante Sabores Da Amazônia;-1.46675050258636;-48.4977912902832;Avaliações descrevem ambiente simples com comida gostosa e elogiam a caldeirada de filhote com camarão rosa, servida fresca mesmo tarde no domingo. Há uma reclamação de má organização, com itens do pedido que não chegaram, embora a comida tenha agradado.
Bar e Restaurante Toca da Santana;-1.47011256217957;-48.483570098877;Especialidade: drinks. A única avaliação com texto é de alguém que não costuma frequentar o local e diz apenas que a cerveja é bem gelada.
Bar e Restaurante Todo Mundo;-1.43188381195068;-48.4859466552734;Avaliações divididas. Parte elogia a comida caseira, com carnes, peixes, açaí com dourada frita e leitão guisado, o preço acessível e a marmita para viagem. Outras reclamam de demora mesmo em pedido simples, batata encharcada de óleo, frango de gosto ruim e ambiente quente.
Bar e Restaurante Yuri;-1.47017049789429;-48.4587631225586;Avaliações descrevem restaurante de bairro no Guamá com cardápio variado, bom custo-benefício, peixe frito elogiado e entrega que chega até a UFPA. Famílias dizem ter sido bem atendidas. Há uma reclamação de pedido por mensagem que demorou 1h30 e de falha na comunicação.
Bar e Restô da Drika;-1.50830638408661;-48.4915924072266;Avaliações muito positivas descrevem um restaurante de ilha para comer, relaxar e tomar banho de rio, menos lotado que o Combu. Elogiam o filhote e o peixe na brasa, o açaí batido na hora, a cerveja gelada, os preços acessíveis e o atendimento acolhedor, que faz o cliente se sentir em casa.
Bar e resto da nety;-1.43117463588715;-48.4511337280273;Avaliações elogiam a comida saborosa e bem temperada e o atendimento educado. Uma descreve ambiente aberto, não climatizado, com muitas opções de acompanhamento, em que se paga apenas a proteína.
Bar Goteirao;-1.46293556690216;-48.4777145385742;Avaliações curtas, entre positivas e regulares, sem detalhes. Uma diz que é uma parada para tomar cerveja às sextas-feiras.
Bar Maramba's Beer;-1.40380990505219;-48.4443321228027;A maioria das avaliações é curta e positiva, sem detalhes. Uma avaliação longa critica a localização, a cobrança de ingresso, a cerveja pequena cara e quente, o pagamento a cada pedido e os tira-gostos caros e sem novidade.
Bar Marinhos;-1.42955875396729;-48.4581642150879;Avaliações elogiam a cerveja gelada, o tira-gosto, a caipirinha e a música ao vivo, e uma o chama de melhor bar da 25 de Setembro. Há uma crítica ao atendimento, dizendo que a comida é boa, exceto o churrasco, mas que não recomenda ir.
Bar Maués;-1.46923208236694;-48.4996337890625;Avaliações descrevem um bar simples e popular do Jurunas, aconchegante e familiar, com bom atendimento e clima descontraído para assistir a jogos e ouvir rock e MPB. Uma das avaliações fala de carros e não tem relação com o bar.
Bar Momentum;-1.4080399274826;-48.4532318115234;Avaliações curtas são positivas. As mais longas dizem que o ambiente é agradável e a proposta é boa, mas criticam o atendimento de uma funcionária, descrito como desatento e de má vontade, a falta de itens do cardápio e a comida que deixa a desejar. Uma delas diz que só vale pela comodidade de esperar enquanto lava o carro.
Bar Ninho do Gavião;-1.43834125995636;-48.47216796875;Avaliações descrevem um bar para curtir a noite, com cerveja bem gelada, som e festas elogiadas. Uma avaliação elogia o bar mas diz que o banheiro precisa melhorar.
Bar Nosso Recanto;-1.45791006088257;-48.5058670043945;Avaliações descrevem um bar simples e tradicional do centro histórico, com mesas na Praça do Carmo, ambiente tranquilo para bater papo, cerveja gelada e bom atendimento. Elogiam a unha de caranguejo, os salgados de camarão e os caldos. Algumas acham os salgados caros. Uma cita roda de música instrumental na praça na segunda sexta-feira do mês.
Bar O Marituba;-1.25283682346344;-48.4622764587402;Avaliações descrevem ambiente familiar e tranquilo, com vista e ventilação, preço bom e pratos feitos na brasa, elogiando filhote, camarão, picanha, leitão e sobremesas de bacuri. Avisam que a espera é longa por causa da brasa. Uma avaliação relata experiência péssima, com atendimento demorado e peixe sem sal que não parecia fresco.
Bar Palheta;-1.4251035451889;-48.4790153503418;Avaliações mistas. Parte descreve ambiente familiar, ponto de encontro de trabalhadores e peladeiros, com recepção calorosa e bons anfitriões. Outra parte diz que o lugar não é muito legal nem agradável. Uma avaliação sugere que também vende itens de uso do dia a dia para a vizinhança.
Bar Para Brasil;-1.47008001804352;-48.4883842468262;Avaliações descrevem um bar para reunir amigos, conversar, jogar bilhar e tomar cerveja bem gelada com tranquilidade, com gente simpática.
Bar Pimentel;-1.45935702323914;-48.4997329711914;Avaliações descrevem um bar simples e amistoso, considerado seguro e bom para dançar, com música ao vivo, sábados de vinil com clássicos nacionais, internacionais e regionais, cerveja muito gelada, petiscos e preço justo. Um vizinho reclama de som extremamente alto até as 5h da manhã.
Bar Resenha Pub;-1.47176647186279;-48.4552574157715;Avaliações descrevem ambiente agradável para ir a dois ou com amigos, com música ao vivo, atendimento elogiado, incluindo o gerente, e cerveja muito gelada e em conta.
Bar Restaurante Pizzaria Fenix;-1.45012432336807;-48.4725875854492;Especialidade: pizza. Avaliações curtas e positivas, sem detalhes. Uma chama o lugar de 14 Beer e outra o descreve como confortável.
Bar Salvador;-1.4635511636734;-48.4889602661133;Especialidade: lanchonete. Avaliações descrevem um bar raiz e clássico da Batista Campos, de cardápio simples e direto, com petiscos acompanhados de pão ou torradas e sanduíches. Os pratos de leitão e filé são muito elogiados e bem servidos, inclusive por turistas estrangeiros. Uma avaliação diz que o atendimento deixa um pouco a desejar.
Bar Seu Menino;-1.45656359195709;-48.4737663269043;Avaliações descrevem um bar tradicional, simples e familiar, dedicado a torcedores do Clube do Remo, que se reúnem para assistir aos jogos. Elogiam a cerveja muito gelada, o churrasco, o fácil acesso e o atendimento, e dizem que dá para ir sozinho ou em grupo.
Bar Suave Veneno;-1.46699702739716;-48.4765396118164;Avaliações elogiam o ambiente agradável, a cerveja bem gelada e o bom atendimento, e associam o lugar à torcida do Paysandu, chamando-o de bar do Papão.
Bar Tacada Certa;-1.4591703414917;-48.4971084594727;Avaliações curtas, na maioria positivas e uma apenas razoável, sem detalhes.
Bar The Beatles Yellow Submarine;-1.4620121717453;-48.5006675720215;Avaliações descrevem um bar temático dos Beatles, com decoração de discos e peças vintage e música tocada em vinil, de rock nacional e internacional a MPB, reggae e brega. Elogiam a cerveja gelada, os tira-gostos, o atendimento e os preços justos, e uma diz que é um local para todas as tribos.
Bar Zamorim;-1.45337998867035;-48.4599075317383;Avaliações descrevem um bar para se distrair à noite ouvindo música e dançando, com muitos casais dançando e baile da saudade. Elogiam a cerveja gelada, as bebidas em conta, o ambiente agradável e o bom atendimento.
Bar, Restaurante e Pousada Araras;-1.26778453588486;-48.5622291564941;Avaliações divididas. Parte descreve um lugar agradável e sem luxo na praia do Farol, em Cotijuba, perto do porto, com cabanas de palha, balanço para fotos e garçons atenciosos. Outras reclamam de comida ruim e cara, porções pequenas, atendimento ausente e cobrança insistente dos 10% do garçom.
Barão Bistrô;-1.45566093921661;-48.4636192321777;Avaliações descrevem um lugar acolhedor, limpo e tranquilo, com atendimento excelente e preço acessível. Elogiam o cardápio original e bem elaborado, as chapas, hambúrgueres e pizzas, a cerveja gelada e o delivery rápido.
Barão Bistrô Restaurante;-1.42858964204788;-48.4688987731934;Avaliações elogiam a comida, a maniçoba, os sucos de fruta e os petiscos do Comida di Buteco, descritos como originais e saborosos. Visitantes estrangeiros destacam a equipe simpática e disposta a ajudar quem não fala português.
Barão Pizzaria;-1.46769893169403;-48.4551010131836;Especialidade: pizza, lanchonete. Avaliações muito positivas chamam a pizza de a melhor do Guamá, com massa bem recheada, sempre quente, e preços acessíveis. Elogiam também o atendimento e os entregadores educados.
Barbatana;-1.44692331552505;-48.4863662719727;A única avaliação com texto parece escrita pelo próprio estabelecimento: fala em freezer com várias marcas de cerveja, dois barbeiros e, à noite de quarta a domingo, hambúrgueres variados (inclusive vegano), asa de frango e batata frita.
Barbecue Show;-1.40299463272095;-48.4838790893555;A única avaliação elogia a comida e os shows, mas reclama de banheiros em péssimo estado, falta de água para lavar as mãos, cerveja quente e vendedores de ficha mal educados.
Baron Club;-1.4524188041687;-48.487548828125;Especialidade: balada, japonesa (sushi), cervejaria. Avaliações curtas e positivas. Uma diz sentir falta de dançar no local e cita entrada grátis, bebidas baratas e ausência de pessoas inconvenientes incomodando. Outra diz que é bom para curtir as sextas com amigos.
Barone_restaurante;-1.45737743377686;-48.487190246582;Avaliações divididas. Parte descreve ambiente simples, com boa comida e variedade de opções. Uma avaliação longa reclama de demora de mais de meia hora, comida fria e requentada, porção pequena e preço alto para a qualidade.
Barraca Almeida;-1.13405632972717;-48.4635925292969;Avaliações divididas. Parte elogia o local aconchegante, a vista, o cardápio variado, o peixe frito e garçons prestativos. Outras relatam espera de mais de uma hora pela refeição, pedido diferente do prometido, demora para trazer a conta, valor final alto e garçom que disse ter acabado a cerveja mais barata enquanto ela era servida a outras mesas.
Barraca Balanço do Mar;-1.13411974906921;-48.4640197753906;Especialidade: drinks. Avaliações descrevem local movimentado e divertido, com pagode tocando o tempo todo. Há várias críticas: comida no máximo razoável, petiscos encharcados de óleo, música alta demais, dificuldade para ser atendido pelos garçons e um caso em que a máquina de cartão não funcionava e isso só foi avisado na hora de pagar.
Barraca da 13;-1.45345115661621;-48.5011329650879;A única avaliação com texto descreve como comida de rua imperdível de pratos regionais.
Barraca da Deuza;-1.4524233341217;-48.4956550598145;A única avaliação com texto elogia os preços e diz que tudo é muito gostoso, com destaque para a unha de caranguejo.
Barraca da Fafá;-1.45420169830322;-48.5016708374023;Avaliações descrevem uma barraca de rua tradicional no centro comercial, perto do Ver-o-Peso, com poucos banquinhos e movimento constante, mais cheia no almoço. Elogiam a comida paraense (maniçoba, tacacá, vataçoba), o custo-benefício e o atendimento rápido. Citam gasto em torno de R$45 por pessoa e dizem que não é lugar para relaxar, mas para conhecer a culinária local.
Barraca da Vovó;-1.15919786691666;-48.4713363647461;Avaliações muito positivas elogiam a comida caseira e de tempero leve, o peixe frito, os drinks, o atendimento e o custo-benefício. Descrevem lugar bonito para almoçar e descansar, com pôr do sol no fim da tarde.
Barraca Hawaii;-1.06732898950577;-48.3873443603516;Avaliações em maioria positivas descrevem lugar simples e limpo, com bela vista para o mar, filé de peixe com fritas elogiado, preço justo, banheiro bem cuidado e atendimento bom e rápido. Uma avaliação destoa e relata duas horas de espera sem conseguir almoçar.
Barraca Maria Do Ó;-1.07284051179886;-48.399528503418;Avaliações elogiam o restaurante pé na areia à sombra de árvores, o peixe frito, a macaxeira crocante, os preços e o atendimento simpático da dona e da equipe, além da praia limpa. Uma avaliação critica os acompanhamentos em pouca quantidade, o feijão aguado e diz que a chapa mista não vale o preço.
Barraca O Toda;-1.11462646722794;-48.430606842041;Avaliações positivas elogiam a comida saborosa e variada, as porções, os preços e o atendimento, descrevendo ambiente familiar. Uma avaliação recomenda para ver o pôr do sol em Mosqueiro e comer pastel.
Barraca Panorâmica;-1.11083692312241;-48.4276657104492;Avaliações elogiam a vista da Praia do Ariramba, o espaço amplo, aberto e tematizado, a música ao vivo, a comida e as bebidas bem geladas. Os preços são descritos como na média. Há ressalvas de que as porções poderiam ser maiores e de que o acesso à praia não é muito favorável.
Barraca Pinguim Sunset;-1.130315721035;-48.4530601501465;Avaliações elogiam a comida bem servida, o preço mais em conta que outros pontos da orla, a cerveja gelada e o atendimento atencioso. Destacam o DJ, a seleção musical e as telas para assistir a jogos. Uma avaliação chama de melhor bar e restaurante noturno de Mosqueiro, com público maduro e fiel. Bom para reunir amigos.
Barraca Point dos Amigos;-1.29261046648026;-48.4835891723633;A única avaliação com texto diz que fica na orla de Icoaraci, é bastante familiar, tem música ao vivo no fim da tarde e excelente atendimento.
Barraca Ponto De Encontro;-1.13388967514038;-48.4615745544434;Avaliações curtas e positivas, sem detalhes sobre a barraca. Uma elogia a praia.
Barraca Pôr do Sol da Ilha;-1.13403624296188;-48.4630393981934;Avaliações divididas. Parte descreve ambiente calmo e familiar, mais afastado na Beira Mar, com porções bem servidas, banheiro limpo, música boa e preço razoável. Há reclamações fortes de demora de horas para servir, mesas atendidas fora de ordem, tratamento ruim e prato queimado. Uma avaliação recomenda pedir cedo porque a comida costuma demorar.
Barraca Rosinhas;-1.07366740703583;-48.4017219543457;Especialidade: brasileira. Avaliações muito positivas descrevem restaurante rústico na praia do Marahu, com dois ambientes, redes, piscina, bilhar, parquinho infantil, chuveiros e estacionamento gratuito. Elogiam o peixe frito, a comida variada a preço justo, os banheiros limpos e o atendimento, inclusive na areia. Indicado para passar o dia em família.
Barraca São Jorge;-1.16820102930069;-48.4710235595703;Avaliações curtas e positivas elogiam o atendimento, a comida e as bebidas bem geladas, e falam em diversão garantida.
Barraca TONY Lanche Mosqueiro;-1.13164180517197;-48.455078125;Avaliações divididas. Parte elogia a comida bem temperada e servida rápido, o atendimento simpático, a música agradável e a vista para a praia. Outras reclamam de espera de mais de uma hora e meia, comida fria, carne diferente da pedida, garçonete que não trouxe a bebida e preços de sanduíches e sucos acima da qualidade.
Barracao Nossa Senhora da Conceicao Quadra do Xavante;-1.26344168186188;-48.5614318847656;A única avaliação não descreve o lugar: o autor diz apenas que mora ali e por isso deu nota máxima.
Batista Campos Churascaria;-1.4656298160553;-48.4894027709961;Duas avaliações curtas: uma fala em atendimento regular e sem sofisticação, a outra diz que o serviço é bom.
Bazar do Pão;-1.46269130706787;-48.5003089904785;Especialidade: padaria. Avaliações divididas sobre esta padaria. Parte elogia os pães, os preços acessíveis, a área tranquila e atendentes educados e prestativos, embora haja pouca variedade de bolos. Há reclamações de péssimo atendimento a um grupo, confusão sobre o café não constar no cardápio, misto quente mal tostado e café de qualidade duvidosa.
Bee Patisserie Boulangerie;-1.44101095199585;-48.4927520751953;Especialidade: padaria, doces, café. Avaliações elogiam o ambiente bonito e confortável, com música agradável e mesas espaçosas, bom para passar a tarde trabalhando com um café. Destacam doces, croissants e o atendimento atencioso. Há crítica forte ao custo-benefício: porções consideradas pequenas demais para o preço.
Beer League;-1.09841984510422;-48.4001998901367;Avaliações descrevem um pub agradável para tomar cerveja, com destaque para a variedade e as cervejas artesanais. Elogiam o atendimento rápido, a música boa e dançante e o clima de conversa. Uma avaliação se refere ao lugar como hotel.
Beijo de Moca;-1.46420228481293;-48.4960556030273;Avaliações elogiam a comida caseira e bem servida, com destaque para a unha de caranguejo feita na hora e o peixe com arroz de jambu. Citam serviço excelente, atendimento exemplar de uma funcionária e local bem organizado, na entrada do Espaço São José Liberto.
Beiju Xica;-1.45519042015076;-48.4905815124512;Avaliações descrevem um espaço pequeno e bem aproveitado, com decoração e iluminação muito elogiadas, atendimento atencioso, drinks criativos e comida saborosa. Há ressalvas: não tem ar-condicionado e à noite os mosquitos incomodam, e um cliente relata que numa visita a comida veio fria e o arroz com pouco sabor.
Belém Hostel;-1.4500167965889;-48.4954299926758;Avaliações são mistas. Elogiam a localização central, a equipe simpática, as redes, o café da manhã incluso e o clima amigável. Há reclamações de reserva de quarto repassada a outro hóspede, de equipe que não fala inglês, de um passeio cancelado que nunca foi reembolsado e de desorganização sobre quem administra o lugar.
Belém Pizza;-1.44732892513275;-48.4618110656738;Especialidade: pizza. Avaliações divididas: uma reclama que a entrega não trouxe o troco e que a devolução prometida por pix não foi feita depois de uma semana, outra diz que a pizza é deliciosa e o atendimento ótimo.
Bella Triunfo;-1.43879806995392;-48.4532012939453;Especialidade: padaria, doces. Avaliações elogiam os pães quentinhos, salgados, doces e lanches, os preços e o atendimento, e chamam de melhor padaria do bairro do Marco. Há uma denúncia grave de objeto estranho, parecido com excremento de roedor, encontrado dentro de uma empada, e uma queixa de que não há cozinha para sanduíches.
Belle Époque Brasil;-1.45324397087097;-48.4875640869141;Especialidade: doces, padaria. Avaliações descrevem uma confeitaria com espaço aconchegante para sentar e degustar, elogiando os bolos, em especial o amanteigado, a qualidade dos produtos e o atendimento impecável.
Bem-Cafeinado;-1.44569957256317;-48.4928512573242;Avaliações descrevem uma loja de cafés especiais da Amazônia e de outras regiões do Brasil, com degustação de café coado (sem espresso), muita informação sobre os grãos e venda de outros produtos. Elogiam o atendimento simpático e acolhedor e a curadoria com discurso e prática de sustentabilidade.
Bendita Gula;-1.46662211418152;-48.4893608093262;Especialidade: doces. Avaliações divididas: duas elogiam o empadão, com massa e frango bem temperado, o atendimento e a qualidade, e uma reclama de péssimo atendimento, dizendo que não respondem no WhatsApp.
Bentô;-1.4292374;-48.4611878;Especialidade: japonesa (sushi), japonesa. Avaliações são mistas. Elogiam o atendimento, o temaki de atum e camarão bem recheado e o hossomaki de salmão. Há críticas à porção de sushi considerada pequena, ao cheiro de fritura que fica na roupa por falta de exaustor e, em uma avaliação, ao missoshiro e ao yakisoba, descritos como ruins e com gosto de requentado.
Bento Café Gastrobar;-1.44506573677063;-48.478328704834;Avaliações elogiam o café, o sushi e o trabalho do barista, além do ambiente e do atendimento educado e gentil. Uma das avaliações é um texto sem relação com o lugar.
Bentô Sushi 'n Box;-1.45553910732269;-48.4898681640625;Avaliações elogiam o atendimento, o ambiente e o sushi, com destaque para a peça com queijo do Marajó, e citam muitas opções vegetarianas. Uma avaliação diverge: achou o arroz com camarões caro e sem sabor, o sushi apenas regular e o pedido por tablet lento, e diz que não vale o preço.
Ber Burger;-1.33872592449188;-48.4358863830566;Especialidade: hambúrguer. Avaliações curtas e positivas. Uma elogia a pontualidade da entrega e o lanche que chega quentinho.
Berg's Burg;-1.37660217285156;-48.4362602233887;Especialidade: hambúrguer. Avaliações elogiam os hambúrgueres e a pizza, bem recheados e com bom custo-benefício, e o ambiente aconchegante com área interna e externa, temática de floresta e música ao vivo em alguns dias. Também servem drinks. Críticas pontuais: demora no pedido mesmo com pouco movimento e lanche que desmonta por falta de embalagem.
Betel lanches;-1.42174434661865;-48.475341796875;Especialidade: hambúrguer. Avaliações descrevem uma lanchonete de bairro acima da média, com muitos lanches no cardápio, sucos elogiados e entrega no prazo. O ambiente não é refrigerado, tem ventiladores e mesas em área coberta, e fica aberto de madrugada. Há uma crítica ao atendimento, que não responde sobre o andamento dos pedidos.
Bia Biscoitos Decorados;-1.44697457551956;-48.4860534667969;Especialidade: padaria, doces. Avaliações elogiam os biscoitos, as embalagens, o café e o atendimento, e citam um painel para fotos. Há críticas: o preço é considerado alto, o horário real de fechamento seria mais cedo que o informado, e uma cliente relata ter se sentido insegura quando um homem entrou abordando clientes, além de atendimento demorado e doce enjoativo.
Big brother bar;-1.34068322181702;-48.4773025512695;Avaliações descrevem um bar no Tapanã conhecido como BBB, para quem gosta de ficar até amanhecer, com festas e DJs, variedade de cervejas e bom preço. Dizem que o domingo é o dia de maior movimento. Uma avaliação é negativa, dizendo que a melhor coisa foi ter saído de lá, sem explicar o motivo.
Big It Pizzaria e Restaurante;-1.3281809091568;-48.476203918457;Avaliações divididas: uma diz que a pizza é ótima e outra reclama de ter pedido e pago sem nunca receber.
Big Japa;-1.29766041040421;-48.4896812438965;Especialidade: japonesa. Avaliações são mistas. Elogiam a comida japonesa de preço acessível, os combos, o ambiente aconchegante e climatizado e a entrega, chamando de melhor sushi de Icoaraci. Há críticas à demora de cerca de 45 minutos, à taxa de serviço de 10% num local pequeno, à falta de suco natural e à queda de qualidade, com temaki só de arroz.
Big John Delivery;-1.42646938562393;-48.4691963195801;Especialidade: hambúrguer. Avaliações elogiam muito os hambúrgueres, os molhos, em especial o de alho, e a batata chips de fabricação própria, além da entrega que chega antes do previsto. Tratam o lugar como delivery, e um cliente comenta que deveria ter loja física. Há uma crítica de que o atendimento só funciona por mensagem e não atende ligação.
Big Lanches Pizzaria;-1.45581787824631;-48.460823059082;Especialidade: pizza, hambúrguer. Avaliações são divididas. Parte elogia os lanches e as pizzas bem recheadas, com preço acessível, e chama de melhor pizzaria familiar de Canudos. Outra parte reclama de pizza entregue com um buraco coberto por calabresa, atendente do caixa grosseira, atendimento ruim pelo WhatsApp e espera de 3 horas com lanche frio.
Big Mengão - Mundurucus;-1.45804005861282;-48.4822235107422;Especialidade: lanchonete. Avaliações curtas e positivas em sua maioria, sem detalhes. Uma avaliação é bem negativa: relata mau atendimento, comida ruim e que o dono bloqueou o cliente no WhatsApp ao tentar fazer um pedido.
Big X Picanha;-1.45774912834167;-48.4945983886719;Especialidade: fast-food. Avaliações curtas e positivas, sem detalhes.
Big X-Picanha;-1.37016904354095;-48.4458770751953;Especialidade: fast-food. Avaliações são todas negativas. Reclamam de comida ruim e cara, carne dura, gordurosa ou sem tempero, arroz duro e vinagrete sem sal. Há relatos de atendimento péssimo e de espera de mais de duas horas por um prato. Vários dizem ter se arrependido do gasto.
Bigas Lanches;-1.44289112091064;-48.4941940307617;Especialidade: lanchonete, fast-food. Avaliações são mistas. Alguns elogiam o X-Bigas, a batata frita, a maionese da casa, o serviço rápido e o espaço ventilado com estacionamento. Outros reclamam de lanche pequeno, ruim e caro, demora, atendimento péssimo, banheiros muito sujos e presença de baratas. Uma avaliação cita pula-pula no local.
Bira's Bar;-1.4445116519928;-48.4806823730469;Avaliações descrevem um bar simples, de mesas pequenas e sem cardápio, que serve um único prato: filé de peixe frito com farofa e vinagrete, muito elogiado. Elogiam também a cerveja gelada, o preço justo e o atendimento. A crítica recorrente é não aceitar cartão, só dinheiro. Citado como lugar icônico e bom para se reunir na simplicidade.
Bistrô Bicolor;-1.4449223279953;-48.4627342224121;Avaliações elogiam o atendimento, a cerveja bem gelada e o grill de fraldinha ou picanha, em local organizado. É citado como ponto de concentração de torcedores bicolores em dias de jogo. Uma avaliação considera a qualidade razoável.
Bistrô Café Club;-1.45162093639374;-48.4923973083496;Especialidade: café. Avaliações descrevem um café de ambiente bonito, aconchegante e climatizado, com wi-fi, ao lado de uma academia. Elogiam o omelete, o brunch com ovos mexidos, os pratos e a equipe simpática. Há críticas à demora para servir, a erro em pedido e no ponto da carne, e uma avaliação acha caro pelo que entrega.
Bistro D' Jambu;-1.42416769266129;-48.4673500061035;Avaliações elogiam a comida caseira e as refeições diferenciadas, o ambiente aconchegante e o atendimento, com menção à atenção da proprietária e chefe de cozinha. Descrito como local acessível e de fácil localização, frequentado para almoço diário.
Bistrô da clau;-1.36137557029724;-48.4487419128418;Especialidade: brasileira. Avaliações falam em refeição excelente, rápida e gostosa e em atendimento atencioso por telefone. Uma avaliação reclama que, na pressa, o pedido veio errado, com salada quando foi pedido sem.
Bistrô do Boneco;-1.44676923751831;-48.4690780639648;Avaliações descrevem ambiente simples e acolhedor, com comida saborosa, porções bem servidas e preço justo, com destaque para a moqueca e para a atenção do proprietário. Há crítica à demora dos pratos e um relato de atendente que informou não haver vaga e fechou a porta de forma indelicada. Não tem estacionamento.
Bistro e Boteco;-1.44610059261322;-48.4891967773438;Avaliações curtas elogiam a comida de sabores brasileiros, o serviço e o happy hour. Uma avaliação diz que o lugar e o serviço são bons, mas o polvo veio duro e a experiência decepcionou.
Bistrô República;-1.4525660276413;-48.4931144714355;Especialidade: brasileira. Avaliações são mistas. Elogiam o ambiente bonito e aconchegante e a educação dos atendentes, e parte acha a comida boa. Há várias reclamações de demora mesmo com a casa vazia, de pratos sem tempero ou diferentes do cardápio, de carne dura e seca e de preço alto.
Black Dog Pub Inglês;-1.44042146205902;-48.4834747314453;Avaliações descrevem um bar pequeno, animado e cheio, com banda ao vivo e cervejas, bom para depois que outros lugares fecham. Elogiam o ambiente e o público. Há críticas à pouca variedade de torneiras, ao preço da cerveja e à fila de 30 minutos para pagar. Um estrangeiro relata cobrança de bebida a mais na conta, retirada após reclamar, além de taxa da banda.
Black e White bar;-1.45563125610352;-48.4639167785645;Uma única avaliação, que elogia o atendimento, sem mais detalhes.
Blitz da Fome;-1.42417228221893;-48.4803924560547;Avaliações curtas e positivas, citando bom ambiente, bom atendimento e boa variedade.
BN Pub 10;-1.40124660730362;-48.4792823791504;Especialidade: hambúrguer. Uma única avaliação, que elogia os lanches e diz que sempre há novidades no cardápio.
Boa Pizza;-1.42530727386475;-48.4733505249023;Especialidade: pizza. Avaliações descrevem uma pizzaria simples e gostosa, com poucas opções de recheio e serviço rápido para comer no local. Uma avaliação diz que a pizza já foi melhor e que massa e recheio parecem ter mudado, mas que ainda vale pelo preço.
Boa ventura Bar & Restaurante;-1.39975994825363;-48.4401473999023;Avaliações descrevem uma lanchonete e restaurante simples e aconchegante, com boa comida, boa bebida e bom atendimento. São citados churrasco, chapa mista e pudim, servidos no almoço e no jantar.
Boadega;-1.45772707462311;-48.4875221252441;Avaliações descrevem uma loja de vinhos bonita e organizada, com ambiente agradável, atendimento excelente, boa variedade e preços acessíveis. Uma avaliação cita eventos de degustação e jantares com música e a possibilidade de fazer reuniões no espaço.
Boate e Motel Locomotiva;-1.41286087036133;-48.4737358093262;Especialidade: drinks, balada. Avaliações curtas e positivas, quase sem detalhes. Uma diz ter se divertido muito, mas que o serviço tem bastante a melhorar.
Bob's;-1.42229330539703;-48.4569511413574;Especialidade: fast-food, sorvete, hambúrguer. Avaliações são negativas. Reclamam de atendimento lento em dias de evento, de promoção do aplicativo não liberada no caixa, de sanduíche trocado e gorduroso, de lanche ruim e de pedido por aplicativo cancelado sem reembolso. Avaliadores citam que o quiosque fica no Hangar e atende quem participa de eventos.
Bob's;-1.4461624622345;-48.4897308349609;Especialidade: fast-food. Avaliações elogiam os sanduíches quentinhos e bem preparados, as sobremesas, as opções mais em conta e o atendimento rápido e simpático. Há críticas à falta de higiene, com bandejas sujas e batatas manuseadas sem luvas, e à tela pequena de chamada de pedidos, ruim para quem tem baixa visão.
Bob's;-1.45880699157715;-48.4949150085449;Especialidade: fast-food. Avaliações curtas e positivas, sem detalhes. Uma cita o milk-shake generoso.
Bob's;-1.43940436840057;-48.4837341308594;Especialidade: fast-food, hambúrguer, sorvete. Maioria das avaliações é curta e positiva, sem detalhes. Uma avaliação relata sanduíche estragado e menciona comentários de terceiros sobre falta de higiene nas máquinas de sorvete.
Bob's Brasil;-1.37094867229462;-48.4463577270508;Especialidade: fast-food, sorvete, hambúrguer. Avaliações curtas, em sua maioria positivas, sem detalhes. Uma classifica como regular.
Bob's Brasil;-1.43806397914886;-48.4669914245605;Especialidade: fast-food. Avaliações curtas e positivas, sem detalhes, citando o fast food e o milkshake.
Bob's Shake;-1.35951089859009;-48.4494438171387;Especialidade: fast-food. Avaliações elogiam o atendimento simpático e atencioso e a qualidade dos milkshakes. Há uma reclamação de pedido por aplicativo entregue incompleto e não resolvido pela loja.
Bob's Shake;-1.46252703666687;-48.4834327697754;Especialidade: fast-food. Avaliações descrevem uma pequena unidade de sorvetes e shakes da rede, com a qualidade habitual e atendentes simpáticas. Elogiam os milk-shakes. Há reclamações de que a unidade não aceita cupons da própria rede.
Bob's Shake;-1.4707442522049;-48.4588966369629;Especialidade: fast-food. Avaliações são mistas. Parte elogia o atendimento, a qualidade do sorvete, a limpeza e a organização do quiosque. Outras relatam atendentes rudes e recusa de venda sob alegação de atendimento encerrado ainda às 20h.
Bob's Shakes;-1.3586391210556;-48.4294700622559;Especialidade: fast-food. Uma única avaliação, que elogia o atendimento.
Bob's Shakes;-1.46067154407501;-48.4967231750488;Especialidade: fast-food. Uma única avaliação, que elogia o atendimento de uma funcionária.
Bob's Shakes;-1.43439555168152;-48.4838066101074;Especialidade: fast-food. Avaliações elogiam o atendimento atencioso e paciente das atendentes e os sorvetes.
Bob's Shakes;-1.44789040088654;-48.4611892700195;Especialidade: fast-food. A maioria das avaliações é de reclamação: atendimento grosseiro ou de má vontade, recusa de venda por falta de troco, cabelo no milk-shake com peso abaixo do anunciado e insistência em servir sorvete de baunilha. Uma avaliação elogia o atendimento e as opções de sorvete e milk-shake para depois das compras no supermercado.
Bob's Shakes - Shopping Grão Pára;-1.38935446739197;-48.4647369384766;Especialidade: fast-food. Avaliações elogiam o atendimento educado e bem-humorado no quiosque e a qualidade dos produtos. Uma reclama de milk-shake crocante que veio sem o crocante por distração de quem atendia.
Bobs Shakes - Shopping Pátio Belém I;-1.45685756206512;-48.4956512451172;Especialidade: fast-food. Avaliações sem conteúdo, trazem apenas um nome de pessoa ou uma palavra positiva.
Boçal Rock Burger;-1.30052477121353;-48.4834518432617;Avaliações curtas e positivas, sem detalhes.
Boemios bar;-1.11248797178268;-48.4279403686523;Avaliações descrevem bar na orla de Mosqueiro com vista bonita, vento, boa música e comida elogiada, fácil de estacionar. Uma elogia os coquetéis e outra o cantor dos sábados. Uma avaliação considera o bar comum e faz ressalva às cervejas.
Boi d'Ouro;-1.38651305437088;-48.4364738464355;Especialidade: churrasco. Avaliações curtas e positivas, sem detalhes.
Boi Novo Churrascaria;-1.43111318349838;-48.4591636657715;Especialidade: churrasco. Avaliações elogiam a carne, o serviço e também os peixes e a comida local. Uma sugere a visita depois do Jardim Botânico. As demais são curtas e positivas.
Bolo Caseiro;-1.44123136997223;-48.4665184020996;Especialidade: doces, padaria. Avaliações elogiam os bolos, com sabores como goiabada, macaxeira, chocolate, castanha e cupuaçu, além do brownie, da qualidade dos produtos e do atendimento.
Bolo de Chuva;-1.43541997671127;-48.4658317565918;Especialidade: doces, café. Uma avaliação elogia a variedade de doces e salgados e o espaço interno para sentar e se reunir, com a ressalva de que é difícil estacionar na avenida. As demais são curtas e positivas, sem detalhes.
Bolo e magia;-1.45984768867493;-48.4614639282227;Especialidade: doces, padaria. Uma única avaliação, que elogia os cursos e a professora.
Bolos do Cerrado;-1.44346994161606;-48.4885177612305;Avaliações elogiam bolos caseiros saborosos e, em parte, o atendimento e a entrega. Há reclamações de encomendas não cumpridas ou entregues com horas de atraso, de atendentes mal-humorados, de dificuldade de resposta pelo WhatsApp e de preços altos.
Bolos e Pães;-1.46742796897888;-48.465991973877;Especialidade: padaria. Avaliações elogiam os pães, descritos como frescos e macios, a qualidade dos produtos e o atendimento.
Bora Brocar Restaurante;-1.37753260135651;-48.4379577636719;A maioria das avaliações é negativa: atendimento ruim e mal-humorado, comida requentada ou queimada, porções pequenas para o preço, demora e problema com estorno de pedido feito pelo iFood. Uma avaliação elogia o tempero, os preços justos e os sucos.
Borba Café;-1.44919574260712;-48.4779624938965;Especialidade: café. Avaliações descrevem um café junto à livraria Travessia, bonito e tranquilo, bom para ler e conversar, com cafés, lanches e brunch bem servidos a preço justo e atendimento cordial. Ressalvas: espaço pequeno, fila de espera nos horários de movimento e ambiente frio.
Borges Grill;-1.42318975925446;-48.4760589599609;Avaliações elogiam o churrasco bom e barato, a picanha, a cerveja gelada, o ambiente limpo e o atendimento. Uma reclama de música extremamente alta até a madrugada.
Borracharia Silva;-1.45932650566101;-48.4757919311523;Uma avaliação afirma que o lugar não é mais uma borracharia. A outra é curta e positiva.
Bosque bar bistrô;-1.43917894363403;-48.4637031555176;Uma única avaliação, que elogia o atendimento.
Bosque de Pinheiros;-1.37181174755096;-48.4254760742188;Avaliações curtas e positivas, sem detalhes.
Bosque Sport Bar e Bowling;-1.39059114456177;-48.4664001464844;Avaliações curtas e positivas, sem detalhes.
Botecagem do Porco;-1.4424901008606;-48.4807624816895;Duas avaliações elogiam o atendimento, a comida e a música ao vivo, uma delas de quem foi em família. Uma relata péssima experiência, com música muito alta, atendente grosseiro e uma hora e meia de espera pela comida, embora saborosa.
Boteco 270;-1.42266917228699;-48.4722137451172;Avaliações citam pagode aos sábados, cerveja bem gelada, caipirinha e bom atendimento. Há críticas ao banheiro, insuficiente para o volume de clientes, e ao preço.
Boteco 866;-1.44738882780075;-48.4743804931641;Avaliações descrevem um bar para reunir amigos e assistir a jogos, apontado como ponto da torcida do Flamengo, com cerveja gelada, música boa, bom atendimento e preços em conta. Uma diz que falta estrutura.
Boteco Casa Amarela;-1.43169820308685;-48.4594879150391;Especialidade: espanhola, música ao vivo. Avaliações descrevem um boteco simples e tradicional do Marco, calmo, com música de pop rock nos fins de semana, mesas internas e externas, cerveja e petiscos a preço justo e pagamento na hora do consumo. Elogiam o prato do Comida di Buteco e o atendimento. Uma diz que o banheiro precisa de reforma urgente.
Boteco Da Anastácia;-1.42280542850494;-48.4690551757812;Avaliações descrevem um bar pequeno e aconchegante, com samba de raiz aos domingos, boa música, cerveja gelada, bom atendimento e a dona presente junto ao público. Uma define o lugar pela palavra ancestralidade. Ressalva: não tem estacionamento.
Boteco da Ilha;-1.49187684059143;-48.4740142822266;Especialidade: brasileira. Avaliações elogiam a comida, a vista da cidade e o atendimento. Uma diz que gostou do cardápio mas não conseguiu experimentar.
Boteco Da Lene;-1.4385849237442;-48.4539108276367;Avaliações elogiam o ambiente com música ao vivo nos fins de semana, as bebidas geladas e o ótimo atendimento. As demais são curtas e positivas.
Boteco da Mata Belém;-1.40139043331146;-48.4582481384277;Avaliações descrevem bar rústico e acolhedor, com decoração ligada à natureza e música ao vivo, com destaque para o reggae de sexta com DJ, além de carimbó e brega. Elogiam o ambiente animado e a cerveja gelada, bom para reunir amigos. Há relato de casa cheia, fila grande nos banheiros e de ficar em pé para quem chega tarde. Uma avaliação cita reabertura em novo espaço.
Boteco do Ajax;-1.46794939041138;-48.4786491394043;Avaliações curtas e em geral positivas. Uma descreve ambiente de padaria de bairro, sem espaço para comer no local, outra elogia a MPB que toca de manhã cedo e outra cita atendimento rápido e eficiente.
Boteco do antonio;-1.47120296955109;-48.4815902709961;Avaliações elogiam a cerveja gelada, a comida gostosa e barata, com destaque para o peixe frito bem servido, e o proprietário, descrito como gente boa, em um lugar para encontrar amigos. Há crítica ao piso, que traria risco de queda para quem quer dançar, e uma avaliação muito negativa de quem diz que não volta, sem explicar o motivo.
Boteco do Bacú;-1.46299546957016;-48.5007019042969;Especialidade: gastropub. Uma avaliação de visitante descreve lugar pequeno e acolhedor, fora do circuito turístico, e elogia o filhote na chapa com tucupi no almoço. As demais são muito curtas, a maioria positiva e uma classificando como regular.
Boteco do Barão Belém -Pará;-1.45567005872726;-48.4610328674316;A única avaliação com texto diz que é um bar recente, ainda sem referências, localizado em uma esquina com tradição de bares e casas de shows. O avaliador afirma que não é o seu gênero de diversão.
Boteco do Danone;-1.34174954891205;-48.4477043151855;Especialidade: drinks. Avaliações descrevem ambiente aconchegante, com bom atendimento, pessoas calmas e educadas, show ao vivo e boa vizinhança, indicado para quem gosta de uma boa resenha. Citam café com torradas e geleia de morango com pimenta. Um avaliador sentiu falta de caldinho de mocotó e de músicas mais clássicas.
Boteco do Fábio;-1.411940574646;-48.4750366210938;A única avaliação elogia os preços em conta e a grande variedade de bebidas.
Boteco do Homer;-1.33028644323349;-48.4362487792969;Especialidade: gastropub. Avaliações elogiam o ambiente aconchegante, a boa música, a cozinha, os caldos e tira-gostos, a variedade de cervejas artesanais e o chope bem gelado, além do atendimento. Há uma reclamação forte de espera de mais de duas horas e de pedido que veio errado, salgado, duro e queimado.
Boteco do Italiano;-1.35646164417267;-48.4535255432129;Avaliações citam pagode ao vivo, bons grupos musicais, cerveja gelada, preços acessíveis e entrada e estacionamento gratuitos. O atendimento é criticado por vários avaliadores, um deles chamando de péssimo. Há reclamações de segurança: um relato de assalto no local e outro de pedintes entrando e intimidando clientes sem ação dos seguranças.
Boteco do Jura;-1.47537732124329;-48.4749069213867;Avaliações descrevem restaurante flutuante e aberto, com vista para o rio e a Ilha do Combu, comida elogiada e bem servida para duas pessoas e cerveja gelada, bom para reunir amigos. Uma avaliação critica o atendimento, dizendo que os funcionários ficavam no celular e foi preciso ir ao balcão, e achou o petisco fraco, embora o ambiente seja agradável.
Boteco Do Neguinho;-1.30521428585052;-48.4731369018555;Avaliações curtas e positivas, descrevendo um lugar familiar, receptivo e de amigos.
Boteco do preto;-1.43756991624832;-48.4748802185059;A única avaliação elogia a comida, o bom atendimento e o preço, indicando o local para comer bem na Pedreira.
Boteco do Tavo;-1.30105298757553;-48.4687042236328;Avaliações elogiam o atendimento, a música boa, com música ao vivo às sextas, as comidas, com destaque para o bolinho de bacalhau frito na hora, e as bebidas geladas. Uma das avaliações afirma que o bar fica em Parauapebas.
Boteco do Zé;-1.43401789665222;-48.4630470275879;A única avaliação com texto elogia a cerveja gelada, o atendimento, o tira-gosto bom e barato e o som ao vivo com músicos de qualidade.
Boteco Espeto na Brasa;-1.40588223934174;-48.4532279968262;Especialidade: árabe (kebab). Avaliações descrevem churrasquinho servido na calçada, bem feito e com bom preço, em ambiente familiar e agradável para reunir família e amigos, com cerveja gelada. A maioria elogia a comida e o atendimento, mas há reclamação de que era preciso levantar e ir atrás dos garçons para pedir. Uma avaliação observa que o banheiro fica na parte interna e não tem acessibilidade.
Boteco The Sacanas;-1.30382144451141;-48.4873008728027;Especialidade: música ao vivo. Avaliações descrevem lugar simples mas acolhedor, com ambiente cuidado com carinho e vibe boa em eventos. Uma delas o chama de bar de rock mais legal de Icoaraci. As demais são curtas e positivas.
Boteco220;-1.46292221546173;-48.501220703125;Avaliações descrevem lugar simples, aconchegante e familiar, com pagode, música boa, cerveja bem gelada e tira-gostos bem servidos, com destaque para o peixe crocante, e preços no padrão. Recomendado para quem quer tranquilidade. Uma avaliação lamenta que encerre cedo.
Botequim;-1.45487725734711;-48.4795684814453;Especialidade: música ao vivo, balada. Avaliações muito curtas, sem detalhes, a maioria positiva e algumas classificando como regular.
Bougainville da Ilha;-1.507932305336;-48.4641075134277;Avaliações descrevem boa opção de almoço na Ilha do Combu, com comida gostosa, pratos bem servidos e ambiente agradável, indicada para quem busca tranquilidade. Uma avaliação reclama de muito calor no ambiente.
Box 52 da Osvaldina;-1.45095765590668;-48.502368927002;Avaliações elogiam a comida bem servida e bem temperada, com preço justo, citando o mix de filhote frito, camarão e charque que serve mais gente do que o indicado, o atendimento e a vista para a Baía do Guajará. Um avaliador achou o filhote um pouco salgado e o vinagrete ácido, e sentiu falta de sucos naturais.
Box Da Beth Ver O Peso;-1.4512392282486;-48.5028648376465;Especialidade: lanchonete. Avaliações elogiam o peixe frito e a vista para o rio, com as ilhas em frente e o movimento dos barcos. Uma avaliação diz que a comida é gostosa, mas reclama que vendem dourada dizendo ser filhote.
Box da Lúcia;-1.45096409320831;-48.5025863647461;Avaliações são mistas. Há elogios ao peixe, como o pirarucu frito com arroz, feijão e vinagrete, e ao atendimento mesmo com a casa cheia. Um cliente reclama de ter sido dispensado de forma grosseira perto do horário de fechamento, e outro relata cobrança considerada abusiva por uma tábua mista que não constava no cardápio e sem informação prévia de preço.
Box do Xaréu;-1.45130997896194;-48.5022315979004;A única avaliação com texto elogia o preço bom e o atendimento excelente e menciona foto 3 por 4 como referência em Ananindeua.
Box Grill;-1.29983067512512;-48.4749908447266;Especialidade: churrasco. Avaliações elogiam o ambiente com música ambiente, o atendimento, o tempo de espera e a comida bem temperada em boa quantidade para duas pessoas. Um avaliador diz que a picanha passou do ponto e que faltam opções de sobremesa. Uma cliente frequente reclama de queda de qualidade, com sopa servida com restos e delivery que nem sempre chega completo.
Brasileirinho Lanches;-1.43067276477814;-48.4588356018066;Avaliações divididas: parte chama de melhor hambúrguer de rua e melhor lanche de Belém, enquanto outras reclamam de atendimento péssimo e de qualidade ruim.
Bravê Gastronomia | Restaurante;-1.43397927284241;-48.4880714416504;Especialidade: churrasco. Avaliações mistas. Há elogios fortes às carnes, ao ambiente e à equipe atenciosa. Outras dizem que não entrega o que as redes sociais prometem, citam pagode muito alto, cadeiras desconfortáveis, camarão estragado, prato frio e salgado, preço alto e cerveja que acabou sem reposição.
Breja e Cia;-1.36621057987213;-48.4769439697266;Avaliações positivas citam música boa, DJ e música ao vivo, cerveja gelada, bom atendimento e boa localização no bairro. Sobre preço há divergência: uma fala em bom preço e outra em preços caros.
Brigaderie;-1.45494222640991;-48.4741973876953;Especialidade: doces. A única avaliação diz que nesse endereço funciona mais um ponto de venda do Bolo da Vovó.
Brisa Café;-1.45785903930664;-48.494945526123;Especialidade: café. Avaliações mistas sobre o café no subsolo do shopping Pátio Belém. Parte elogia preço razoável, espaço amplo, variedade e opções regionais como tapioca. Há reclamações repetidas de atendentes que ignoram ou tratam o cliente com deboche e de queda na qualidade da comida e do café.
Brisa's Bar e Restaurante;-1.25179672241211;-48.4609985351562;Avaliações descrevem bar e restaurante na Praia do Amor, em Outeiro, com ambiente bonito e um pouco barulhento. Elogiam o atendimento dos garçons, porções bem servidas e o peixe na chapa. A crítica mais repetida é aos banheiros, sujos e mal iluminados. Uma avaliação reclama de cerveja quente, atendimento péssimo e preço alto.
Bristol Marambaia Hotel;-1.40888065099716;-48.4461441040039;Avaliações de hóspedes elogiam quarto confortável apesar de apertado, boa cama e ducha, funcionários gentis, café da manhã variado e a proximidade do Mangueirão. O banheiro é citado como pequeno. Uma avaliação critica o aluguel de salas para eventos, relatando barulho de outro evento que atrapalhou um curso.
Bristol Umarizal Hotel;-1.43963158130646;-48.4841346740723;Avaliações em geral positivas falam de equipe simpática, boa localização perto de supermercado e restaurantes, quartos limpos com ar-condicionado, café da manhã incluso e pequena academia. Críticas a quartos pequenos, wifi fraco, banheiro pouco limpo e com mau cheiro e toalhas em mau estado.
Broca Burguer;-1.45026338100433;-48.4592590332031;Especialidade: hambúrguer. Avaliações elogiam hambúrgueres suculentos e no ponto, pão brioche, batata crocante feita na hora e atendimento gentil. Uma cliente antiga diz que a qualidade caiu muito, com sanduíche e batata engordurados e carne se desfazendo, e saiu arrependida do valor pago.
Brocadao Restaurante e Hamburgueria;-1.46232855319977;-48.4552459716797;Avaliações majoritariamente críticas: atendimento desatento, pedidos de delivery errados ou cancelados sem explicação, porções pequenas para o preço e hambúrguer com cominho demais. Há elogio aos espetos e uma avaliação que considera o atendimento ótimo e a comida excelente.
Brocados lanches;-1.33163261413574;-48.4434051513672;Especialidade: lanchonete, fast-food. A maioria das avaliações é curta e positiva, sem detalhes. Uma avaliação é muito negativa: lanche pequeno e sem gosto, foto do cardápio considerada propaganda enganosa e cobrança de taxa de entrega e de juros da máquina.
Brooklyn Barbearia;-1.44330358505249;-48.487232208252;Avaliações curtas e positivas. A mais detalhada descreve uma barbearia com ambiente climatizado, varanda com vista para a avenida, tudo limpo e organizado, música ambiente, wifi, opções de bar para consumo no local, ótimo atendimento e corte aprovado sem espera mesmo sem agendamento.
Brutu's Lanches;-1.3018456697464;-48.4835052490234;Especialidade: lanchonete. Avaliações reconhecem que o lanche é bom, mas quase todas reclamam da demora, de 40 minutos a quase 2 horas, e de prioridade dada ao delivery sobre quem espera no local. Há críticas ao atendimento de cara fechada, a pão queimado e a molho salgado demais, com comentário de que já foi melhor.
Búfalo Churrascaria;-1.43741446733475;-48.4865608215332;Avaliações elogiam o serviço atento, a carne macia e o buffet com boa seleção de saladas. Uma avaliação de quem foi comemorar aniversário achou a churrascaria pequena, o rodízio caro e servido de forma lenta, o atendimento desorganizado e o sabor abaixo das churrascarias conhecidas da cidade.
Búfalo Churrascaria Pres. Vargas;-1.44865310192108;-48.4975547790527;A única avaliação com texto diz que o lugar não é mais a Búfalo, tem outro nome, e que no dia da visita não havia churrasco.
Buffet e Doceria Água na boca;-1.46729099750519;-48.4807662963867;Especialidade: doces, buffet (rodízio). Avaliações elogiam o lugar como aconchegante, com doces e salgados muito bons, bolos fofinhos e molhadinhos, como o bolo vulcão, torta salgada e preço justo.
Burger King;-1.45192456245422;-48.4861106872559;Especialidade: fast-food, hambúrguer. Avaliações curtas e positivas descrevem uma unidade padrão da rede, rápida e saborosa, com menção ao bom drive-thru.
Burger King;-1.39032757282257;-48.464527130127;Especialidade: fast-food, hambúrguer. Avaliações elogiam o atendimento rápido e atencioso, pedido certo e lanche e batata servidos quentes, mesmo em dias de mais movimento.
Burger King;-1.44586789608002;-48.4893951416016;Especialidade: fast-food, hambúrguer. Avaliações curtas, a maioria positiva e com elogio ao Whopper. Uma avaliação critica a comida como congelada e de baixa qualidade.
Burger King;-1.45776641368866;-48.4951171875;Especialidade: fast-food, hambúrguer. Avaliações curtas, na maioria positivas. Uma descreve o lugar como agradável e tranquilo, com equipe muito simpática. Há uma avaliação negativa sem texto explicativo.
Burger King;-1.40395772457123;-48.4304237365723;Especialidade: fast-food, hambúrguer. Avaliações curtas e positivas. Uma comenta que a maioria das promoções nacionais não chega a essa unidade.
Buriti Gastronomia;-1.29673099517822;-48.4894027709961;Especialidade: brasileira. Avaliações elogiam a comida, como a caldeirada e o prato executivo, o salão limpo com área climatizada e externa, a decoração e o preço justo, citando como uma das melhores refeições de Icoaraci. Duas avaliações reclamam de espera de 1h30 a 2 horas mesmo com casa vazia, porções pequenas, frango seco e cabelo nos talheres.
Buteco Bendita Marvada Belém - Matriz;-1.43475818634033;-48.4867744445801;Avaliações curtas e positivas. Uma descreve como um bom lugar para tomar um drinque, com garçons simpáticos.
Buteko dos Malla's;-1.43844842910767;-48.481616973877;A única avaliação chama o lugar de melhor bar raiz de Belém, sem mais detalhes.
Cabanos Burger;-1.40338087081909;-48.4445381164551;Especialidade: hambúrguer. Avaliações mistas. Há elogios à carne e ao atendimento no local, com pedido que saiu rápido. Duas avaliações longas reclamam do delivery: atrasos de até 2 horas, equipe que para de responder, itens faltando, pão queimado e carne com gosto estranho.
Cabaré SG Pub;-1.43917834758759;-48.4636001586914;Avaliações curtas positivas e uma morna que cita música ao vivo com bom repertório e preço bom, mas cerveja pouco gelada e petiscos em falta. Uma avaliação muito negativa relata cobrança a mais na comanda, com três contas diferentes, e diz que o garçom e o gerente tentaram se aproveitar por a mesa ser só de mulheres.
Cachaça with Jambu Genuine;-1.452756524086;-48.4976501464844;Avaliações tratam o lugar como produtor e loja de cachaça, elogiando a cachaça de jambu e os sabores regionais como cupuaçu. Recomendam para presentear e para fazer drinques, e uma cita entrega rápida e segura para outro estado.
Cachorrão Lanches;-1.44360840320587;-48.4487075805664;Especialidade: lanchonete. Avaliações elogiam lanches saborosos, de vários tipos e tamanhos e bem servidos, batata e macaxeira fritas de qualidade e atendimento carismático. Uma chama de melhor lanche do bairro e outra indica para ir com a família.
Cachorro Quente do Mário;-1.44076645374298;-48.4610633850098;Especialidade: cachorro-quente, fast-food. Avaliações curtas e positivas. Uma cita comida ótima, serviço rápido e equipe simpática.
Cacimba Satélite;-1.34087127447128;-48.4391670227051;Avaliações curtas, na maioria positivas e uma que considera regular, sem detalhes.
Café batista campos;-1.46290802955627;-48.489803314209;Especialidade: café da manhã. Avaliações descrevem um café da manhã simples e informal, com tapioca, pão e café básico, em área aberta e arborizada de frente para a rua. Elogiam o atendimento atencioso e rápido e os preços acessíveis. Uma avaliação observa que não há café expresso.
Café Belém;-1.44071328639984;-48.491512298584;Especialidade: café. Avaliações elogiam os croissants, o cappuccino e o espresso, além da equipe gentil e atenciosa, e indicam o lugar para café da manhã. Duas avaliações dizem que os preços são altos, mas que a qualidade compensa.
Café BOM D+;-1.39776182174683;-48.4524765014648;Especialidade: café, café da manhã. Avaliações curtas e positivas. Elogiam o atendimento e o café da manhã, com destaque para o cuscuz, e uma diz que é o melhor da Marambaia.
Café Club Express;-1.4519310593605;-48.4922828674316;Avaliações elogiam o atendimento, as comidinhas e a variedade de lanches, com ressalva de preços um pouco altos. Uma avaliação diz que não é indicado para turistas por ser um pequeno café dentro de uma academia e relata constrangimento por ter de explicar por que queria visitar o local.
Café Club Express;-1.44595545530319;-48.4838638305664;Avaliações descrevem ambiente aconchegante, bom para reunir amigos e lanchar, e elogiam os lanches e o atendimento. Uma avaliação longa critica o atendimento de má vontade de uma atendente e diz que doces e salgados ficaram abaixo do esperado para o preço alto, elogiando apenas o cappuccino.
Café d'Maria;-1.42959356307983;-48.4691200256348;Especialidade: café. Avaliações elogiam o café da manhã, em especial o cuscuz estilo nordestino e o cuscuz com leite de coco, o atendimento e o ambiente familiar. Uma avaliação diz que tudo é saboroso, mas que as porções são pequenas.
Café da Carol;-1.34679263830185;-48.4500465393066;Especialidade: café. Avaliações descrevem um café servido a partir de um trailer, com mesinhas em uma praça e clima bem informal. Elogiam as tapiocas, as porções bem servidas, o café da manhã e os preços acessíveis. O atendimento divide opiniões: há quem elogie e há quem diga que é lento e péssimo em dias de grande movimento.
Café da Paz;-1.45263731479645;-48.4938201904297;Especialidade: café. Avaliações descrevem um café integrado ao Theatro da Paz, com área interna com detalhes históricos e área externa ventilada que aceita pets. Elogiam a beleza do ambiente, o atendimento, os cafés especiais e a variedade do cardápio. Ressalvas: ambiente sem climatização por ser prédio tombado, salgados caros e falta de leite vegetal.
Café da Portugal;-1.45464885234833;-48.502384185791;Especialidade: café. Avaliações elogiam o café da manhã feito pela proprietária, com tapiocas e pães de recheios diversos, café quente e suco gelado, além do atendimento rápido. Citam que aceita dinheiro, cartões e Pix.
Café da Praça;-1.46052885055542;-48.489860534668;Avaliações descrevem um lugar que serve café da manhã à vontade por taxa fixa, buffet no almoço e sanduíches e pizza à noite, com música ambiente e às vezes piano ao vivo. Elogiam a pizza e o ambiente e indicam para reuniões de negócios ou bate-papo com amigos. Uma avaliação diz que o atendimento poderia ser melhor e outra cita que o espaço reúne farmácia, conveniência e livraria.
Café da Tia Regina, tapiocas e tacacá;-1.45635664463043;-48.4783172607422;Especialidade: café. Avaliações descrevem ambiente simples, familiar e aconchegante, onde pets são permitidos. Elogiam a tapioca, o cuscuz e o café, as porções bem servidas, os preços baixos e o atendimento.
Cafe Da Volta;-1.4312726855278;-48.4126281738281;Avaliações situam o café dentro do Parque do Utinga, junto a um mirante com vista elogiada. Há quem ache o ambiente gostoso para relaxar, com bons lanches e café. Várias reclamações citam espera de mais de uma hora, duas filas, atendentes mal educados, mesas sujas, poucas opções e preços elevados.
Café do Bosque;-1.42861247062683;-48.4574775695801;Especialidade: café. Avaliações elogiam o café com leite, a tapioca, a comida saborosa e o preço baixo. Uma avaliação negativa relata espera de meia hora para saber que o pedido não estava disponível e cerveja e refrigerante servidos quentes.
Café Elite;-1.3902200460434;-48.4798316955566;Avaliações situam o café na sala de embarque do aeroporto. Elogiam o café espresso e o pão de queijo, mas predominam as críticas: preços muito altos, salgados de má qualidade, demora de mais de 30 minutos e funcionárias mal educadas. Há relato de boa vontade de uma funcionária ao oferecer substituição e de bom atendimento no turno da noite.
Café Na Floresta;-1.43265336751938;-48.4599761962891;Especialidade: café. Uma única avaliação, positiva e sem texto, apenas com emojis.
Café Plenitude - Pedreira;-1.42359256744385;-48.4651489257812;Especialidade: café, sucos, doces. Avaliações de visitantes estrangeiros elogiam a comida e a equipe, descrita como prestativa, educada e paciente, que se comunicou por tradutor. Uma diz que o café estava muito cheio durante a COP30 e outra que a cozinha estava fechada na visita, com poucas opções disponíveis.
Café Plenitude - Senador Lemos (Umarizal);-1.43680942058563;-48.4873008728027;Especialidade: café, sucos, doces. Avaliações de tom misto. Elogiam a localização, o charme do espaço, a quiche e o suco, e o atendimento educado. As críticas citam ambiente quente e mal climatizado, pouca iluminação, banheiro sujo, atendimento lento com poucos funcionários, torta fora da validade, café com gosto de velho e preços que não compensam.
Café Tiquin;-1.45782089233398;-48.4904441833496;Especialidade: café. Avaliações descrevem um café aconchegante com serviço em estilo buffet de miniaturas de clássicos brasileiros, como pastéis e pão de queijo, além de pratos quentes, bolinhos e doces. Elogiam o café, a atmosfera e a equipe muito prestativa, inclusive com turistas estrangeiros.
cafe Vitória;-1.41595792770386;-48.4755706787109;Especialidade: café. Uma única avaliação descreve ambiente simples e organizado, atendimento rápido e eficiente e cafezinho feito na hora, como boa opção de lanche rápido.
Cafeteria El Shaday;-1.37516957521439;-48.4506340026855;Especialidade: café. Avaliações descrevem ambiente acolhedor e aconchegante, com cardápio variado de tapiocas, cuscuz, caldos, salgados e omeletes, alimentos frescos, atendentes atenciosas e preços muito acessíveis. As ressalvas são o espaço pequeno e um pedido para que o ar-condicionado seja ligado pela manhã.
Cafeteria SanMar;-1.4296468;-48.4485241;Especialidade: café, padaria. Avaliações indicam o lugar para café da manhã e lanche da tarde, com ambiente agradável, muitas opções, bom sabor e preços acessíveis, perto do Parque do Utinga e bom para ir com amigos. A crítica recorrente é a demora nos pedidos. Há relato de pedido servido frio, de pouca variedade de salgados no domingo e de um atendente que respondeu de forma ríspida.
Caiano Churrascaria;-1.44069671630859;-48.4574127197266;As avaliações lidas são todas negativas. Reclamam de ambiente muito quente e abafado, funcionários de cara fechada e péssimo atendimento, carne muito dura, cobrança de taxa de desperdício no rodízio, pedido de delivery não entregue e propaganda enganosa nas redes sociais.
Caiçara;-1.40277123451233;-48.4530258178711;Especialidade: pizza, sorvete, doces. Avaliações elogiam a pizza, com várias opções de sabores e tamanhos, o sorvete, os preços justos e o atendimento, e indicam para lanchar entre amigos. Uma avaliação diz que é difícil fazer pedido por telefone.
Cairu;-1.38888937234879;-48.4647026062012;Especialidade: sorvete, doces. Avaliações elogiam o sorvete, em especial o sabor mestiço, e uma cita atendimento rápido e ambiente limpo. Duas avaliações de clientes antigos reclamam do atendimento na unidade do shopping Grão Pará, com funcionários debochados e recusa de atendimento perto do horário de fechar. Outra questiona procedimentos no quiosque do aeroporto.
Cairu;-1.45907115936279;-48.4909782409668;Especialidade: sorvete, doces. Avaliações curtas e positivas, dizendo que é o melhor sorvete de Belém. Uma observa que é muito caro, mas bom.
Cairu;-1.37092757225037;-48.4468536376953;Especialidade: doces. Avaliações curtas e positivas, elogiando o sorvete saboroso e chamando de melhor sorveteria da cidade.
Cairu estação das docas;-1.44935953617096;-48.5007934570312;Especialidade: sorvete, doces. Avaliações elogiam muito o sorvete de sabores regionais, como Carimbó, bacuri, açaí e o sabor COP30, mas dizem que é caro. O atendimento é a crítica recorrente: resposta grosseira de atendente ao recusar atendimento perto do fechamento, bronca entre funcionários na frente do cliente e quiosques com serviço pior que outros dentro da Estação das Docas.
Cakes Doceria;-1.40276688337326;-48.453426361084;Especialidade: doces. Avaliações elogiam os doces e bolos personalizados, de boa qualidade e preço justo, e o atendimento atencioso e rápido. Uma cita que também servem almoço e lanches. Há uma reclamação de que o lugar é difícil de encontrar e mal sinalizado.
Caldos e Cia Bar e Restaurante;-1.42877823114395;-48.4685287475586;Avaliações de tom misto. Uma elogia os caldos variados, os pratos bem servidos, o ambiente familiar com música e a equipe atenciosa. Outras reclamam de porção de caldo reduzida, falta de opções, mesas ocupando toda a calçada e atendimento ruim, com garçons que tratam clientes de forma diferente e um atendente que olhou um cliente com desconfiança.
Caldote;-1.44411563873291;-48.459716796875;Avaliações elogiam os caldos, vendidos em tigelas de vários tamanhos ou em rodízio, com a possibilidade de misturar sabores e acompanhamentos grátis. Descrevem ambiente calmo, espaçoso e familiar, com música, bom para conversar, e dono atencioso. Uma avaliação diz que os preços não são populares.
Califórnia Coffee;-1.39069378376007;-48.4795875549316;Especialidade: café. Avaliações situam o café no aeroporto e são em maioria negativas. Reclamam de preços abusivos, coxinha servida gelada por dentro, funcionárias desatentas ou mal-humoradas, principalmente de madrugada, falta de preços expostos e fim do wi-fi grátis.
California Coffee Belém;-1.45793008804321;-48.4953880310059;Três avaliações são curtas, entre positivas e regular. Duas longas são negativas: uma reclama de café aguado e caro, servido com colher de plástico, e de atendimento abaixo do esperado, e outra relata falta de higiene de uma atendente no preparo da bebida e salgado de camarão sem camarão.
CalMass;-1.45212244987488;-48.4786605834961;Avaliações descrevem lugar acolhedor e pequeno, bom para um jantar rápido e saudável, com sopas e massas saborosas e preço baixo. Há ressalva de poucas opções no cardápio, poucas alternativas vegetarianas e acompanhamentos das sopas abaixo do esperado. Atendimento simpático e limpeza são elogiados.
Calzô Pizzaria;-1.44368171691895;-48.4784164428711;Especialidade: pizza. Avaliações elogiam a pizza saborosa, que no delivery chega quente e às vezes antes do prazo. Há uma reclamação de pedido cancelado após meia hora de espera por falta de entregador.
Camarada Camarao;-1.44602763652802;-48.4897766113281;Avaliações descrevem ambiente espaçoso e aconchegante, indicado para grupos e família, com porções bem servidas, pratos executivos e preço justo, além de happy hour elogiado. Há uma crítica forte a serviço lento com a casa quase vazia, moqueca salgada e limonada doce demais.
Camarão do Zé;-1.46420359611511;-48.468563079834;Avaliações elogiam o camarão e a cozinha, descrevem lugar aconchegante e citam também a compra de camarão fresco. Uma avaliação diz que já foi o melhor local para comer camarão e lamenta que hoje funcione só por agendamento.
Cambuci Restaurante | Belém;-1.43729043006897;-48.4911651611328;Avaliações descrevem espaço amplo, bonito e aconchegante, com buffet variado de carnes, peixes e frutos do mar, atendimento atento e preço justo, bom para almoço em família, com amigos ou de negócios. Uma avaliação elogia o serviço mas diz que a comida não estava boa num sábado com evento, em área apertada.
Camilla’s Restaurante;-1.44111311435699;-48.4893112182617;Avaliações elogiam o almoço com proteínas servidas e acompanhamentos à vontade por preço acessível, a opção com açaí, o ambiente refrigerado com música brasileira e o atendimento atencioso e acolhedor. Uma avaliação aponta que a entrada tem um degrau alto, o que dificulta o acesso.
Campeira Grill;-1.40400403738022;-48.4533195495605;Especialidade: churrasco. Avaliações curtas e positivas, sem detalhes.
Camping Burger;-1.43876791000366;-48.4640083312988;Especialidade: hambúrguer. Avaliações lidas são todas negativas: relatam espera de mais de uma hora mesmo com poucas mesas, desorganização, falta de ingredientes, pedidos errados, batata salgada demais e lanche gorduroso. Há também relato de pedido de delivery cancelado sem explicação depois de longa espera.
Canoa Pub;-1.36940234899521;-48.4393730163574;Avaliações elogiam o ambiente para relaxar e curtir, o atendimento, a cerveja muito gelada e a segurança do lugar. Uma avaliação fala de refeições caseiras e pizzas de massa artesanal.
Cantina do Zé;-1.4495450258255;-48.4970283508301;Avaliações elogiam o prato feito com suco a preço acessível, a comida saborosa e bem preparada, o ambiente amplo, climatizado e bem decorado e o atendimento atencioso. Uma avaliação acha que poderia ser um pouco mais barato.
Cantina Italiana;-1.45414078235626;-48.4883918762207;Especialidade: italiana. Avaliações descrevem restaurante italiano tradicional de família, com decoração europeia, massas frescas, porções muito generosas e bom atendimento dos garçons. A maioria elogia a comida, mas uma avaliação reclama de preços altos, em especial do bufê de antepastos por peso e dos vinhos.
Cantina Master Pizzas;-1.44841462373734;-48.4513511657715;Especialidade: pizza. Avaliações se dividem: parte elogia a comida, o preço justo e o atendimento, e parte reclama de muita demora, com relato de uma hora e meia de espera por uma pizza e de outra mesa atendida antes.
Cantina Paraoara;-1.44569993019104;-48.4802169799805;Avaliações descrevem buffet de comida caseira simples e bem feita, com destaque para frango e peixe empanados, preço em conta, lugar aconchegante e banheiros limpos, bom para o almoço de quem trabalha por perto. À tarde há lanches e comidas típicas. Uma avaliação acha a comida cara e sem sabor.
Cantina Sabor Das Meninas;-1.43181496858597;-48.459114074707;Especialidade: café. Avaliações elogiam o café da manhã feito na hora, com tapioca, ovos e sucos, os preços em conta e o atendimento educado, e citam que aceita pets do lado de fora. Há ressalvas de que o espaço é pequeno, apertado, quente e sem climatização, e uma avaliação pede mais simpatia no atendimento.
Cantinho da Vovo;-1.44755047559738;-48.4899635314941;Especialidade: lanchonete. Avaliações citam ambiente agradável, comida de excelente qualidade e barata, várias formas de pagamento e fácil acesso.
Cantinho Do Chef;-1.45495009422302;-48.4657859802246;Avaliações elogiam o lanche, descrito como barato e gostoso, e o espaço agradável, bom para comer com amigos e família.
Cantinho do Dayan;-1.30125695466995;-48.4837684631348;Avaliações elogiam a comida caseira de qualidade, servida quente, os preços razoáveis e a bebida bem gelada, recomendando o lugar para almoçar.
Cantinho do peixe;-1.45452129840851;-48.4956970214844;Avaliações elogiam o peixe frito, o açaí e os pratos executivos a preço justo, em lugar simples, sem ar-condicionado, no centro comercial, que lota no almoço. Uma avaliação achou o executivo mediano, reclama de suco azedo que não foi trocado e diz ter visto outro cliente devolver um prato.
Canto Do Sabiá;-1.16112130880356;-48.4724044799805;Avaliações descrevem restaurante no quintal de uma casa, com árvores, revoada de sabiás, rede e pôr do sol, lugar aconchegante para uma refeição simples, saborosa e barata. Uma avaliação acha que o ambiente poderia ser melhor explorado.
Capital Lounge e Bar;-1.4548192024231;-48.487979888916;Avaliações descrevem espaço bem refrigerado para dançar, com atendimento rápido, muitos garçons, boas bebidas e boa localização. Uma avaliação elogia o lugar para eventos fechados, citando cozinha, iluminação e som de qualidade. As demais são curtas e positivas.
Capitão do espeto;-1.45617842674255;-48.4687194824219;Avaliações elogiam o churrasquinho, o prato feito bem servido, as marmitas bem temperadas, os preços acessíveis e o atendimento, com cerveja gelada e tira-gosto no fim de semana. Dizem servir para almoço ou jantar, com amigos ou sozinho. Uma avaliação acha o ambiente quente e não gostou do corte da carne.
Capitolium Pub;-1.42515420913696;-48.465892791748;Avaliações descrevem pub aconchegante e tranquilo, com cerveja gelada, espetinho de churrasco, música ao vivo e bom atendimento, bom para assistir a jogos ou encontrar os amigos. Citam happy hour com cerveja barata.
Capone Ristorante e Trattoria;-1.44872844219208;-48.5003662109375;Especialidade: italiana, brasileira. Avaliações se dividem. Parte elogia drinques, massas, o peixe regional e a vista para o rio, com clima agradável. Várias reclamam de serviço muito lento e desatento, com longa espera por cardápio e pratos, e uma critica duramente a pizza e a salada.
Caranguejo da Orla;-1.29354166984558;-48.4858360290527;Avaliações elogiam os pratos de peixe e a moqueca, o atendimento atencioso e o ambiente arborizado de frente para a praia, bom para relaxar. Uma avaliação relata cobrança a mais na hora de pagar e recomenda conferir a conta, e outra sentiu falta de variedade nas músicas.
Caranguejo do Gatinho;-1.43429017066956;-48.4658012390137;Especialidade: frutos do mar. Avaliações elogiam o caranguejo e os frutos do mar feitos na hora, o clima acolhedor e o dono atencioso. As demais são curtas e positivas, sem detalhes.
Carioca grill;-1.40171402692795;-48.4790153503418;Avaliações descrevem clima de churrasquinho de bar, familiar, espaçoso e aconchegante, com música e pagode, comida bem temperada, hambúrguer elogiado e preço em conta. Há ressalva de porção pequena e um relato de quem ficou 15 minutos sentado sem ser atendido e foi embora.
Carla Mariscos;-1.4443131685257;-48.4678955078125;Uma única avaliação curta, elogiando os mariscos, sem detalhes.
Cartoon Burguer;-1.41464877128601;-48.4706420898438;Especialidade: hambúrguer, lanchonete, fast-food. Avaliações curtas e positivas, sem detalhes.
Casa Bauducco - Shopping Boulevard - P1;-1.4467306137085;-48.490047454834;Especialidade: café. Avaliações de tom misto sobre cafeteria em shopping. Elogiam cafés saborosos e aromáticos, cappuccino e salgados, e uma pessoa ficou estudando no local sem problemas. Há reclamações de demora nos pedidos mesmo com a loja vazia, espaço apertado, soda italiana com muito gelo e falta de serviço de mesa, com pedido e retirada no caixa a preço igual ao de outros lugares.
Casa Camilo;-1.44411683082581;-48.4639549255371;Avaliações descrevem como tradicional lanchonete de esquina de Belém, com ambiente fiel às décadas de 60 e 70, servindo coxinhas, frituras, sucos e refrigerante gelado. Elogiam bastante a unha de caranguejo e o suco. Uma avaliação acha o preço um pouco acima do normal para a qualidade.
Casa Combu;-1.49482846260071;-48.4893379211426;Avaliações de tom misto. Elogiam o lugar bonito, agradável e tranquilo, o atendimento atencioso, cerveja gelada, caipirinhas e entradas saborosas. Há crítica de que a experiência fica abaixo do potencial, com restaurante desorganizado e muitas opções do cardápio indisponíveis, além de porção pequena. Uma avaliação menciona quarto com ar-condicionado, indicando hospedagem.
Casa D'Noca;-1.45443117618561;-48.4754753112793;Avaliações descrevem como casa de samba com música ao vivo e dança, samba de raiz, ambiente agradável para reunir amigos e comemorar aniversário. Elogiam as proprietárias, a caipirinha e o domingo do almoço ao jantar. Há uma crítica forte ao serviço, com itens do cardápio em falta, entrada paga, porções pequenas, preços altos e troco entregue errado pelo garçom.
Casa da Sopa;-1.42245543003082;-48.4724960327148;Avaliações elogiam muito as sopas, em especial a de charque, com boa quantidade e preço ótimo. O atendimento divide opiniões: há quem o considere muito bom, mas duas avaliações relatam atendimento péssimo, com espera de quase uma hora, funcionária grosseira, falta de resposta a contato prévio e cliente maltratada.
Casa da Vovó Restaurante;-1.40287750959396;-48.4526252746582;Avaliações de tom misto sobre restaurante climatizado na Marambaia. Elogiam pratos saborosos, opções de cerveja, bom atendimento e localização. Há reclamações de preço alto para a quantidade servida, garçons demorados e sobrecarregados com delivery em horário de pico, critério de fila de espera considerado injusto e falta de estacionamento próprio.
Casa de Bolos Nordestino;-1.42868232727051;-48.4727249145508;Especialidade: doces, padaria. Avaliações descrevem local simples com bolos de produção diária, de excelente qualidade e bom custo-benefício, e atendimento agradável. Há uma reclamação de atendente mal educada.
Casa de Carne Novilho de Ouro;-1.4265410900116;-48.471378326416;Avaliações falam de açougue. Há elogios ao atendimento e à organização do lugar. Uma avaliação critica a qualidade das carnes e do atendimento em relação a outros açougues da Pedreira e relata ter comprado carne quase estragando.
Casa de show AVENIDA SHOW;-1.41171962022781;-48.4728965759277;Especialidade: balada. Avaliações em geral curtas e positivas, com uma negativa sem detalhes. Descrevem como ótimo lugar para dançar, bem climatizado e aconchegante. Uma avaliação conta que às quintas há ensaio de um grupo de dança onde aprendeu brega marcante e que frequenta toda semana.
Casa de Show Beloquinha;-1.35947376489639;-48.4621963500977;Avaliação única, curta e positiva, sem detalhes.
Casa do Açaí;-1.45521569252014;-48.4745635986328;Especialidade: açaí, brasileira, sucos. Avaliações de tom misto. Reconhecem a qualidade do açaí e uma elogia o garçom que ensinou visitantes de fora a consumir as refeições com açaí. A maioria reclama do delivery, com esperas de horas, pedidos que não chegaram e atendentes que dizem que o pedido está a caminho sem estar.
Casa do Café;-1.3311124;-48.4455719;Especialidade: café. Avaliações em maioria positivas descrevem ambiente aconchegante, ventilado e familiar, com bom atendimento, boa estrutura, preço justo e cardápio de tapiocas, cuscuz, bolos, pães e cafés. Uma avaliação relata decepção total, dizendo que tapioca, cuscuz e pão com ovo não tinham sabor.
Casa do Caldo;-1.44467782974243;-48.4866828918457;Avaliações curtas e em geral positivas, sem detalhes. Uma delas diz que há ótimas alternativas na cidade.
Casa do Fauno;-1.44825541973114;-48.4918479919434;Avaliações descrevem ambiente charmoso e diferenciado, com decoração de objetos antigos, livros, sebo e brechó, arte, jazz, samba e DJ em eventos, climatizado. Elogiam comida, drinks, sucos, café e os bolinhos de maniçoba, e recomendam para almoço em família no fim de semana. Críticas a atendimento demorado por poucos atendentes, isca de peixe sem tempero e preço um pouco mais alto.
Casa do Gilson;-1.46949338912964;-48.4790382385254;Avaliações curtas e positivas que destacam a boa música. Uma delas considera o lugar caro.
Casa do Marisco do Mar;-1.44504928588867;-48.4678916931152;Avaliações falam de um comércio de produtos regionais e mariscos, bom para quem quer levar encomendas em viagem, com destaque para a massa de caranguejo. Elogiam a proprietária simpática, o atendimento rápido e educado, a limpeza e os cuidados de higiene com os produtos.
Casa do Pão de Queijo;-1.44676661491394;-48.490062713623;Especialidade: café. Avaliações curtas e positivas. Elogiam o café sempre consistente da rede, o pão de queijo, o local agradável e o bom atendimento.
Casa do Sorveteiro;-1.44221258163452;-48.4903526306152;Avaliações curtas e positivas, sem detalhes. Uma delas reclama de atendimento ruim e diz que há muito a melhorar.
Casa dos Salgadinhos;-1.30714040994644;-48.4685668945312;Uma avaliação elogia como o melhor salgado de Icoaraci e destaca bolos, tortas e kit festa. Outra reclama que os telefones divulgados não atendem, nem por ligação nem por WhatsApp.
Casa Mia Restaurante Be;-1.45390748977661;-48.4861335754395;Avaliações curtas e positivas, sem detalhes. Uma delas elogia a comida e considera o serviço abaixo da média.
Casa Pinheiro;-1.39549016952515;-48.438159942627;Avaliações positivas descrevem lugar agradável para tomar cerveja bem gelada e bater papo com amigos e família, com cardápio de bebidas variado.
Casa Preta;-1.44984889030457;-48.4602928161621;Especialidade: hambúrguer. A única avaliação com texto descreve ambiente simples e acolhedor, com atendimento muito bom e comida excelente.
Casa Pura Vida;-1.44535040855408;-48.4835586547852;Avaliações de visitantes estrangeiros, todas positivas. Descrevem comida saudável, fresca e saborosa, em que se escolhe a proteína e um acompanhamento servidos com salada, com opção vegetariana. Elogiam o atendimento simpático e rápido, inclusive para grupo grande, os preços razoáveis e a decoração.
Casa Santa Maria;-1.4147013425827;-48.4774513244629;Especialidade: padaria, doces. Avaliações descrevem panificadora com pães saborosos, boa variedade de lanches para comer no local, preços populares, bom atendimento, higiene, entrega e acesso a cadeirantes. Uma avaliação critica o chocolate quente e o presunto usado no misto.
Casa Santana;-1.47370493412018;-48.4963874816895;Avaliações tratam o lugar como loja, elogiando o atendimento, uma vendedora simpática, a variedade de produtos e os preços.
Casarão Bocaiuvas;-1.44586884975433;-48.4750938415527;Avaliações são quase todas curtas e positivas, sem detalhes. Uma elogia a comida regional, recomendando o peixe filhote e o sorvete de açaí, e cita estacionamento interno e música ao vivo nos fins de semana.
Casarão Boulevard;-1.44922006130219;-48.4992027282715;Avaliações elogiam o ambiente climatizado, bonito e confortável, a decoração, os drinks, a cerveja gelada, a comida, o atendimento, a boa música para dançar e os shows. Uma avaliação destoa e chama o lugar de péssimo e de preço abusivo.
Casarão Grill;-1.296302318573;-48.488941192627;Especialidade: gastropub. Avaliações falam de ambiente agradável, música boa e hambúrgueres ótimos, mas uma delas reclama do atendimento em uma comemoração de aniversário. Outra diz que passou mal depois de comer a macaxeira. Há também uma recomendação curta e positiva.
Cassio Bar;-1.295953810215;-48.4897956848145;Especialidade: brasileira. Avaliações são majoritariamente negativas. Reclamam de comida ruim, carne borrachuda, preços altos e conta acima do esperado sem apresentação do cardápio, taxa de serviço e garçons que abordam os clientes com insistência já na chegada. Uma avaliação relata bom almoço com chapa farta para oito pessoas, mas também critica a taxa e o assédio dos garçons.
Castelinho;-1.44372081756592;-48.4711151123047;Avaliações descrevem um bar tradicional do bairro de Fátima, ponto de encontro dos moradores mais antigos, e um lugar calmo. As demais são comentários em tom de brincadeira ou uma oferta de serviço de música, sem informação sobre o local.
Catarina Café e Bistrô;-1.45850551128387;-48.4879302978516;Avaliações elogiam a comida, o atendimento simpático e a decoração bonita, descrevendo o espaço como aconchegante porém pequeno, que não comporta muita gente. Citam o brunch de fim de semana como diferencial. As ressalvas são poucas opções de bebidas quentes e um chá que poderia ser melhor.
CatGrill Espetaria;-1.34603470563889;-48.4489822387695;Avaliações elogiam os espetinhos e o churrasco como saborosos, com comida quente, entrega rápida, bom atendimento e preço compatível. Uma avaliação reclama de um combo pedido por aplicativo que veio com espetos muito pequenos e quantidade insuficiente para duas pessoas.
CBORDALO;-1.43195784091949;-48.4584541320801;Avaliações tratam de uma loja de mangueiras e peças hidráulicas. Uma elogia o atendimento de um vendedor, mas a maioria reclama de vendedores mal-educados e sem treinamento, demora para responder por telefone e mensagem e um serviço sem garantia que deu prejuízo. Uma avaliação diz que os funcionários tratam mal principalmente mulheres.
Ceará da 14;-1.45424556732178;-48.4724388122559;Avaliações são divididas. Uma descreve restaurante de dia e bar à tarde e à noite, com ambiente familiar e cerveja gelada a bom preço. Outra reclama de pedido por delivery que veio errado, comida sem sabor e resposta desrespeitosa do restaurante. Há ainda um elogio curto.
Ceará da Castelo;-1.44380807876587;-48.4708709716797;Avaliações descrevem um bar simples e descontraído, tocado por uma família, com cerveja gelada, bons preços, tira-gosto e atendimento elogiado. Citam roda de samba aos domingos com sambistas de Belém e transmissão de jogos de futebol. Clientes dizem se sentir acolhidos.
Ceará Grill;-1.42832016944885;-48.4687995910645;Avaliações são mistas. Algumas elogiam a comida do dia, o preço e o atendimento do proprietário. Outras relatam demora, comida fria, cabelo no prato, peixe queimado, salada murcha, atendente pouco atenciosa e cobrança de taxa de serviço de dez por cento.
Celebrate by SRB;-1.44270676374435;-48.4877128601074;Avaliações descrevem um espaço para recepções, eventos familiares e confraternizações, elogiando a equipe, o atendimento e o ambiente aconchegante e confortável. Uma observa que o espaço é pequeno, adequado para eventos de até cem pessoas.
Celios Recepções;-1.29327672719955;-48.4842109680176;Avaliações descrevem um espaço para eventos perto da orla de Icoaraci, com área aberta e área fechada e palco para banda, recomendado para festas. Também elogiam a cerveja bem gelada e uma porção farta que serve quatro adultos.
Cembira bistrô;-1.33719336986542;-48.4684028625488;Avaliações elogiam doces, tortas, salgados, pães recheados e o tacacá, além do ambiente refrigerado, aconchegante e bonito e do atendimento atencioso.
Centenário Bar E Restaurante;-1.38179183006287;-48.457706451416;Avaliações descrevem um bar acolhedor para reunir amigos e beber, com música boa, música ao vivo às sextas e sábados, petiscos e tira-gostos elogiados, dona receptiva e atendimento excelente.
Centro de Distribuição Rocky Burger;-1.45410346984863;-48.4804725646973;Especialidade: hambúrguer, fast-food. Avaliações curtas e positivas, sem detalhes.
Cervejaria Cabôca;-1.4497025;-48.5002333;Especialidade: cervejaria. As avaliações lidas, de visitantes estrangeiros, são quase todas negativas. Relatam espera de duas a três horas, comida que não chegou ou veio em pouca quantidade, cobrança por itens não entregues e equipe grosseira. Uma delas elogia uma das cervejas da casa e pede mais variedade.
cervejaria continental;-1.40110957622528;-48.4792785644531;Especialidade: cervejaria. Avaliações são divididas. Parte descreve ambiente climatizado e dançante, com música ao vivo, cerveja gelada, segurança na portaria e decoração convidativa, sugerindo melhorar a comida. Outra parte reclama de atendimento ruim e sem educação, mesas sem limpeza, cerveja quase quente e cobrança de dez por cento.
Cervejaria Uriboca;-1.44130653142929;-48.4852485656738;Especialidade: drinks, cervejaria. Avaliações elogiam as cervejas artesanais com várias torneiras de chope, incluindo receitas com frutas regionais, a comida de combinações diferentes, o ambiente aconchegante e climatizado, DJ ao vivo sem couvert e atendentes simpáticos. Uma avaliação se disse decepcionada com o local pequeno, a falta de cadeiras, os preços acima do normal e a comida.
cervejaria zero grau;-1.33106696605682;-48.4459953308105;Especialidade: gastropub. Avaliações elogiam o ambiente climatizado e confortável, o atendimento, o chope e a cerveja bem gelados, os drinks, os tira-gostos e pratos saborosos e a música boa.
Cervejaria Zero Grau;-1.3974517583847;-48.4771003723145;Avaliações curtas e positivas, elogiando o atendimento e descrevendo o lugar como bar agradável entre amigos.
Cervejariaoficialumarizal;-1.44341993331909;-48.4777679443359;Especialidade: buffet (rodízio), brasileira. Avaliações curtas e positivas, sem detalhes. Uma delas cita happy hour.
César Lanches;-1.42148542404175;-48.4896965026855;Especialidade: lanchonete. Avaliações elogiam os lanches e a pizza, de massa macia e boas bordas, o preço em conta, o ambiente limpo e o atendimento rápido e atencioso. Uma diz que dá para comer um lanche, ouvir música e tomar uma cerveja gelada.
Cesário 700;-1.46497488021851;-48.4982299804688;Especialidade: hambúrguer. Avaliações descrevem um lugar familiar, arrumado, refrigerado e aconchegante, com cardápio variado, hambúrguer, batata frita e yakissoba elogiados e preço acessível. Há ressalvas sobre uma atendente que tratou mal os clientes, carne seca e sem gosto em uma visita e falta de música ambiente.
Chá da Alice Café;-1.45399868488312;-48.4826202392578;Especialidade: café. Avaliações reconhecem a decoração temática de Alice no País das Maravilhas como bonita e boa para fotos, mas são majoritariamente negativas. Reclamam de atendimento desorganizado e grosseiro, espera de mais de uma hora, pedidos errados, falta de cardápio e de itens, preços altos para a qualidade, sujeira, barulho de reforma e banheiro com problema.
Chácara Paraíso do Sossego;-1.07014864683151;-48.387035369873;Avaliações descrevem uma pousada em Mosqueiro, sossegada e em meio à natureza, com plantas, piscina, canto de pássaros e animais de estimação da casa. Elogiam a limpeza, o quarto confortável, o café da manhã e o casal de anfitriões simpático e solícito. Recomendada por avaliadores para casais e famílias.
Chácaras Montenegro Jatobá;-1.37237226963043;-48.4444732666016;Avaliações tratam de um condomínio residencial na Augusto Montenegro, descrito como limpo, agradável e um dos melhores da via. Uma avaliação reclama que o telefone não funciona, ao tentar avisar sobre uma criança em risco em uma sacada.
Chalé 100;-1.29684066772461;-48.4896392822266;Avaliações descrevem casa antiga convertida em restaurante de comida paraense, com ambiente rústico, vista e música ao vivo. Opiniões divididas: há elogios ao atendimento dos garçons e à apresentação, mas várias reclamações de preço alto para pouca comida, espera de mais de 2h, pratos mal executados, couvert cobrado indevidamente e banheiro ruim.
Chalé Vitória Hotel Boutique;-1.29426735639572;-48.4872436523438;Avaliações elogiam o lugar bonito e aconchegante, quartos limpos, modernos e confortáveis, comida boa e principalmente o atendimento atencioso e acolhedor dos funcionários. Hóspedes dizem que voltariam e recomendam. Sem críticas nas avaliações lidas.
Chame Pizza;-1.42770230770111;-48.4748611450195;Especialidade: pizza. Avaliações lidas são majoritariamente negativas: reclamam de pizza ruim para o preço, yakissoba com carnes de textura e sabor desiguais, demora de 40 minutos com a casa vazia e atendimento grosseiro. Há também notas curtas neutras ou positivas, sem detalhes.
Champagne Buffet;-1.44769036769867;-48.4788131713867;Avaliações curtas e positivas, uma delas dizendo que é um bom lugar para alugar e fazer festa. Sem mais detalhes.
Champions Hambúrgueria e Pizzaria;-1.34841346740723;-48.4615478515625;Especialidade: hambúrguer. Avaliações divididas. Parte elogia pizza de massa fresca, hambúrguer grande, cerveja gelada, ambiente agradável, bom preço e atendimento. Outra parte reclama de serviço demorado, atendimento truculento, música alta, itens em falta, batata salgada demais, pedido de delivery errado sem resposta e pizza queimada que levou 2h.
Champions Pizza Delivery;-1.45937025547028;-48.4997749328613;Especialidade: pizza. Avaliações dizem que é pizzaria só de entrega e retirada, sem consumo no local. Elogiam a massa leve, o molho e os ingredientes em quantidade generosa, o bom atendimento e a entrega que não costuma demorar.
Chapa Do Maia;-1.42936992645264;-48.4783821105957;A única avaliação com texto elogia a comida gostosa, o bom atendimento e a agilidade.
Chapa Grill;-1.40908432006836;-48.4448432922363;Avaliações descrevem restaurante de almoço com ambiente climatizado e aconchegante, variedade de pratos a preço justo e bom atendimento. Elogiam a bisteca farta e saborosa e a música de sucessos antigos. Citam boa localização, com estacionamento apenas nas vias próximas. Uma nota curta diz apenas que é normal.
chapagrilloficial;-1.46987307071686;-48.4947929382324;Avaliações curtas e positivas, sem detalhes.
Chaplin Birosk;-1.39525526762009;-48.4604721069336;Avaliações descrevem restaurante simples e familiar de carnes na brasa, em área bem arborizada, com música ao vivo, cerveja gelada e brinquedos para crianças. Elogiam porções fartas a preço acessível e o atendimento atencioso. Recomendam chegar cedo porque lota. Um relato cita domingo desorganizado, com pedido que não chegou.
Cheers;-1.43239450454712;-48.4519805908203;Especialidade: drinks. Avaliações descrevem bar pequeno e aconchegante, de público tranquilo, bom para encontrar amigos. Elogiam cerveja bem gelada, boa música, preços acessíveis e atendentes receptivos. Uma avaliação sugere refrigerar o ambiente interno.
Cheff Beer;-1.2972885966301;-48.4897193908691;Avaliações longas lidas são negativas: relatam chapa mista cara, fria e com pouca proteína, cerveja quente, espera de 1h30 a mais de 2h pelo pedido, garçons que diziam que já estava saindo e atendimento grosseiro em data comemorativa. Há duas notas curtas positivas, sem detalhes.
Cheirin Bão Boulevard Belém;-1.44613265991211;-48.489688873291;Especialidade: café. Avaliações são em maioria críticas: waffle duro ou derretido na entrega, fatia de torta pequena para o preço, sanduíche decepcionante e cobrança de 10% acima do valor do cardápio sem aviso. Uma avaliação diz que a comida segue o bom padrão da rede e que foi bem atendida, mas faltou a equipe conhecer melhor os produtos.
Cheirin Bão Brás Aguiar;-1.45463883876801;-48.4855041503906;Especialidade: café. Avaliações descrevem cafeteria agradável e tranquila, com café preparado na hora, waffles, pão de queijo e donuts elogiados e atendentes atenciosos citados pelo nome. Dizem que é boa para quem tem crianças, por ter área de brincar, e que aceita pet. Uma avaliação relata ter sido ignorada na mesa com a loja vazia e ido embora.
Cheirin Bão Marco;-1.44046831130981;-48.4648056030273;Especialidade: café. Avaliações descrevem cafeteria aconchegante, com decoração de bom gosto e boa para fotos, cafés, bolos e salgados saborosos e bem apresentados. Elogiam atendentes educadas e o proprietário que apresenta os cafés. Há crítica à lentidão: pedidos simples como pão de queijo com café chegam a demorar 15 a 20 minutos.
Cheirin Bão Pátio Belém;-1.45836114883423;-48.4950714111328;Especialidade: café. Avaliações elogiam o lugar bonito e aconchegante em shopping, a comida, a opção de leite sem lactose e o atendimento de funcionários citados pelo nome, um deles lembrando o pedido anterior da cliente. Há um relato negativo de atendente que gritou com uma cliente na mesa, descrita como grosseira e mal educada.
Chicago grill burguer;-1.38226175308228;-48.4578247070312;Especialidade: hambúrguer. Avaliações elogiam os lanches saborosos, o cardápio variado, o suco natural e o local tranquilo. Várias criticam o atendimento: atendentes desatentas, demora para trazer cardápio e um relato de grupo de dez pessoas que esperou uma hora para ouvir que não havia mais lanche. Uma diz que a qualidade do produto varia.
Chicken House;-1.43363863229752;-48.464168548584;Especialidade: fast-food. Avaliações descrevem lugar de almoço com frango assado, carne e linguiça, prato feito bem servido, saboroso e de preço excelente, com ambiente agradável e bom atendimento. Uma avaliação destoante diz que recebeu frango requentado e horrível e jogou a comida fora.
Chico lanches Ofc;-1.29781198501587;-48.4775390625;Especialidade: lanchonete. Uma avaliação reclama que o pedido feito por aplicativo foi cancelado pelo estabelecimento e que o estorno demorou. A outra é curta e positiva, sem detalhes.
China in Box Belém;-1.45551788806915;-48.4911804199219;Especialidade: chinesa, asiática. Avaliações mistas. Há quem goste do ambiente tranquilo, da comida que não demora e do delivery ágil, dizendo que é o típico China In Box. Outras criticam: comida descrita como congelada e reaquecida, e um delivery que atrasou mais de 1h, chegou frio e ficou sem resposta do atendimento.
Chinna Restaurante;-1.42365336418152;-48.4493179321289;Especialidade: fast-food, chinesa. Avaliações falam de restaurante de comida chinesa de preço acessível, frequentado por famílias no almoço, com yakisoba bem servido e quente. Há críticas de que a qualidade caiu em relação ao passado, de excesso de shoyu, e de que o ambiente precisa de renovação em iluminação, decoração e conforto, com atendimento de mesa básico.
Chiquinho Sorvetes;-1.40315341949463;-48.431022644043;Especialidade: sorvete, doces. Avaliações descrevem quiosque de sorvetes de estrutura modesta no 3º piso do shopping, com muitas opções de sabores e preços que vão da casquinha barata a itens mais caros. Há elogios de quem vai com a família. Críticas citam sobremesa entregue derretendo, que precisou ser trocada, e recheio que varia conforme o atendente.
Chiquinho Sorvetes;-1.45782351493835;-48.4948501586914;Especialidade: sorvete, doces. Avaliações elogiam o sorvete, o preço baixo, os descontos e a variedade de sabores e sobremesas. Uma avaliação relata pedido que veio errado e, após a troca, sobremesa com aspecto de leite talhado.
Choperia Rollon;-1.45219802856445;-48.461238861084;Avaliações curtas e positivas, uma delas elogiando o local e o chope muito gelado.
Chopp Brahma Express;-1.44385302066803;-48.483512878418;Avaliações são curtas e falam do serviço: a maioria elogia o atendimento, a simpatia e a explicação sobre o produto, e uma diz que o serviço foi péssimo. Não descrevem ambiente de bar.
Churrascaria Boi D'Ouro;-1.44050431251526;-48.4692001342773;Especialidade: churrasco, buffet (rodízio). Avaliações elogiam a picanha, o frango, as caipirinhas, o serviço atencioso e o clima de esquina com banda ao vivo. Uma considera a atmosfera mediana e outra critica o self-service, com batata frita fria e comida reposta, dizendo que as carnes boas dependem de sorte e de insistência.
Churrascaria Boi D'Ouro;-1.44448184967041;-48.4604187011719;Avaliações elogiam os cortes de carne servidos com vários acompanhamentos, a caipirinha, o serviço simpático e o bom preço. Um cliente frequente relata que deixou de ir após um funcionário insistir em passar o cartão no débito em vez do crédito, e diz ter notado problema parecido em cobranças anteriores.
Churrascaria Boi do Campo;-1.36209547519684;-48.4763526916504;Especialidade: churrasco. Avaliações descrevem restaurante de almoço com churrasco à vontade e comida no quilo, saladas e guarnições variadas, local agradável com estacionamento e piscina para crianças. Elogiam atendimento e o anfitrião. Há ressalvas de que pode lotar e faltar mesa, de picanha fora do ponto e de poucas opções de salada. Citado para almoço com colegas e domingo em família.
Churrascaria Comillon Grill (15 reais);-1.43993973731995;-48.457332611084;Especialidade: churrasco. Avaliações muito curtas, na maioria positivas e uma negativa, sem detalhes.
Churrascaria Do Elton;-1.4297491312027;-48.447883605957;Especialidade: churrasco. Avaliações descrevem espetaria de churrasco com porções bem servidas, carne de qualidade, bom tempero, arroz e baião elogiados e salada de frutas de sobremesa. Destacam o dono como anfitrião carismático, bem-humorado e carinhoso com os clientes, e o bom preço. Sem críticas nos textos lidos.
Churrascaria do Titino;-1.46622562408447;-48.4968299865723;Especialidade: churrasco. Avaliações descrevem churrasco de rua em ambiente aberto e arejado, com vários pratos de churrasco, açaí e cerveja gelada, comida barata e atendimento rápido, bom para um jantar rápido. Apontam falta de banheiro e de Wi-Fi e estrutura a melhorar. Uma avaliação é bem negativa, diz que a comida estava ruim, com frango cru, que passou mal e que achou caro.
Churrascaria e Espeto do Garrote;-1.41551089286804;-48.4838485717773;Especialidade: churrasco. Avaliações elogiam o churrasco saboroso, o preço acessível, com refeição por volta de 15 reais, e o bom atendimento. Há ressalvas de bebida quente e de acompanhamento servido frio, e uma reclamação de cabelo na comida dizendo que não vale a pena.
Churrascaria e Hambugueria Bad boy Portal da Amazônia;-1.47216010093689;-48.4983329772949;Especialidade: churrasco. Avaliações elogiam pratos bem servidos, hambúrguer grande com carne na brasa, comida entregue quente, açaí e preços entre 15 e 35 reais. Uma avaliação relata constrangimento: diz que o dono mandou o grupo ir embora porque estavam rindo alto e classifica o atendimento como péssimo.
Churrascaria GRÃO SABOR;-1.45272552967072;-48.4953498840332;Avaliações, na maioria de turistas estrangeiros, citam refeição rápida e simples, preço bem mais baixo que hotéis e restaurantes turísticos, cardápio em inglês e porções de bom tamanho. O tom é misto: uma avaliação diz que a comida estava muito seca, com churrasco passado demais, e que não voltaria, e outra fala em muito espaço para melhorar.
Churrascaria Ki-Sabor;-1.42171514034271;-48.4718933105469;Avaliações descrevem local simples e bem localizado, com espetos saborosos, carne macia e preço acessível, espeto por volta de 12 reais. Há divergência sobre a quantidade: uma acha o acompanhamento farto e outra diz que o baião vem pouco pelo preço. Uma avaliação comenta que o lugar antes era mais arrumado, mas manteve o sabor.
Churrascaria Milena Bolos;-1.42774558067322;-48.4790687561035;Especialidade: churrasco. Avaliação curta e positiva, sem detalhes.
Churrascaria Nelore;-1.44294267892838;-48.4876823425293;Especialidade: churrasco. A única avaliação reclama de péssimo atendimento dos garçons.
Churrascaria Pavan;-1.35175365209579;-48.4534645080566;Especialidade: churrasco. Avaliações curtas e positivas, sem detalhes.
Churrascaria pequena Brasa;-1.42207002639771;-48.4721412658691;Avaliações com tom misto. Parte elogia o churrasco caseiro, o baião, a farofa, o sabor e o atendimento. Uma avaliação é bem negativa, fala em péssima qualidade, carne torrada, gosto ruim e baião que veio só arroz, e não recomenda.
Churrascaria Picanhas e Assados;-1.45502758026123;-48.4706840515137;Avaliações elogiam o atendimento atencioso e rápido, a comida no ponto, o prato misto, as opções com ou sem gordura e os brinquedos para distrair crianças. Uma comenta que a carne parecia sem sal. Há uma reclamação de entrega: marmita sem lacre que chegou aberta e ninguém atendeu o telefone para resolver.
Churrasco cupiá;-1.46883487701416;-48.4797058105469;Especialidade: churrasco. Avaliações elogiam bastante o churrasco, o baião e o coração bovino, e dizem que mata a fome. O espaço é descrito como pequeno e de aparência limpa. Sobre o atendimento o tom é misto: uma fala em atendentes educadas e prestativas, outra em atendimento informal e pouco acolhedor, e uma relata atendente grosseira, pedido errado e que não volta mais.
Churrasco da Dona Mara;-1.42792224884033;-48.4453392028809;Avaliações curtas e positivas, elogiando o churrasco, os pratos e o atendimento, sem mais detalhes.
Churrasco da Gabi;-1.43589502573013;-48.4684638977051;Avaliações descrevem churrasco bom e barato em ambiente simples, com espetos, cortes como picanha e bisteca, peixe frito, cervejas e sobremesas, pratos bem servidos com baião, farofa e salada de batata e atendimento rápido. Citam funcionamento só em alguns dias e uma menciona MPB ao vivo aos domingos. Uma ressalva é o banheiro bem simples.
Churrasco da Margareth;-1.41819989681244;-48.4838180541992;Especialidade: churrasco. Avaliação curta e positiva, sem detalhes.
Churrasco da Sogra;-1.41920018196106;-48.4699249267578;Especialidade: brasileira. Avaliações com tom misto. Há elogios ao churrasco, ao atendimento e à entrega feita fora do horário. Há reclamações sérias: cobrança de valor a mais pelo dono, falta de higiene com comida exposta a moscas e baratas, churrasco queimado e suco aguado. Uma avaliação relata que todos os clientes foram assaltados no local e fala em ambiente sem segurança.
Churrasco da Tia;-1.42259085178375;-48.474796295166;Especialidade: churrasco. Avaliações elogiam o churrasco saboroso, o prato feito bem servido, o preço acessível e o atendimento, com pedido também para o local de trabalho. Uma avaliação não recomenda, dizendo que a dona não aceita críticas, é mal-educada e quer vender gato por lebre.
Churrasco Das Morenas;-1.29777830839157;-48.4773559570312;Especialidade: churrasco. Avaliações curtas e positivas. A única com detalhes elogia a bisteca, os espetinhos, o baião, a farofa crocante, a salada com maionese e o vinagrete, além do atendimento, e cita que fazem delivery.
Churrasco do Edson;-1.46238195896149;-48.4708976745605;Especialidade: churrasco. Uma avaliação elogia a comida, a cerveja gelada e o atendimento. Outra diz que está na hora de trocar a churrasqueira.
Churrasco do Flor;-1.36125558614731;-48.4498329162598;Especialidade: churrasco. Avaliações com tom misto. Uma elogia a comida barata e saborosa, a picanha e o serviço, e diz que o lugar lota de moradores toda noite. Outras o classificam como normal ou regular. Uma avaliação é muito negativa: relata garçom grosseiro, frango cru por dentro, arroz duro e salada azeda, e diz ter tido intoxicação alimentar depois.
Churrasco Do Passarinho;-1.40364515781403;-48.4440994262695;Avaliações em geral positivas, citando atendimento rápido, funcionários prestativos, preço acessível e churrasco que serve para almoço e jantar. Uma avaliação é negativa e diz que o preparo é imundo.
Churrasco do Pierre;-1.4500846862793;-48.4764213562012;Especialidade: churrasco. Avaliações descrevem churrasco de ambiente familiar, agradável e tranquilo, com carnes macias no ponto certo, espetos de pedaços grandes, farofa e macaxeira de acompanhamento, boa caipirinha e preço justo, tanto no salão quanto no delivery. Elogiam a recepção e as garçonetes simpáticas. Uma ressalva é a demora para servir a refeição.
Churrasco Do Preto;-1.44240701198578;-48.4726104736328;Especialidade: churrasco, árabe (kebab), música ao vivo. Avaliações curtas e positivas, uma delas elogiando a comida e a cerveja, sem mais detalhes.
Churrasco do roberto;-1.37655997276306;-48.4331169128418;Especialidade: churrasco. A única avaliação lida elogia o ambiente agradável, o atendimento e a comida, e recomenda o lugar.
Churrasco do Tchaca;-1.46589624881744;-48.4968376159668;Especialidade: churrasco. Avaliações curtas e positivas, sem detalhes. Uma delas diz que é muito bom e com preço acessível.
Churrasco do tio;-1.41737699508667;-48.4695281982422;Especialidade: churrasco. A única avaliação lida elogia a comida, o atendimento e o preço justo, e recomenda.
Churrasco e cia;-1.45434606075287;-48.4521636962891;Especialidade: brasileira. Avaliação única, curta e positiva, sem detalhes.
Churrasco Futebol Clube;-1.47231328487396;-48.4774856567383;Avaliações curtas e positivas, elogiando o atendimento e dizendo ser um dos melhores que já comeram. Uma menciona pedido por aplicativo de entrega.
Churrasco Gaúcho;-1.44571316242218;-48.4691123962402;Especialidade: churrasco. Avaliações elogiam o churrasco no estilo gaúcho, feito só com carne e sal grosso, com carne macia e no ponto, citando costela e cupim na cerveja. Também elogiam as marmitas pelo custo-benefício e o atendimento.
Churrasco Mix;-1.36958789825439;-48.4215087890625;Especialidade: brasileira. Avaliações em tom misto, a maioria sobre entrega. Há elogios à comida saborosa, à entrega rápida e a pedidos de troca atendidos. Há também reclamações de duas horas de espera pelo almoço com pedido de reembolso e de comida sem sabor com calabresa queimada.
Churrasco na Chapa da Dalila;-1.46645665168762;-48.4623413085938;Especialidade: churrasco. Avaliações em tom misto. Elogiam o churrasco saboroso, a variedade de carnes assadas suculentas e o local limpo. Uma diz que o atendimento deixou a desejar e que a comida demorou pouco mais de 30 minutos, e outra diz apenas que não é muito boa.
Churrasco No Pão;-1.42463719844818;-48.4717178344727;Avaliações descrevem um lugar simples, com mesas na calçada, que serve sanduíches de churrasco grandes e bem temperados, com atendimento atencioso. Há várias reclamações de espera de 40 minutos a mais de uma hora, de espaço pequeno que molha quando chove e de lanche diferente do divulgado nas redes sociais. Uma sugere que o delivery é melhor.
Churrasco sabor na brasa;-1.40158224105835;-48.4422798156738;Avaliações elogiam a comida, citando um pastel de carne, e há cliente que frequenta há muitos anos e indica a amigos e familiares. Uma reclama que a quantidade servida vem diminuindo e que já trocaram o acompanhamento pedido por arroz gelado.
Churrasquinho L&A;-1.47221326828003;-48.4935035705566;A única avaliação lida reclama que o delivery é muito fraco e só atende o Jurunas.
Cia Alto Grau de Pizza;-1.4215761423111;-48.4749794006348;Especialidade: pizza. Avaliações positivas, na maioria curtas, focadas em pedidos por entrega. Elogiam a massa, o recheio farto, a pizza chegando quente em menos de 30 minutos e o preço.
Cia Paulista;-1.37132334709167;-48.4437446594238;Especialidade: pizza. Avaliações em tom misto sobre uma pizzaria tradicional. Parte considera as pizzas gostosas e o preço justo ou compatível. Há críticas a pizza salgada e sem cuidado pelo preço cobrado, tamanho pequeno, ambiente sujo com banheiros encardidos e atendimento que precisa melhorar.
Cia Paulista de Pizza;-1.38979905843735;-48.4646186828613;Especialidade: pizza. Avaliações majoritariamente negativas. Reclamam de espera de 40 minutos a uma hora, de queda de qualidade, com pizza de pouco recheio pelo preço, e de um funcionário que negou guardanapo a quem não era cliente. Uma diz que a comida do almoço é boa, mas que a demora não compensa.
Cia Sushi;-1.47178691625595;-48.468620300293;Especialidade: japonesa. Avaliações descrevem um restaurante japonês pequeno e simples, climatizado e aconchegante, com delivery, cardápio variado, promoções diárias e bom preço. Elogiam sushi, temaki e yakisoba. Uma avaliação mais morna cita espera de 30 a 40 minutos, sabor estranho do molho tarê e vasilhas e talheres que deixaram a desejar.
Cia. Paulista;-1.43905019760132;-48.4678649902344;Especialidade: pizza. Avaliações positivas elogiam a comida, o ambiente e o atendimento, citando pizza e lasanha. Uma considera o custo um pouco alto, mas diz que vale. Outra comenta que fica barulhento quando há famílias em aniversários e confraternizações, embora normalmente seja tranquilo.
Cia. Paulista de Pizza;-1.40288633108139;-48.4303245544434;Especialidade: pizza. Avaliações curtas e positivas, sem detalhes.
Cicero Hot Dog;-1.45534193515778;-48.4860916137695;Especialidade: cachorro-quente, lanchonete. Avaliações descrevem um cachorro-quente de rua tradicional, com mais de 25 anos, frequentado por universitários, elogiando a batata palha caseira, o pão fresco, a salsicha e os molhos. Citam também delivery por aplicativo. Uma avaliação fala em entrada de vinte reais e diversão em família, o que parece se referir a outro lugar.
Cinquentinha Lanche;-1.4369889497757;-48.4669647216797;Avaliações descrevem um lanche de rua tradicional e muito barato, na esquina da Vileta com a Duque, com hambúrguer e cachorro-quente. Contam que o nome vem de quando o lanche custava cinquenta centavos. Elogiam o sabor, a agilidade e o custo-benefício, e avisam que é muito procurado, chega à tarde e fecha quando acaba.
Cipó Restaurante e Doceria;-1.43750059604645;-48.488208770752;Avaliações elogiam o almoço em ambiente simples, aconchegante e acolhedor, com culinária capixaba. Destacam a moqueca, o risoto de banana da terra, a feijoada do menu executivo, a pimenta artesanal e a sobremesa de cocada com sorvete, além do atendimento e da simpatia do chef.
City Burger;-1.43445134162903;-48.4627227783203;Especialidade: hambúrguer, fast-food. Avaliações elogiam o hambúrguer suculento, com a carne no ponto pedido, o preparo rápido, o suco de limão com morango, os molhos, o atendimento e os preços acessíveis. Uma diz que espera até na calçada. A única ressalva é a maionese caseira vir em dose pequena.
CJ Lanches;-1.38947200775146;-48.4284019470215;Especialidade: lanchonete. Avaliações em maioria positivas, dizendo que o lanche é delicioso, bom de preço e o melhor da região, com elogio ao chapista. Uma reclama de sanduíche que chegou frio e com muita demora.
Classic lanches;-1.42750096321106;-48.4756546020508;Especialidade: lanchonete, hambúrguer. Avaliações positivas elogiam o lanche saboroso, o preço justo, a bebida bem gelada e o preparo rápido. Uma o considera o melhor lanche da Pedreira e da Sacramenta.
Cleber Lanches;-1.43460988998413;-48.4654235839844;Especialidade: lanchonete, fast-food, pizza. Avaliações majoritariamente críticas. Reclamam de sanduíches pequenos e caros, pão velho, hambúrguer salgado, lanches incompletos, demora, falta de higiene no manuseio dos copos e atendentes mal-humorados, além de um pedido trocado para cliente com alergia. Como pontos positivos citam comida saborosa, alguns atendentes prestativos e o horário estendido.
Club 21 Pub;-1.39900505542755;-48.4535446166992;Avaliações em maioria positivas descrevem um espaço novo e agradável, com boa seleção musical, cerveja bem gelada e tira-gostos caprichados. Uma avaliação negativa diz que o lugar é pequeno, sem conforto e sem atrações, e não recomenda.
Club da saudade;-1.35642874240875;-48.4522399902344;Especialidade: balada. Avaliações descrevem um salão grande, limpo e seguro para dançar, voltado a quem curte baile da saudade, com cerveja gelada, banheiros e mesas limpos. As ressalvas são a falta de estacionamento, poucas opções de comida e um DJ de domingo cujo repertório desagradou.
Club T1;-1.409159719944;-48.4563674926758;Avaliações descrevem um clube amplo e arborizado, tranquilo, bom para levar a família e as crianças e usado para eventos, festas juninas e formaturas. Uma diz que o espaço é grande mas precisa de mais cuidado.
Clube Da Pizza;-1.30222713947296;-48.4809951782227;Especialidade: pizza. Avaliações curtas e positivas, sem detalhes.
Clube Da Sinuca;-1.29643583297729;-48.4889221191406;Especialidade: gastropub. Avaliações curtas e positivas, sem detalhes.
Clube do Espeto;-1.30234110355377;-48.4813919067383;Avaliações curtas e positivas, sem detalhes.
Combu da Amazonia;-1.48964726924896;-48.4624786376953;A única avaliação é uma pergunta sobre se o local tem pousada, sem descrever o lugar.
Comer Bem;-1.2927308678627;-48.4619903564453;Avaliações elogiam a comida saborosa e bem servida, a entrega rápida com marmita em porções separadas e o bom atendimento. Uma avaliação fala em passar o dia com a família no local.
Comida da Mamãe;-1.44465118646622;-48.491584777832;Especialidade: brasileira, frutos do mar. Avaliações elogiam a comida caseira, o delivery bem embalado com entregador simpático e o ambiente arejado. Uma avaliação de 2022 reclama que o telefone informado no Google não existia e questiona se o restaurante ainda estava ativo.
Comida Mistura Paraense;-1.41456246376038;-48.4717063903809;Avaliações descrevem comida de rua boa e variada, com pratos baratos que servem duas pessoas e farofa à vontade. Elogiam custo-benefício e atendimento e citam que aceita cartão. Uma avaliação discorda de cobrar mais para misturar três tipos de comida na mesma marmita.
Complexo Bom Bar;-1.46018135547638;-48.453670501709;Avaliações descrevem um lugar agitado, não recomendado para quem busca tranquilidade, e bom para jogar bola com os amigos. Uma avaliação acha caro e diz que o bairro é perigoso para quem não conhece. Outra reclama de gatos dentro da arena.
Complexo do Ver-o-Peso;-1.45122241973877;-48.5024604797363;Avaliações descrevem um grande mercado a céu aberto, movimentado e cheio, com barracas de peixe, ervas, castanhas, roupas e comida regional, perto de portos e pontos de ônibus. Opiniões divergem sobre a limpeza: uns acham limpo e organizado, outros sujo e com urubus. Elogiam as barracas de açaí e recomendam a visita.
Complexo Porto Beer;-1.47484290599823;-48.4722709655762;Avaliações descrevem local com vista para o rio, piscina, estacionamento e música ao vivo, bom para ir em família e com crianças e alternativa a atravessar para o Combu. Elogiam a isca de peixe bem servida e a cerveja gelada. Há críticas a preço e quantidade, demora da comida, peixe salgado e calor.
Complexo Show;-1.35635793209076;-48.4522438049316;Especialidade: balada. Avaliações elogiam o ambiente agradável e limpo e a segurança do local para se divertir. Uma sugere ter bebidas quentes e outra diz sentir saudade e pergunta quando o lugar vai voltar a funcionar.
Confeitaria Tivoli;-1.45210909843445;-48.4962387084961;Especialidade: padaria, doces. Uma avaliação elogia a equipe muito simpática e a comida, recomendando o suco de laranja e o pão na chapa. As demais são curtas e positivas, sem detalhes.
Conveniência Chute Certo;-1.41863799095154;-48.4748878479004;Avaliações curtas e positivas. Uma elogia o ambiente, a cerveja bem gelada e a venda de lanches saborosos. Outra é de alguém que ainda não conheceu o lugar.
Conveniencia FK;-1.35766232013702;-48.4552040100098;Avaliações curtas e positivas, citando lugar bom para tomar uma cerveja gelada, cerveja barata e bom atendimento.
Conveniencia Indepen;-1.37998634576797;-48.4513702392578;Avaliações elogiam os preços baixos, o atendimento e a cerveja bem gelada, e descrevem a distribuidora como lugar agradável para tomar uma cerveja e conversar com os amigos. Uma avaliação é de alguém que ainda não conheceu o local.
Conveniência T&D;-1.3996889591217;-48.4885139465332;Avaliações curtas e positivas, elogiando o atendimento, o ambiente e a comida. Uma conta que foi para tomar uma cerveja e acabou ficando até a madrugada.
Cookie Coffee Belém;-1.43832004070282;-48.4819259643555;Especialidade: doces. Avaliações elogiam muito os cookies, descritos como os melhores que já provaram, frescos e saborosos, e destacam a entrega rápida, com o produto chegando quentinho, e o atendimento. Os relatos são de pedidos por entrega.
Coronado Poke;-1.45222508907318;-48.4799461364746;Avaliações são mistas. Há quem considere o melhor poke de Belém e a comida gostosa, mas várias reclamam do atendimento ríspido e desinteressado, do preço alto com cobrança de adicionais, do cardápio mais limitado e com menos ingredientes, de excesso de maionese e de skin de salmão salgado e duro.
Coronel Mostarda Food Truck;-1.37031352519989;-48.4459266662598;Avaliações descrevem hamburgueria dentro do Parque Shopping Belém, com elogios aos sanduíches, ao brownie com sorvete, aos preços e ao atendimento. Há reclamações de demora no pedido, de pedidos posteriores saindo antes, de pão levemente queimado e de mostarda muito salgada.
Cosanostra Café;-1.4551500082016;-48.4882774353027;Especialidade: café. Avaliações descrevem um pub tradicional de Belém, aconchegante e descontraído, com música ao vivo, incluindo jazz. Elogiam a cerveja, a comida, os drinks, com menu em que se escolhe a bebida base, e a equipe simpática. Preços dentro do esperado.
Cosmos Club;-1.44185316562653;-48.4835433959961;Especialidade: balada. Avaliações descrevem casa com karaokê como atração principal, bar, quintal e pequena pista de dança, com ambiente agradável, bons hambúrgueres e drinks e pedido por totem. Críticas ao som e microfones do karaokê, a pessoas que cantam várias vezes, à lotação com mesas reservadas e a um andar fechado em alguns dias.
Costa Nua;-1.44493889808655;-48.4605369567871;Especialidade: churrasco. Avaliações elogiam o churrasco e os espetos, bem temperados e no ponto, com destaque para o coração de boi e o espeto de queijo, o preço justo, o atendimento prestativo e a rapidez. Uma avaliação diz que a casa já merecia um espaço maior e melhor.
Cotton Club Icoaraci;-1.30024993419647;-48.4854850769043;Avaliações curtas, na maioria positivas e uma dizendo regular, sem detalhes.
Cova Da Onça;-1.44991433620453;-48.4958953857422;Avaliações descrevem restaurante clássico do centro de Belém, com comida caseira e tradicional, barata, saborosa e bem servida. Uma avaliação critica o ambiente, muito quente pela fumaça da cozinha e com uma pia suja no salão. Outra avisa que pagar em grupo com cartão demora.
Coxinha;-1.4285426735878;-48.4870223999023;Especialidade: lanchonete. Avaliações curtas e positivas, uma delas elogiando o churrasco.
Coxinha da Drica;-1.4038645029068;-48.4531860351562;Avaliações elogiam a coxinha, os sucos, o preço acessível e a qualidade dos lanches e dos ingredientes.
Coxinha Express;-1.44587504863739;-48.4690780639648;Especialidade: frango, fast-food. Duas avaliações são curtas e positivas. As outras três são reclamações de encomendas de salgados para eventos: pedido pago por pix que não foi entregue e sem resposta da loja, salgados muito salgados e encharcados de óleo, e um cabelo encontrado em um quibe.
Coxinha Express ICOARACI;-1.3033122420311;-48.4851264953613;Especialidade: lanchonete. Avaliações elogiam as coxinhas, o preço acessível, as promoções e variedades e o atendimento, tanto pessoalmente quanto pelo WhatsApp.
Coxinha On;-1.44047605991364;-48.4722213745117;Avaliações elogiam as coxinhas, com massa sequinha e recheio bem temperado. Uma delas diz esperar que o lugar volte logo.
Coxinha The City;-1.41312992572784;-48.4666976928711;Especialidade: lanchonete. Avaliações elogiam os salgados, em especial a coxinha de queijo e os mini churros, além do atendimento, da qualidade e da higiene. Uma avaliação relata que o ponto estava fechado, sem placa e com aviso de aluga-se.
Coxinha Toda Hora;-1.45913684368134;-48.4914855957031;Especialidade: fast-food. Avaliações elogiam os salgados, descritos como deliciosos e fresquinhos, e o bom preço. O atendimento divide opiniões: há elogio, mas também relato de atendentes grosseiras no caixa. Uma avaliação reclama de não ter recebido cupom fiscal de uma compra grande.
Cozinha Da Praia;-1.06727015972137;-48.38671875;Avaliações descrevem um restaurante à beira da praia do Paraíso, com música ao vivo, ambiente familiar e agradável para relaxar. Elogiam a comida, as porções generosas e o atendimento. Uma avaliação nota que os preços são um pouco mais altos que os da barraca ao lado.
Cozinha de Bistrô;-1.4551503;-48.494423;Avaliações descrevem um local pequeno e agradável, indicado para almoço, com comida bem preparada, preço justo e bom atendimento. Uma avaliação comenta que o horário é só de almoço, o que dificulta voltar.
Cruzeiro do Sul Churrascaria;-1.43595993518829;-48.4867248535156;Especialidade: churrasco. Avaliações curtas e positivas, sem detalhes.
Ct Leão Thai;-1.37539851665497;-48.459716796875;Avaliações curtas e positivas, que citam alta credibilidade, sem outros detalhes.
Ct Top Thai;-1.387171626091;-48.428955078125;Avaliações descrevem um centro de treinamento de luta, elogiando o mestre, dedicado e comprometido, os treinos e o clima de acolhimento entre os alunos. Uma avaliação menciona mudança para um novo endereço.
Cuca Livre;-1.33095067739487;-48.4479866027832;Avaliações descrevem um bar com música ao vivo de voz e violão, cerveja bem gelada, petiscos gostosos, preço acessível e ambiente agradável e acolhedor. Uma avaliação reclama da fumaça de cigarro na parte interna e pede sinalização para os fumantes ficarem do lado de fora.
Cultural Corner Bar The Beatles;-1.46517503261566;-48.4984741210938;Avaliações descrevem um bar temático dos Beatles, com rock, pop rock, samba, MPB e música paraense, boa comida e atmosfera envolvente e simples. Uma avaliação diz que cerveja e petiscos custam um pouco acima da média.
Cyber 16 Gráfica Rápida;-1.46241319179535;-48.4966926574707;Avaliações tratam o lugar como gráfica rápida, elogiando a agilidade no atendimento online, a qualidade da impressão, a localização e a equipe simpática e competente.
Cyber Brasconta - Gráfica Rápida, Impressão e Xerox;-1.42981517314911;-48.4692573547363;Avaliações tratam o lugar como gráfica e cyber para cópias e impressões, elogiando o preço baixo, o horário de funcionamento e o atendimento atencioso.
Cyber Café & Lan Ponto do Acesso;-1.46131956577301;-48.4542541503906;A única avaliação com texto elogia o atendimento.
D & G Salgados;-1.46853339672089;-48.4989852905273;Especialidade: lanchonete. Avaliações curtas e positivas, uma delas diz ter sido bem recebida.
D.J. Sorvetes;-1.47141969203949;-48.4812469482422;Especialidade: sorvete, doces. Avaliações elogiam o sorvete, apontado como o melhor do bairro, a qualidade e o atendimento, e citam o lugar como boa opção para aliviar o calor.
D'rossigrill;-1.43316793441772;-48.452262878418;Avaliações descrevem um restaurante tranquilo para almoço, com espetinhos bem servidos, comida bem temperada, preços acessíveis e bom atendimento. Elogiam o pão de alho e o pudim. Há críticas a acompanhamentos servidos frios, suco em temperatura ambiente e estacionamento prejudicado por obras.
D&D Sorveteria;-1.40152478218079;-48.443229675293;Especialidade: sorvete, doces, coreana. A única avaliação com texto elogia o sorvete, os sabores diferentes e o atendimento atencioso.
Damata Sorvete Amazônico;-1.45620775222778;-48.4721260070801;Especialidade: sorvete, doces. Avaliações descrevem uma sorveteria de bairro com sorvete gostoso e de boa qualidade, sabores regionais, ambiente limpo e atendimento simpático. As críticas apontam pouca variedade de sabores, porções pouco generosas e falta de picolés, e há quem prefira a concorrente Cairu pelo mesmo preço.
Dandara Restaurante;-1.45175230503082;-48.480541229248;Avaliações elogiam a comida, saborosa, caprichada e em porções generosas, com destaque para peixes e leitão na chapa. Há reclamações fortes de atendimento nos fins de semana: pedido que demorou mais de 1h30, poucos funcionários no salão e desorganização com a casa cheia.
Decanter Adega;-1.45488297939301;-48.4800834655762;Avaliações descrevem um lugar pequeno e aconchegante, com boa seleção de vinhos e comida elogiada pela maioria, indicado para um jantar especial e também usado para eventos. Não é barato, segundo uma avaliação. Há críticas ao atendimento, com poucos garçons e pouca atenção, e uma avaliação achou a comida mediana.
Deck Belém;-1.43207055330276;-48.4711952209473;A maioria das avaliações é curta e positiva, sem detalhes. Uma avaliação reclama de som muito alto, serviço muito lento, com cervejas chegando após 45 minutos, e carne servida muito fina.
Deck Tulum;-1.44593095779419;-48.4932022094727;Especialidade: balada. Avaliações divididas. Uma elogia o lugar jovem e moderno, com boa música e atendimento. Outras criticam o espaço minúsculo e de difícil acesso, poucas opções de cerveja, falta de comida, mesas todas reservadas e público muito jovem sem conferência de idade. Há relato de cobrança irregular e de garçom que desrespeitou a esposa de um cliente.
Deixa Falar;-1.46670669317245;-48.5004348754883;Especialidade: balada. Avaliações identificam o lugar como escola de samba, elogiando a atmosfera e o lançamento do samba enredo 2025. Uma avaliação de 2023 reclama de barulho excessivo e de rojões soltos na rua à noite.
Del 19 Pub;-1.3038409948349;-48.4853782653809;Especialidade: hambúrguer. Avaliações descrevem um pub para beber com amigos e jogar sinuca, com hambúrguer artesanal elogiado e atendimento excelente. Há quem ache o som e o público barulhentos, quem sinta falta de mais opções vegetarianas e quem lamente a perda da antiga identidade de rock da casa.
Delícias da Gastão;-1.41504943370819;-48.4755477905273;Especialidade: lanchonete. Avaliações elogiam o churrasquinho, de tempero caseiro, e o atendimento simpático. Uma delas o chama de melhor churrasco da Sacramenta.
Delicias da Manu Salgados;-1.44574308395386;-48.4612159729004;Especialidade: lanchonete. Avaliações elogiam as coxinhas, fritas na hora e em vários sabores, além de pastel de forno e empada. O espaço é descrito como caseiro, aconchegante e movimentado, para comer no local ou levar, e frequentado por famílias. Uma avaliação achou a massa grossa demais, outra achou fininha.
Delícias de Tapioca;-1.39812457561493;-48.452522277832;Especialidade: café. Avaliações descrevem como opção de café da manhã na Marambaia, com cardápio variado, comida de sabor caseiro preparada na hora e bebidas quentes ou geladas, citando cuscuz com frango e suco. Há uma reclamação forte de atendimento péssimo, com mais de uma hora de espera e pedido perdido. Outras avaliações são curtas e positivas.
Delícias do Bosque;-1.38649994134903;-48.4390029907227;Avaliações elogiam a comida regional, com chapas de peixe, camarão e caranguejo, pirarucu frito e açaí, e o atendimento atencioso dos proprietários. Descrevem ambiente simples, pequeno, tranquilo e com área verde, dentro de um condomínio onde o carro fica do lado de fora. Há crítica de preço alto para uma chapa pequena e de lugar muito quente.
Delícias do Pará;-1.40374755859375;-48.442699432373;Especialidade: doces, buffet (rodízio), espanhola. Uma avaliação descreve como bom lugar para conhecer comida regional a preços normais, mas critica o serviço, dizendo que o cardápio e a chamada de garçom digitais não funcionam bem e que foi preciso pedir duas vezes a cerveja e a conta. Outra elogia a mariscada. As demais são curtas e positivas, sem detalhes.
Delícias do Trapiche;-1.41660594940186;-48.4690284729004;Especialidade: música ao vivo. Uma única avaliação, curta e positiva, sem detalhes.
Delicidade;-1.45525693893433;-48.4900245666504;Especialidade: padaria. Avaliações curtas descrevem como uma boa padaria local e elogiam o café. Uma delas diz que o lugar é pequeno e de preço alto. As demais são positivas, sem detalhes.
Delicidade;-1.45045936107635;-48.4970550537109;Avaliações descrevem como conveniência e padaria no centro que funciona como cafeteria, elogiando o pão, o café, os doces, os lanches, os preços e funcionários bem-humorados, e citando pratos como feijoada e macarronada. Dizem que costuma estar lotado. Há uma reclamação grave de higiene, relatando um rato circulando no ambiente durante o café da manhã.
DeliCidade;-1.45481550693512;-48.4799499511719;Especialidade: padaria. Uma avaliação descreve como ótima padaria e mercearia. As demais são curtas e positivas, sem detalhes.
Delivery Peixaria Mancha - Unidade Tavares Bastos;-1.40160119533539;-48.4548797607422;Especialidade: frutos do mar. Avaliações elogiam o ambiente agradável, o atendimento e a comida, destacando peixe fresco, opções variadas e espaço kids, e dizem que é fácil de achar. Uma avaliação observa muitas moscas na área externa, apesar dos ventiladores, mas ainda recomenda o lugar.
Deposito Brasil;-1.40725755691528;-48.4545249938965;Avaliações curtas elogiam o atendimento rápido e os funcionários educados. Uma descreve o lugar como depósito de água de entrega rápida na Marambaia e outra elogia a comida.
Depósito Day;-1.46579992771149;-48.4824562072754;Avaliações curtas e positivas elogiam a cerveja gelada e mencionam que fazem entregas no entorno.
Depósito Dias;-1.30215358734131;-48.481616973877;Avaliações descrevem lugar para curtir a noite, com música ao vivo, tira-gostos variados e bebidas geladas, e bom para assistir a jogos de futebol. Há uma reclamação de preços acima da média e de atendimento, relatando compra entregue em uma única sacola que estourou. Outras são curtas e positivas.
Depósito do Beltrão;-1.41579413414001;-48.4840393066406;Avaliações curtas descrevem como lugar para comprar bebidas, elogiando o preço e a cerveja disponível 24 horas.
Depósito do Luã;-1.30443149805069;-48.4839401245117;Avaliações elogiam a cerveja barata e muito gelada, o bom atendimento e a aceitação de cartões, e descrevem como ponto de encontro em Icoaraci. Uma avaliação brinca que o marido passa tanto tempo lá que vai levar a cama.
Depósito e Comercial Bucólica;-1.14774769544601;-48.4638977050781;Avaliações falam de um comércio com variedade de produtos, embora uma diga que há poucos produtos. Elogiam o atendimento e a acessibilidade e sugerem que o lugar poderia ser mais claro e mais organizado. Outras são curtas, entre regular e positiva.
Deposito SAO JORGE;-1.3022792339325;-48.4821548461914;Avaliações curtas e positivas, sem detalhes.
dequinttal;-1.39583098888397;-48.4569473266602;Especialidade: churrasco. Avaliações elogiam muito as carnes, o churrasco e os hambúrgueres de wagyu, além do ambiente agradável e do atendimento prestativo. Consideram o preço um pouco alto, mas compatível com a qualidade. Uma avaliação critica o creme de queijo de um hambúrguer, a batata borrachuda e as cadeiras desconfortáveis. Não há estacionamento próprio, mas há vagas na rua.
Dimi's Burger;-1.44844567775726;-48.4870147705078;Especialidade: hambúrguer. Avaliações elogiam os lanches, o preço justo, a qualidade da comida e o atendimento, e mencionam entrega rápida.
Direct Marine Restaurante;-1.47810769081116;-48.4828338623047;Avaliações elogiam o ambiente, o atendimento, a comida e os petiscos, e dizem que o espaço é bem organizado. Uma avaliação reclama de falta de estrutura para visitas e outra relata ter encontrado o lugar fechado em uma quarta-feira.
Disk Açaí Iaçá;-1.44371771812439;-48.4812088012695;Avaliações elogiam o açaí como de alta qualidade e um dos melhores de Belém, mencionam entrega local e venda de açaí congelado em caixa térmica para viagem. Há uma reclamação de que é impossível falar com a empresa por WhatsApp ou telefone.
Disney Lanches;-1.46119463443756;-48.4640159606934;Avaliações elogiam os lanches e o hambúrguer, a maionese verde caseira, o ambiente e os preços baixos.
Divina Terra Belém;-1.44874382019043;-48.4723091125488;Avaliações descrevem loja de produtos orgânicos e naturais com lanchonete de linha vegana, sem lactose e sem glúten, elogiando o café da manhã em combo, o almoço saudável, a torta de chocolate e a proprietária. Há uma avaliação negativa dizendo que as atendentes não são simpáticas e tratam os clientes conforme a classe social.
Divino Açaí do Diego;-1.45583391189575;-48.4738388061523;Avaliações elogiam o açaí como um dos melhores da cidade, com selo de qualidade, boa higiene, bom preço e atendimento respeitoso do dono. Há uma reclamação de falta de respeito: o cliente pediu o açaí popular anunciado na placa e ouviu que só havia os tipos mais caros.
Divino Fogão;-1.37019664049149;-48.4461936950684;Avaliações de uma palavra, quase todas positivas e uma negativa, sem detalhes.
Divino Fogão;-1.40277749300003;-48.4303245544434;Especialidade: buffet (rodízio). Avaliações curtas e positivas, sem detalhes. Uma diz que o prato era menor que o da foto e que o sabor era bom, mas esperava mais.
Divino Fogão;-1.44632947444916;-48.4894676208496;Especialidade: brasileira. Avaliações descrevem restaurante casual de buffet por quilo, com variedade de comidas locais e opções de carne, frango e peixe, a preços justos e acessíveis. Elogiam a comida e a simpatia do atendimento. Outras são curtas e positivas.
Divino Pastel Gourmet;-1.42333781719208;-48.4655227661133;Especialidade: brasileira. Avaliações têm tom misto. Elogiam o ambiente bonito e confortável, a boa música, a variedade de pastéis e as funcionárias atenciosas. Criticam a demora dos pedidos feitos por tablet, que às vezes falha, recheio muito salgado e preço que não compensou. Uma avaliação relata a proprietária gritando com as funcionárias, o que constrangeu os clientes.
Divino Sabor;-1.38756453990936;-48.4267539978027;Especialidade: lanchonete. Avaliações curtas e positivas elogiam o atendimento, o conforto do lugar, a comida gostosa e a qualidade com preço baixo.
Do Cheff Pizzaria;-1.46635937690735;-48.4688606262207;Especialidade: pizza. As avaliações lidas são todas negativas. Relatam pedidos errados ou cancelados sem aviso, espera de mais de duas horas, pizza de tamanho diferente do pedido ou quase sem recheio, talheres sujos e atendimento que culpa o cliente. Alguns dizem que eram clientes fiéis e que a pizza já foi boa, melhor na época do antigo dono.
Doca Duo;-1.44358336925507;-48.4906730651855;Avaliações curtas e positivas descrevem um lugar legal para se divertir e tomar cerveja bem gelada.
Doceria Amorosa;-1.45786285400391;-48.4952087402344;Especialidade: doces, lanchonete, chá. Avaliações elogiam os doces, o café e o pão de rosas, tido como referência da casa, e veem o lugar como boa parada no shopping. Há ressalvas à localização, perto de um parque infantil barulhento. Uma avaliação reclama de fatia de torta de morango cara e com cheiro forte de ovo, dizendo que o lugar é caro e sem qualidade.
Doceria Delalê;-1.4578355550766;-48.4948616027832;Especialidade: doces. Avaliações mistas sobre uma doceria no shopping Pátio Belém. Parte elogia tortas, salgados, bolo quente em fatia bem servida, preço justo e atendimento rápido e cordial. Há reclamações de cardápio desatualizado, empadão pequeno, caro e pouco fresco, atendimento grosseiro no caixa e um relato de mal-estar depois de comer no local.
Doceria e Cafeteria Delalê;-1.42498075962067;-48.4580345153809;Especialidade: doces. Avaliações elogiam a grande variedade de bolos, doces e salgados, os bons preços, o serviço rápido e o café, com destaque para um affogato de tapioca. Uma avaliação diz que os atendentes são simpáticos mas ficam no celular e demoram a notar o cliente.
Doceria Monikita;-1.45394611358643;-48.4536285400391;Especialidade: doces, padaria. Avaliações curtas e positivas dizem que o lugar é confortável e refrigerado e elogiam muito o bolo.
Doceria Vivi Doces;-1.35223865509033;-48.4527435302734;Especialidade: doces. Avaliações elogiam os bolos e doces, descritos como saborosos, macios e bem feitos, e o atendimento, inclusive ao resolver um problema de entrega. Vários avaliadores pedem por delivery e não conhecem a loja física, que outro descreve como aconchegante. Há uma reclamação de bolo entregue sem uma das fatias.
Doces Bembom;-1.45963454246521;-48.4718704223633;Avaliações tratam de uma fábrica de bombons e trufas de chocolate, elogiando o sabor, os preços acessíveis e o atendimento cortês. Citam encomendas pelo site e entrega. Há críticas por não aceitar cartão, não dar desconto em compras por quantidade e pelo local ser difícil de achar.
Doçuras da Elânia;-1.40132027864456;-48.4480438232422;Especialidade: doces. Avaliações falam de bolos e doces por encomenda. A maioria elogia a qualidade e diz que a entrega supera o esperado, inclusive de quem encomenda todo ano. Há uma reclamação longa de bolo entregue com o topo em cor diferente da combinada e com problema percebido ao cortar.
Dogueria Pai D'égua;-1.39766681194305;-48.4748001098633;Especialidade: lanchonete. Avaliações curtas e positivas elogiam o cachorro-quente, apontado por um avaliador como um dos melhores de Belém.
Dom Apetite Pizzaria e Restaurante;-1.44130444526672;-48.461067199707;Especialidade: pizza. A única avaliação foi escrita enquanto o cliente aguardava uma entrega e não descreve a comida nem o lugar.
Dom Arthur;-1.45051896572113;-48.4666404724121;Avaliações positivas elogiam o espaço, o cardápio e o atendimento, e descrevem comida caseira muito boa com ótimo custo, ideal para o dia a dia.
Dom Bernardo Restô;-1.40010261535645;-48.4830741882324;Avaliações em geral elogiam a comida, a cerveja gelada, o preço, a limpeza e as pessoas do lugar, e um avaliador conta que foi assistir a um jogo de futebol lá. Há uma reclamação forte de entrega demorada, com pedido trocado e tratamento de menosprezo ao cliente.
Dom Bistro;-1.44118863344193;-48.4873466491699;Avaliações elogiam a comida saborosa e bem servida, com pratos em que se escolhe uma proteína e acompanhamentos, a preço acessível. Descrevem o ambiente como calmo, silencioso e aconchegante e o atendimento como gentil. Indicado pelos avaliadores para almoço durante o expediente de quem trabalha perto do centro.
Dom Ferreira Pizzaria Delivery;-1.32810473442078;-48.4383125305176;Especialidade: pizza. A única avaliação elogia a pizza, que chega quente e com bastante recheio, e os preços.
Dom Galeto;-1.4558322429657;-48.4519538879395;A única avaliação é curta e elogia o frango na brasa.
Dom Galetto Espetaria;-1.47019827365875;-48.490062713623;Especialidade: churrasco. Avaliações elogiam os espetos, com carne macia e no ponto, os acompanhamentos, o suco e o atendimento. Um avaliador recomenda sentar dentro, pois as mesas externas ficam na calçada, e avisa que aos domingos é preciso paciência. Há crítica a garçons atrapalhados, suco doce demais e pagamento só à vista, com conta considerada alta.
Dom Gastro Bar;-1.45530128479004;-48.4740791320801;Avaliações em geral elogiam os espetos, as parmegianas, os drinks, a música e o ambiente amplo, com área para crianças, visto como bom para família, amigos e happy hour. Citam preços coerentes e promoções. Há uma reclamação de duas horas de espera sem atendimento, com mesas que chegaram depois sendo servidas antes.
Dom Litrão;-1.46168208122253;-48.5043144226074;Avaliações positivas descrevem um bar descontraído na Cidade Velha, com cerveja gelada e barata e bom atendimento, com elogios ao dono pela atenção. Indicado pelos avaliadores para bater papo com os amigos.
Domino's;-1.42969179153442;-48.461353302002;Especialidade: pizza. Avaliações curtas e positivas, sem detalhes. Uma comenta que o ar-condicionado do salão é frio demais.
Domino's Pizza;-1.3736823797226;-48.44287109375;Especialidade: pizza. Avaliações curtas e positivas, sem detalhes. Uma diz que a pizza é boa e que a pizza pan vale a pena.
Domino's Pizza;-1.45436716079712;-48.4860382080078;Especialidade: pizza. Avaliações curtas e positivas, sem detalhes.
Don Raton;-1.43989861011505;-48.454475402832;Especialidade: pizza. Avaliações dizem que a comida e o tempero são bons e que os pratos executivos são fartos e baratos. A crítica recorrente é ao delivery, com muita demora e pedidos que não chegam, sem satisfação ao cliente. Um cliente assíduo reclama que a quantidade e a qualidade do camarão no omelete pioraram.
Dona Célia Comidas Típicas;-1.16401308774948;-48.4728546142578;Avaliações elogiam as comidas típicas, os salgados com massa de batata e macaxeira, os sucos naturais e os preços. Várias dizem que o atendimento precisa melhorar, sobretudo em dias movimentados. Há um relato de salgado de caranguejo estragado e uma queixa irônica sobre vatapá sem camarão e a reação a reclamações.
Dona Joana;-1.44361978769302;-48.4708862304688;Avaliações positivas elogiam a comida deliciosa, o preço justo e o bom atendimento. Uma avaliação mais longa descreve um almoço excelente com peixe frito e se diz emocionada com as histórias, a decoração e a energia do espaço.
Dona Joana Restaurante Café. Cozinha, história, arte e afetos. RESERVAS pelo Ins;-1.45382833480835;-48.4986572265625;Especialidade: café. Avaliações descrevem um restaurante familiar em uma casa antiga cheia de história, quase um pequeno museu, onde se sente como na casa de alguém. Elogiam a comida caseira com poucas opções bem preparadas, o peixe regional, o café com sorvete e a hospitalidade dos donos, que contam a história da casa e do bairro.
Donna Pizza;-1.46790897846222;-48.4970703125;Especialidade: pizza. Avaliações dizem que a pizza é boa, mas reclamam do serviço de entrega, com esperas de duas a cinco horas e pedido que nem tinha ido ao forno depois do prazo informado. Há também avaliações curtas e positivas sem detalhes.
Donutsteria;-1.43514823913574;-48.486759185791;Especialidade: doces. Avaliações elogiam bastante os donuts, tidos por um avaliador como os melhores de Belém, com destaque para o de Ovomaltine. Vários acham o preço alto, embora um considere justo. Uma avaliação avisa que é uma loja pequena de balcão, só para retirada e delivery, sem consumo no local.
Dopara Sorvetes;-1.46447432041168;-48.4959678649902;Especialidade: sorvete, doces. Avaliações elogiam os sorvetes, os lanches, o ambiente e o atendimento, e dizem que não é caro e que o local é pet friendly. Uma pessoa com autismo relata que a atendente adapta o ambiente às suas necessidades e elogia a trilha sonora.
Dora Lanches;-1.26368391513824;-48.5578651428223;Especialidade: lanchonete. Avaliações recomendam os lanches, citam preço justo e excelente atendimento, com ressalva de que o tempo de espera é longo. Algumas falam apenas das praias de Cotijuba, onde fica o local.
Dr. Açaí Belém;-1.4621747136116;-48.4933929443359;Especialidade: açaí, brasileira. Avaliações elogiam o açaí grosso e de qualidade, a higiene no preparo, o atendimento e a entrega rápida. Indicado pelos avaliadores para acompanhar o almoço.
Dr. Grill Costelaria;-1.41474008560181;-48.4659576416016;Única avaliação elogia a costela e recomenda.
Drive Beer conveniência;-1.45684373378754;-48.453067779541;Avaliações curtas e positivas falam em ambiente agradável, excelente atendimento e cerveja gelada, citando o lugar como referência na Terra Firme.
Dú Pará Pescados E Mariscos;-1.44403159618378;-48.4739074707031;Avaliação única, curta e positiva, sem detalhes.
Du-nada Pizzaria;-1.36964118480682;-48.4312400817871;Especialidade: pizza. Avaliações curtas e positivas, uma delas dizendo que é a melhor pizza que já comeu, sem mais detalhes.
Dubi Gastronomia;-1.44252109527588;-48.4909133911133;Especialidade: pizza. Avaliações elogiam as pizzas, o cardápio executivo de almoço com combos a preço acessível, a decoração e o ambiente iluminado e bem refrigerado, com mesas também na calçada. Citam atendimento rápido e pedidos que saem depressa.
Duka lanches;-1.45507121086121;-48.4773979187012;Avaliações elogiam os lanches e hambúrgueres, os molhos, o preço e o custo-benefício, e a maioria fala bem do atendimento. Há uma reclamação forte do delivery, com pedidos incompletos e atendente que trata mal quem reclama.
Dumano;-1.45512193441391;-48.4857177734375;Avaliações descrevem lugar para almoço simples e rápido, com comida de estilo caseiro, porções generosas, preço justo e bom atendimento. Ambiente limpo e climatizado, com pagamento no balcão. Recomendam chegar antes das 12h para evitar fila.
DVD Video Altas Horas;-1.45479488372803;-48.5003814697266;Avaliações curtas e positivas falam em bom lugar para ouvir música e beber cerveja gelada, ambiente bom, preço barato e proprietário atencioso.
É Bom Demais;-1.46754014492035;-48.4763603210449;Especialidade: pizza. Avaliações lidas são quase todas negativas, com reclamações de demora de até duas horas no local e no delivery, pizza fria e oleosa, itens esquecidos e falta de resposta no atendimento. Alguns dizem que o lugar já foi bom e que deixaram de frequentar.
E Espetaria Do Edson;-1.29615491628647;-48.4814682006836;Avaliações descrevem lugar simples com comida boa e gostosa, elogiada por clientes frequentes. Há uma crítica dizendo que a comida veio fria e de qualidade duvidosa.
EBA;-1.44261920452118;-48.4744071960449;Avaliações tratam o local como buffet de festas infantis e eventos. Parte elogia atendimento, decoração, comida e monitores. Há reclamações graves de decoração diferente da contratada, suíte suja, festa encerrada antes do horário, demora na reposição e desorganização.
Eco Pousada Miriti;-1.4550514;-48.4955119;Avaliações descrevem pousada pequena com jardim bonito, quartos simples e limpos, água quente, equipe atenciosa e boa localização para conhecer a cidade. Há críticas a frigobar sem funcionar, formigas, demora para atender a campainha e a uma estadia sem café da manhã, e um avaliador considera a região muito perigosa.
Eco Sushi;-1.44575381278992;-48.4760894775391;Especialidade: japonesa (sushi), brasileira, japonesa. Avaliações descrevem lugar calmo e aconchegante, com área climatizada e ao ar livre, bom atendimento, temaki elogiado e pratos de almoço tipo PF. Há críticas a porção pequena, refrigeração fraca, falta de estacionamento e a um rodízio considerado ruim, com peixe e camarão processados.
Edgar Lanches;-1.35383921861649;-48.4375114440918;Especialidade: hambúrguer. Avaliações são mistas. Quem foi ao local elogia os lanches, o ambiente familiar e aconchegante e o dono atencioso. Há várias reclamações do delivery, com espera de duas a três horas, lanche frio, pedido errado e desculpas do atendimento.
Égua D'usabor;-1.34241139888763;-48.4450225830078;Especialidade: sorvete, doces. Avaliações descrevem sorveteria de bairro com sabores tradicionais e regionais, e elogiam o sorvete. Há reclamações de aumento de preço com redução da quantidade servida, de atendimento ruim e de pouca estrutura para receber muitas pessoas.
Égua da Coxinha;-1.40154474973679;-48.4602851867676;Avaliações elogiam coxinhas fritas na hora, pastel sequinho, lanches e o atendimento. Um avaliador diz que o lugar serve mais para lanches e pizzas e que cerveja não é o foco.
Egua de Bom;-1.45933878421783;-48.4826202392578;Avaliações elogiam o pastel bem recheado, a comida típica como vatapá e maniçoba e o suco natural, e descrevem o lugar como aconchegante. Uma avaliação reclama que é caro e vem pouca comida.
Égua do Miau;-1.46484398841858;-48.4960174560547;Especialidade: árabe (kebab). Avaliações elogiam os espetos e o churrasco, a comida saborosa, o suco, a cerveja bem gelada, a rapidez no atendimento e o preço honesto, apontado como bom custo-benefício da região.
Égua du Açaí;-1.44523906707764;-48.4680366516113;Especialidade: sucos. Avaliações elogiam o açaí cremoso e de qualidade, o preço justo e o atendimento, apontando como um dos melhores do bairro. Citam venda em embalagens de 500 ml e 1 litro para viagem.
Égua Du Buteco Pedreira;-1.4340832233429;-48.4606170654297;Especialidade: música ao vivo. Avaliações curtas e positivas. Uma delas descreve lugar aconchegante, com boa música e ambiente limpo e organizado.
Égua Du Buteco Pedreira;-1.43223083019257;-48.4709358215332;Especialidade: drinks, música ao vivo. Avaliações curtas e positivas, sem detalhes.
Ei Pizza Marambaia;-1.40732550621033;-48.4531860351562;Especialidade: pizza. Avaliações são mistas. Elogiam a pizza de massa fina e leve, o ambiente climatizado e bonito e a rapidez do pedido. Várias reclamam do atendimento, com atendentes pouco receptivas e desatentas, de pratos molhados e sujos e de espaço kids cobrado à parte em que pedem silêncio às crianças.
Eky;-1.43718564510345;-48.4660720825195;Especialidade: brasileira, churrasco, árabe (kebab). Avaliações curtas e positivas, citando comida boa, serviço rápido e equipe simpática.
El Burguer;-1.34666764736176;-48.4494400024414;Especialidade: hambúrguer. Avaliações apontam o hambúrguer como um dos melhores de Belém, com carne suculenta, bons molhos e pedido que sai rápido. Descrevem ambiente família com música ambiente e atendimento atencioso. Ressalvas ao espaço pequeno, ao cardápio de material simples, à taxa de serviço e a excesso de sal em um pedido.
Elohim Restaurante do Tatu;-1.49593162536621;-48.4612884521484;Especialidade: brasileira. Avaliações descrevem restaurante na Ilha do Combu, em meio à floresta, com piscinas, redes, banho de rio e transporte gratuito até a fábrica de chocolate. Parte elogia o peixe e a comida bem servida. Outras reclamam de preços altos, demora, batata malcozida com mosca, formigas e promoção de panfleto não honrada.
Em Casa Hospedagem;-1.16216480731964;-48.4713325500488;Avaliações são mistas. Alguns hóspedes relatam boa recepção dos donos, ambiente calmo, piscina limpa, boa localização e garagem. Outros descrevem a pousada como abandonada, com piscina suja, ar-condicionado sucateado, cheiro de mofo, diária cara sem café da manhã e proprietário indiferente.
Empata's Bar;-1.16061002016068;-48.4722290039062;Avaliações descrevem bar em frente à praia em Mosqueiro, em área arborizada, com pôr do sol bonito, som ambiente de MPB e samba, cerveja gelada, pratos e tira-gostos baratos e bom atendimento. Citam que a praia tem muitas pedras fora da maré alta e que o cardápio é limitado. Uma avaliação o descreve como espaço cultural e político antifascista.
Empório Amazônico;-1.4249404668808;-48.4578323364258;Avaliações lidas elogiam a comida regional e a variedade de pratos, e uma destaca bom atendimento e ar-condicionado. A maioria porém reclama de preços altos, atendimento fraco e esperas muito longas pela comida, de mais de uma hora, sem pedido de desculpas. Uma avaliação afirma que brasileiros foram ignorados em favor de clientes estrangeiros.
Empório da Gelada;-1.43245959281921;-48.4546241760254;Avaliações curtas e positivas elogiam a cerveja. Uma mais detalhada elogia o atendimento, a música, as promoções e os petiscos como pão de alho e queijo coalho, e diz que pretende voltar.
Empório da Praça;-1.43703055381775;-48.4873275756836;Especialidade: padaria. Avaliações descrevem ambiente bonito e climatizado, com café e almoço bons e a preço justo, e elogiam pastel folhado, doces e pães. Há também críticas: uma diz que a comida e o atendimento não são tão bons e que as luzes piscam, e outra reclama de troco não devolvido em pedido por aplicativo de entrega.
Empório do pão sh;-1.42047655582428;-48.4774055480957;Especialidade: padaria. Avaliações elogiam o atendimento, a qualidade dos produtos, os pães macios e crocantes, a limpeza e os bons preços.
Empório do Shake;-1.45651566982269;-48.5033073425293;Uma avaliação diz adorar almoçar no local e que tudo é maravilhoso.
Empório Grão Pará;-1.44728589057922;-48.4855308532715;Especialidade: padaria. Avaliações descrevem lugar aconchegante e bonito para café, lanche e almoço, com produtos de qualidade, lanches frescos, boa variedade de pratos e doces e biscoitos elogiados. Citam preço mais alto, considerado compatível com o bairro, e dificuldade para estacionar. Uma avaliação critica o atendimento fraco e achou os produtos pouco saborosos.
Empório Hamburgueria Beer;-1.47271013259888;-48.4684562683105;Avaliações elogiam o ambiente organizado, o hambúrguer saboroso e o preço acessível, e dizem ser a melhor hamburgueria do Guamá.
Empório Jordano's;-1.16249996423721;-48.4734268188477;Especialidade: pizza. Avaliação curta e positiva, sem detalhes.
Empório Santa Maria;-1.45558345317841;-48.4795227050781;Avaliações elogiam os salgados, em especial a coxinha e o kibe, a comida de qualidade, a limpeza, o ambiente bem refrigerado e a cerveja gelada.
Emporium Belém;-1.44462299346924;-48.4885330200195;Avaliações curtas, em maioria positivas e sem detalhes. Uma diz que é caro e ruim.
Emporium Peixe Amazônico;-1.44280695915222;-48.482349395752;Especialidade: frutos do mar. Avaliações elogiam o peixe bem temperado, como o tambaqui, e os acompanhamentos como baião de dois, farofa e vinagrete. Várias falam de pedidos por entrega, elogiando a rapidez e a gentileza do entregador.
Emy Café;-1.41533321142197;-48.4775238037109;Especialidade: café. Avaliações elogiam o café da manhã e o atendimento.
Encanto da Alagoana;-1.13448309898376;-48.4657897949219;Especialidade: drinks. Avaliações descrevem lugar bom para almoçar peixe ou comer salgados de bacalhau com cerveja, com vista da praia, vento e redes para descanso. Uma avaliação diz que faltou cordialidade.
Eni Restaurante e Recepção;-1.40623599290848;-48.4321632385254;Uma avaliação elogia a comida de qualidade, o ambiente seguro e confortável e o atendimento.
Enxerido Pizzaria - Rodízio e Delivery de Pizza;-1.4304461479187;-48.4688034057617;Especialidade: pizza. Avaliações divididas. Uma elogia o rodízio de pizza e chope, com pizzas saborosas, chope servido sem parar e atendimento simpático. Outra relata a pior experiência gastronômica, com rodízio caro em que chegaram só 7 fatias frias em 3 horas, e fala em descaso. As demais são curtas e positivas.
Escola de Samba Boemios da Vila Famosa;-1.3027315735817;-48.4775352478027;Avaliações elogiam a escola de samba como a melhor de Icoaraci e a descrevem como boa casa de samba, em local fácil de achar.
Esfiharia do Hassan;-1.43908953666687;-48.4788246154785;Especialidade: fast-food, árabe. Avaliações elogiam a comida árabe a preços justos, com destaque para esfihas fechadas de vários sabores, shawarma, kibes e doces. Descrevem lugar agradável, com atendimento rápido e discreto. Citam dificuldade para estacionar, por ficar em frente a uma universidade.
Espaço Arena Caratateua;-1.26078522205353;-48.4617233276367;Avaliações descrevem um campinho bom para jogar futebol com amigos, ótimo em dia de sol e com lamaçal em dia de chuva.
Espaço Cultural Sonoro Paraense;-1.43463879823685;-48.4534683227539;Avaliações descrevem lugar aconchegante e agradável, com música boa em vinil e muita história da música paraense e das aparelhagens, quase um museu. Uma fala em espaço de resgate cultural.
Espaço do Espetinho;-1.29336929321289;-48.4839248657227;Especialidade: árabe (kebab). Avaliações descrevem lugar agradável e familiar, com música ao vivo e cardápio variado. Elogiam a costela de porco, o tropeiro e os espetinhos de picanha e camarão, com preço considerado barato. Uma avaliação, positiva sobre a comida, aponta a música ao vivo como ponto negativo em duas noites de Dia dos Namorados.
Espaço Emmaju;-1.47181010246277;-48.4777221679688;Avaliações descrevem salão de festas grande, com piscina e brinquedos, usado para aniversários infantis. Elogiam a decoração, a organização e a atenção da equipe e dos proprietários.
Espaço Maria Tereza;-1.30043756961823;-48.4866180419922;Especialidade: balada. Avaliações descrevem espaço amplo, arejado e arborizado, com bastante área livre e piscina, e elogiam o atendimento e os professores. Uma avaliação pede um número de contato válido para saber valores e datas disponíveis.
Espaco Novo Sabor;-1.30771887302399;-48.4708290100098;Avaliações descrevem ambiente familiar, tranquilo, limpo e arejado, com espetinhos e comida elogiados, baixo custo e atendimento prestativo. Uma cita que o acesso é melhor com condução própria e que o lugar é bastante frequentado por militares.
Espaço Vida Saudável Bosque;-1.4278906583786;-48.4570236206055;Especialidade: fast-food. Avaliações curtas e na maioria positivas, descrevendo o local como espaço de saúde e vida saudável e chamando de melhor EVS da cidade e restaurante favorito. Uma avaliação reclama de carro com cheiro forte de cerveja e pede mais limpeza, o que parece não se referir ao local.
Espetaria Garagem em Brasa;-1.3325389623642;-48.4430351257324;Especialidade: churrasco. A avaliação lida descreve o local como excelente, limpo e agradável, onde se pede o espeto e os acompanhamentos são à vontade em self service, podendo repetir. Elogia a comida fresca e muito boa e considera o preço justo.
Espetinho da mundurucus;-1.45768129825592;-48.4718475341797;Avaliações elogiam o ambiente acolhedor, a qualidade da comida, com destaque para o suíno, e a cerveja gelada. Um avaliador diz que sempre para lá quando está por perto. As demais são curtas e positivas.
Espetinho de Ouro;-1.30213767290115;-48.4811019897461;Especialidade: árabe (kebab), churrasco. Uma avaliação diz que é muito bom e recomenda. Outra reclama que a entrega só é feita pelo iFood, sem opção de pedir direto e pagar por Pix.
Espetinho do goiano;-1.40642690658569;-48.4530868530273;Avaliações têm tom misto. Há elogios ao sabor da comida e do espeto e ao atendimento dos garçons. As críticas falam de preço alto, taxa de serviço de 20%, demora no pedido, acompanhamento que chega muito antes do churrasco, carne um pouco dura, porção pequena de arroz, mesa pequena e pouca variedade de pratos.
Espetinho Mix;-1.15877097845078;-48.4695053100586;Especialidade: churrasco, árabe (kebab). Avaliações elogiam a comida bem temperada, a carne macia do espeto, a prestatividade no serviço e o ambiente familiar. Um avaliador hospedado em Mosqueiro pediu por delivery, achou o pedido pouco intuitivo mas gostou muito da comida e a considerou melhor que a de quiosques da praia. As demais são curtas e positivas.
Espeto do Marcelo;-1.41561615467072;-48.4772605895996;Avaliações curtas e positivas, elogiando as refeições, a comida boa e o atendimento.
Espeto Paraense;-1.4299293756485;-48.4588356018066;Especialidade: churrasco. Avaliações em geral positivas, citando local agradável, bom atendimento, comida e espetos bons e boa opção para almoçar. Uma avaliação critica a comida sem tempero, apesar das carnes macias, e considera o ambiente bastante desconfortável.
Espetos delas;-1.45047569274902;-48.4598541259766;Especialidade: churrasco. Avaliações reconhecem que a comida e os espetos são bons, mas predominam críticas. Há relatos de espera de mais de duas horas na entrega, churrasco que chegou frio, porções pequenas para o preço e carne mal passada em pedido pelo iFood, seguido de conflito com entregador. Uma avaliação diz que o ambiente é reduzido e pouco convidativo e parece mais voltado a entregas.
Esquina do Espeto;-1.45548665523529;-48.459415435791;Avaliações elogiam o churrasco assado na hora, a carne macia e bem temperada, a boa quantidade e o atendimento, e citam que fica aberto até depois da meia-noite. Há reclamações de demora e da ordem de entrega dos pedidos no local, com sugestão de que o delivery é mais rápido.
Esquina do John John salgados;-1.40156400203705;-48.4559288024902;Especialidade: lanchonete. Avaliações elogiam os salgados, descritos como baratos, gostosos e de qualidade, com destaque para as coxinhas, e citam encomendas para eventos e entregas. Uma avaliação reclama de não abrir no horário, confusão com pedidos pelo WhatsApp e má vontade de uma atendente, embora reconheça a qualidade do produto.
Esquina do Pao;-1.31497371196747;-48.4807777404785;Especialidade: padaria. Avaliações curtas e positivas. Uma delas diz que o lugar é simples, mas tudo é muito gostoso.
Esquina do Pará & cia;-1.44411742687225;-48.4511795043945;Avaliação curta e positiva, sem detalhes.
Estacao Chicago;-1.45491552352905;-48.4962348937988;Especialidade: pizza. Avaliações descrevem um lugar com cara de barzinho descompromissado no centro, com pratos caprichados e fartos, cardápio variado de carnes, frango e peixes, bom atendimento e preço acessível. Elogiam a música ambiente e citam música ao vivo às quintas à noite, com couvert baixo.
Estação da Pizza Delivery;-1.37865197658539;-48.4665985107422;Especialidade: pizza. As avaliações lidas são na maioria negativas. Há reclamações de pizza trocada, entrega com mais de duas horas de espera, pizza fria, queimada ou com pouco recheio, mau atendimento e cobrança de duas taxas de entrega em um mesmo pedido. Uma avaliação curta é positiva.
Estação Grill;-1.44835996627808;-48.4999885559082;Especialidade: vegana, churrasco, vegetariana. Avaliações têm tom misto. Há elogios ao atendimento atencioso dos garçons, ao peixe com molho de camarão, ao hambúrguer e ao preço mais acessível que o dos restaurantes do térreo. Outras criticam espera de mais de uma hora, hambúrguer mal preparado com batatas encharcadas, carne seca e dura e acompanhamentos frios, e uma delas chama o lugar de armadilha para turista.
Estação Restô Café;-1.44945931434631;-48.4976692199707;Uma avaliação reclama de atendimento confuso e preços altos. A outra não tem texto.
Estação Sushi Belém;-1.38371050357819;-48.4372940063477;Especialidade: japonesa, japonesa (sushi). Avaliações elogiam bastante o sushi, chamado por alguns de o melhor de Belém, as peças grandes, o yakisoba e o preço bom. Todas as avaliações lidas são positivas.
Ester lanches;-1.46211993694305;-48.5015830993652;Especialidade: lanchonete. Uma avaliação detalhada descreve um bar ao ar livre, com mesas de plástico e clima despretensioso, cheio de frequentadores habituais e querido pela comunidade, com boa música, equipe simpática e comida muito elogiada, como hambúrguer, carne assada e cachorro-quente. As demais são curtas e positivas.
Esteves Mariscos;-1.45891916751862;-48.5019912719727;Avaliações curtas e positivas, elogiando a qualidade, a entrega rápida e o atendimento.
Estilo Bistrô;-1.4457266330719;-48.486026763916;Avaliações elogiam o rooftop bonito e sofisticado, o atendimento atencioso, a música ao vivo e pratos como polvo, filé e carpaccio, em porções fartas. Descrevem como boa opção para encontro a dois, aniversário ou ocasião especial, com preços mais altos mas condizentes. Há ressalvas a uma batata salgada e ao cardápio físico trazer só as comidas.
Estúdio REATOR;-1.44916009902954;-48.4726829528809;Avaliações curtas e positivas. Uma delas descreve o local como excelente estúdio de teatro e outra cita uma mostra de mídia.
Eternus Motel;-1.43440103530884;-48.4707069396973;Avaliações têm tom misto. Alguns relatam bom atendimento, preço justo, boa localização e quarto simples limpo e organizado, e outro acha pequeno e caro mas confortável. Uma avaliação longa sobre a suíte master reclama de banheira com água suja, acabamento descascado, mofo e sujeira. Um avaliador sugere WhatsApp ou rede social para reservas.
Eti Mariqueti;-1.44708502292633;-48.4814796447754;Especialidade: doces. Avaliações elogiam bastante os doces, os bolos, com destaque para o de brigadeiro, e a torta salgada. Um avaliador recomenda a doceria para quem é de fora e quer conhecer os doces do Pará, e outro conta que comprou lá o bolo de aniversário.
EVENTO HANGAR BELÉM;-1.42219138145447;-48.4582176208496;Avaliações descrevem um centro de convenções amplo, bom para grandes eventos, feiras e exposições, com salão e arquitetura elogiados. Uma avaliação sobre a COP30 cita longas caminhadas, ar-condicionado fraco em algumas salas e um incêndio no local, sem feridos.
EVS Aziza;-1.46243965625763;-48.4909210205078;A única avaliação lida descreve um edifício amarelo bonito e elogia uma padaria ótima no local.
EVS Elegance;-1.45193552970886;-48.4814758300781;Especialidade: chá. Avaliações elogiam o shake, citado como o melhor da cidade e bom para o café da manhã, além do ambiente agradável e acolhedor e do atendimento.
F38 - Night Lounge;-1.44473743438721;-48.4885749816895;Especialidade: balada, gastropub. Avaliações descrevem casa temática com boa música, espaço para dançar, drinks bem feitos e promoções de bebida, boa para ir com amigos e em dias de jogos. Há críticas à cobrança de entrada, a preços de comida, à qualidade de alguns itens e aos banheiros. Um cliente relata ter sido agredido por outro frequentador e diz que a gerência apurou pelas câmeras e lhe deu razão.
Fabão Grill Churrasco Gaúcho;-1.47122526168823;-48.4804573059082;Avaliações curtas, duas positivas sem detalhes e uma afirmando que o lugar fechou.
Fabi Lanches;-1.34669929742813;-48.4500274658203;Especialidade: hambúrguer, lanchonete. Avaliações lidas são majoritariamente negativas. Há reclamações de atraso na entrega bem além do prazo informado, carne do hambúrguer de má qualidade com nervo e pele, e lanche com excesso de óleo. Uma avaliação diz apenas que é normal.
FAITH Sushi e Lounge.;-1.45753008127213;-48.4852714538574;Especialidade: japonesa (sushi), japonesa, balada. Avaliações curtas e positivas, uma delas elogiando o ambiente, sem mais detalhes.
Famiglia D'Italia;-1.44633436203003;-48.489616394043;Avaliações elogiam a comida, citando filhote com risoto de açaí, o clima aconchegante e a música ao vivo. Uma avaliação diz que a comida é excelente mas o serviço foi lento e o preço alto para o atendimento recebido.
Famiglia Da Pizza;-1.44600987434387;-48.4917106628418;Especialidade: pizza. Avaliações elogiam o rodízio de pizzas, com muitos sabores, recheio generoso e preparo rápido, o ambiente bonito, o estacionamento amplo e a equipe simpática que canta parabéns aos aniversariantes. Há relatos de dificuldade para conseguir mesa no sábado à noite, de 20 minutos sem receber pizza no rodízio e de cobrança de meio rodízio para crianças pequenas.
Família dalvas bar;-1.33120995759964;-48.4405975341797;Avaliações elogiam atendimento, cerveja gelada e música ao vivo de qualidade, e citam como o melhor bar do Conjunto Maguari, bem localizado.
Família Mengão;-1.45483636856079;-48.4804077148438;Especialidade: cachorro-quente. Avaliações descrevem carrinho de cachorro-quente e lanches tradicional de Belém, sem frescura, com preço baixo, variedade e funcionamento noturno. Recomendam o sanduíche Big Mengão e elogiam o trabalho de muitos anos do dono e da equipe.
Fátima Recepções;-1.44292604923248;-48.4679222106934;Avaliações descrevem salão de eventos amplo e climatizado, bem organizado, com uma capela aconchegante atrás para cerca de 50 pessoas. Indicam para eventos, celebrações religiosas, bodas e aniversários.
Feliti Pizzaria;-1.4223524928093;-48.4643821716309;Especialidade: pizza. Avaliações elogiam a pizza de massa fina e leve, bem recheada e com ingredientes de qualidade, com destaque para a quatro queijos, além do atendimento atencioso e da entrega rápida. Uma avaliação avisa que por enquanto é um local só para retirada.
Fielzinho Lanches;-1.38208723068237;-48.4578094482422;Especialidade: lanchonete. Avaliações em maioria curtas e positivas. Uma detalha lanches baratos, gostosos e que saem rápido, no modelo de montar o próprio lanche, com atendimento excelente e ambiente agradável.
Fight burger;-1.42899286746979;-48.4648628234863;Especialidade: hambúrguer. Avaliações elogiam o hambúrguer feito na brasa em um trailer, com gosto de churrasco, porção generosa e preço justo, inclusive no delivery. Há críticas recorrentes ao atendimento, descrito como seco e pouco educado, e uma avaliação reclama de carne processada, batata oleosa e conflito com o cliente insatisfeito.
FilipÃO Lanches;-1.43469178676605;-48.4686965942383;Especialidade: lanchonete. A avaliação lida elogia o lanche, bom e grande, e a educação dos entregadores.
Fit Motel;-1.47112107276917;-48.490478515625;Avaliações curtas e positivas, sem detalhes.
Flor de Jambu Restaurante;-1.45421540737152;-48.4955291748047;Avaliações descrevem restaurante de comida paraense com clima familiar, local bonito e funcionários simpáticos e atenciosos. Elogiam a chapa mista, a caldeirada e o camarão de Lucca, e citam um evento bem organizado. Uma avaliação diz que a climatização poderia melhorar. Indicado para amigos e família.
Flor do Grão Pará Restaurante;-1.46042990684509;-48.4751777648926;Especialidade: brasileira, café da manhã, buffet (rodízio). Avaliações são mistas. Parte elogia a culinária paraense, o tacacá, o ambiente agradável e refrigerado e o atendimento. Há reclamações de demora, de porção pequena no camarão no abacaxi pelo preço cobrado e de mau cheiro vindo do banheiro em uma das mesas.
Floresta - Bar da Tia;-1.43227767944336;-48.4596290588379;Avaliações contam que o lugar começou como depósito de bebidas e melhorou a estrutura. Elogiam porções de croquete e coxinha, hambúrgueres, cerveja sempre gelada e preço justo. Descrevem ambiente agradável para ir a dois ou com amigos, com karaokê.
Floresta Acgua Pub;-1.47353065013885;-48.4730682373047;Avaliações são mistas. Descrevem espaço para eventos com grande área coberta e duas piscinas, bem localizado mas sem estacionamento. Parte diz que valeu a pena e quer voltar. Há críticas à comida seca e queimada, à entrada servida depois do prato principal e ao atendimento, e uma pessoa diz que o local não agrada.
Floresta Bar;-1.36099582910538;-48.4460830688477;Avaliações elogiam o ambiente agradável, tranquilo e acolhedor, o atendimento, a cerveja barata e bem gelada e o som ambiente. É citado como o melhor bar do bairro.
Fogão Goiano;-1.44176006317139;-48.4662971496582;Especialidade: buffet (rodízio). Avaliações descrevem restaurante de comida goiana e regional feita em fogão a lenha, com cardápio variado, arroz com pequi, carnes e grande variedade de cachaças. Elogiam o atendimento simpático, o custo-benefício e o prato feito durante a semana. Citam ambiente agradável com e sem ar-condicionado, poucas vagas de estacionamento e música sertaneja.
Food House;-1.40471827983856;-48.4392890930176;Avaliações curtas elogiam o lugar como aconchegante e com estilo, com comida ótima, bom ambiente, preço baixo e bom atendimento. Uma avaliação diz que deixa a desejar, sem detalhar.
Formosa Pães e Lanches;-1.44202446937561;-48.4625854492188;Especialidade: padaria. Avaliações descrevem padaria e lanchonete pequena dentro de um posto de combustível, com pães, lanches e almoço. Parte elogia o atendimento e os bolos. Há reclamações fortes de preço alto, salgados frios, secos e velhos, falta de higiene e um relato de infecção alimentar após comer salgados estragados.
Fornelo Massas;-1.44268703460693;-48.4874420166016;Especialidade: pizza. Avaliações elogiam bastante a pizza de massa fina, bem recheada, com sabores como pepperoni e camarão com jambu, além do calzone e dos sucos. O ambiente é citado como climatizado. Há relato de atendimento lento e desatento, com pedido não entregue, e queixa de preços altos e de pedintes entrando porque o salão fica aberto para a rua.
Forneria Pizzaria Icoaraci;-1.30131894350052;-48.4837684631348;Especialidade: pizza. Avaliações são divididas. Uma elogia preços acessíveis, bebida gelada, pizza em forno a lenha, sertanejo ao vivo às quintas e DJ de anos 80 e 90 às sextas, além de delivery à noite. Outras reclamam de atendimento muito ruim e demorado, local quente demais e pizza com massa azeda.
Forneria Quero Pizza;-1.44163990020752;-48.4901580810547;Especialidade: pizza. Avaliações descrevem pizzaria simples e antiga, ventilada e de clima familiar, com pizza bem recheada e saborosa, bons sucos e atendimento gentil e rápido, inclusive para grupos grandes. Há quem comemore aniversário no local. Ressalvas: preço das pizzas premium considerado alto e falta de opção de queijo sem lactose e de suco sem açúcar.
Forno Expresso Marambaia;-1.40668559074402;-48.4530181884766;Especialidade: pizza. Avaliações elogiam a pizza e a massa das esfihas, com rodízio de esfiha em promoção mensal, e citam ambiente agradável e acolhedor. As críticas se concentram no serviço: atendimento sobrecarregado em dia de promoção, pizza servida fria e delivery com demora de até duas horas. Um avaliador recomenda comer no local em vez de pedir.
Forno Expresso Nazaré;-1.45409679412842;-48.4873542785645;Especialidade: pizza. Avaliações descrevem pizzaria tradicional em rua tranquila e fácil de estacionar, com ambiente agradável, atendimento atencioso e preço justo. Elogiam a pizza crocante e bem coberta, com destaque para a paraense de jambu e camarão. Um relato critica o rodízio: pouca variedade, só sabores mais baratos e garçons que pararam de passar na mesa.
Forte do Pescado;-1.44245588779449;-48.474494934082;Avaliações tratam o lugar como loja de pescados: elogiam a variedade de peixes e mariscos, a venda de vinhos, o atendimento e os preços. Há reclamação de peso menor que o pago em tilápia congelada da marca comprada em supermercado e de falta de desconto em compra grande para doação.
Fox Hamburgueria;-1.36899143457413;-48.4582901000977;Especialidade: hambúrguer, café. Avaliações elogiam o atendimento rápido e de qualidade, os pratos e o lugar em si, descrito como maravilhoso e bonito. Um cliente frequente cita o cuidado com normas de higiene durante a pandemia.
Fragatta Bar;-1.45627391338348;-48.450008392334;Especialidade: drinks. Avaliações descrevem bar de bairro com cerveja bem gelada, DJ e banda de pagode à noite, além de comida caseira no almoço com acompanhamentos em self service, atendido por um casal atencioso. As críticas são a falta de cardápio nas mesas e, em um relato, atendimento estranho e ambiente meio esquisito.
Fran's Café;-1.39052879810333;-48.4799194335938;Avaliações tratam de um café dentro do aeroporto de Belém e são bem divididas. Parte elogia o café da manhã, a tapioca e o atendimento rápido, inclusive de madrugada. Outras reclamam de comida seca, sem sabor e pré-pronta, de muita demora e de prato que não existia mais depois de meia hora de espera.
Frangão da Duque;-1.43041694164276;-48.4620628356934;Especialidade: frango, fast-food. Avaliações são mistas e voltadas a compra para levar e delivery. Uma elogia o atendimento, o tempo de entrega e o cardápio variado. As demais reclamam de queda de qualidade: frango seco, carne crua, salada de maionese azeda, pedido trocado e atrasos na entrega.
Frangão da Duque;-1.43739885091782;-48.466552734375;Especialidade: churrasco. Avaliações são mistas e tratam de comida para levar e delivery. Parte elogia a variedade, a quantidade, as embalagens, a higiene e a entrega rápida. Outras relatam carne dura, espera de 45 minutos com funcionário debochando do cliente, espeto pago que não chegou sem devolução do dinheiro e mal-estar depois de comer.
Frangão da Duque;-1.444865;-48.4606502;Avaliações descrevem casa de frango assado e churrasco para levar, com acompanhamentos já embalados para pronta entrega. Há reclamações repetidas do delivery: frango empanado encharcado de óleo, itens trocados ou faltando, feijão tropeiro duro e espera acima de uma hora e meia.
Frangão Da José Bonifacio;-1.47072875499725;-48.4688835144043;Uma avaliação detalhada é negativa: frango na brasa pequeno, seco e frio na entrega, sem a farofa e em embalagem inadequada. A outra é curta e sem detalhes.
Frangão da Marquês;-1.42389070987701;-48.465763092041;Especialidade: frango. Avaliações são mistas. Parte elogia a comida saborosa, a variedade à base de frango e o atendimento, apesar da fila e da correria. Outras reclamam de local sujo, funcionários mal-educados, frango cru, espaço apertado e desorganizado e entrega com cerca de duas horas de espera sem conseguir contato.
Frangão Express;-1.4348109960556;-48.4567909240723;Especialidade: frango. A única avaliação elogia o tempero.
Frangaria Sal e Vinho;-1.4677481;-48.4881458;Avaliações são divididas. Parte elogia costela e galeto assados na hora, bons acompanhamentos, hambúrgueres e espetos à noite, local arejado e atendimento rápido. Outras reclamam de frango com gosto de requentado e sabor irregular, preço alto e porção mínima de vinagrete e salada com cobrança por mais.
Frango da Braz;-1.45440995693207;-48.4833335876465;A maioria das avaliações é negativa quanto ao atendimento: cliente ignorada no caixa, outro passado na frente da fila, espera longa e comida servida em marmita só com colher para quem quis comer no local. Uma avaliação elogia muito a comida bem temperada, a variedade, o atendimento e o preço justo.
Frango das Mercedes;-1.41848397254944;-48.4629364013672;A única avaliação com texto elogia o produto como de primeira qualidade e muito saboroso.
frango de ouro;-1.38322699069977;-48.4263038635254;Especialidade: churrasco. Avaliações curtas e positivas elogiam o frango como delicioso e o melhor do bairro, sem mais detalhes.
Frango de Ouro;-1.44983518123627;-48.4946708679199;Especialidade: frango. Avaliações descrevem restaurante simples de prato feito, barato e com bom custo-benefício, em que arroz, feijão e massa são à vontade e a carne ou peixe é limitada. Parte elogia o sabor e o ambiente acessível. Uma avaliação reclama de péssimo atendimento, ambiente sujo e comida salgada que fez mal.
Frango Independência Belém;-1.36739981174469;-48.4361114501953;Avaliações tratam de uma casa de carnes: elogiam o atendimento, os produtos e o proprietário, que recebe bem os clientes. Há queixas de que os preços subiram muito e de que o valor do cartaz às vezes não corresponde ao cobrado.
Frango King - Pedreira;-1.43181073665619;-48.4705924987793;A única avaliação é curta e positiva, sem detalhes.
Frango na Brasa do Ediel;-1.3894447684288;-48.4294128417969;Especialidade: churrasco. Avaliações são divididas. Duas reclamam de pedidos por WhatsApp e aplicativo que não foram atendidos depois de cerca de duas horas de espera. Outras elogiam a comida e a localização, de forma curta.
Frango na Brasa dois Irmãos;-1.47389006614685;-48.4807662963867;Avaliações curtas e positivas elogiam o frango na brasa e o churrasco, o atendimento e a resposta rápida pelo WhatsApp, citando o lugar como o melhor do Jurunas.
fridashamburgueria;-1.44149875640869;-48.4786796569824;Especialidade: hambúrguer. Avaliações elogiam o hambúrguer saboroso, a batata frita sequinha e crocante, o milk shake e o atendimento receptivo, em local descrito como bonito, limpo e organizado. A única ressalva é a taxa de serviço, considerada alta e cobrada como fixa, sem opção de recusar.
Frigobel;-1.42554008960724;-48.472583770752;Avaliações tratam o lugar como ponto de venda de carnes na feira da Pedreira, elogiando preço e qualidade e citando que famílias compram ali há muito tempo.
Fripan;-1.44448041915894;-48.4680404663086;Especialidade: padaria. Avaliações descrevem lugar simples e agradável, muito elogiado pelo pastel, em especial o folhado, com café quente, preços acessíveis e bom atendimento. Citam também venda de salgados a preço de atacado para revenda.
Fritos do Jota;-1.43093729019165;-48.465389251709;A única avaliação é curta e positiva, sem detalhes.
Frutaria do Val;-1.45310235023499;-48.4949150085449;Especialidade: lanchonete. Avaliações descrevem lanchonete e restaurante dentro de uma galeria, com buffet a quilo, prato executivo, lanches e grande variedade de sucos naturais e vitaminas, com preço justo e bom atendimento. O ambiente é climatizado e acessível a cadeirantes, sem estacionamento. Um avaliador acha o espaço fechado demais, com sinal de celular oscilando.
Frutivos;-1.43453335762024;-48.4738273620605;Especialidade: sucos. Avaliações elogiam os sucos como de alta qualidade e com sabor de fruta de verdade, incluindo linhas zero ou com açúcar reduzido.
Frutos de Goiás - Belém;-1.45037424564362;-48.4846611022949;Especialidade: sorvete, doces. Avaliações elogiam a sorveteria pelos sabores originais e de frutas regionais, com opções sem lactose e sem açúcar, e pelo atendimento paciente e atencioso. A loja é descrita como limpa e organizada, com bom ambiente e espaço kids para crianças.
Fuxico da Filó;-1.41992330551147;-48.4609260559082;Avaliações elogiam a comida saborosa e bem servida, com destaque para peixe fresco, o ambiente agradável e aconchegante e o bom atendimento. Citam a localização perto do Hangar. Há uma reclamação de pedido por aplicativo cancelado mais de 40 minutos depois por falta de ingrediente.
G & C Burg's;-1.4162985086441;-48.4890670776367;Especialidade: lanchonete. Avaliações elogiam os lanches, descritos como deliciosos, bem servidos e de preço justo, com um x-tudo grande que divide para quatro pessoas. Uma avaliação diz que a localização é de difícil acesso e que ainda não está nos aplicativos de entrega.
G1 Hotel;-1.40223211050034;-48.434513092041;Avaliações curtas e positivas, sem detalhes.
Gabi Monice Ateliê Gourmet;-1.46484112739563;-48.4918937683105;Especialidade: doces, padaria. Avaliações elogiam bolos, doces, macarons, brigadeiros e ovos de Páscoa, descritos como deliciosos, de excelente qualidade e ricos em detalhes. Também citam bom atendimento, preço justo e entrega pontual. As avaliações falam de encomendas e presentes.
Gabriel Videokê;-1.43893921375275;-48.4562530517578;Especialidade: balada. Avaliações curtas e positivas, sem detalhes. Uma delas descreve o lugar apenas como underground.
Gago's Lanches;-1.46004891395569;-48.4591064453125;Especialidade: lanchonete. Avaliações elogiam os lanches, bem temperados e variados, citados entre os melhores do Guamá, além do bom custo-benefício, do lugar aconchegante e do atendimento. Há uma reclamação de que o telefone não é atendido.
Galeteria Suaves;-1.44238317012787;-48.4808692932129;Especialidade: frango. Avaliações descrevem casa tradicional de frango assado na brasa, com tempero elogiado, carnes, calabresa e acompanhamentos, boa para almoço rápido e de domingo. Elogiam o atendimento gentil. Há crítica à confusão na retirada do pedido e uma reclamação de pedido por aplicativo não entregue sem reembolso.
Galeto Expresso frango assado ao molho da laranja;-1.43902027606964;-48.4803199768066;Especialidade: frango. Avaliações elogiam o frango assado bem temperado, um tambaqui na brasa pedido por aplicativo e o lugar agradável e ventilado. Há críticas a comida meio salgada, ao preço do suco e do meio frango, e um relato de atendimento apressado em que o cliente saiu sem ser atendido.
Garage Burgers e Dogs;-1.43225556612015;-48.4524192810059;Especialidade: hambúrguer. Avaliações elogiam o hambúrguer, descrito como muito saboroso e bem preparado, o ambiente agradável, o atendimento e os preços. Críticas apontam demora no preparo, falta de batatas e de sucos no cardápio e cobrança da embalagem para viagem.
Garagem & Quintal dos Ursos;-1.1620711684227;-48.470890045166;Avaliações elogiam os petiscos e a comida de boteco, citados como os melhores de Mosqueiro, com destaque para camarões fritos, pirarucu e sobremesas, além da cerveja bem gelada. Descrevem o lugar como tranquilo e aconchegante, com atendimento feito pelos proprietários, muito elogiado.
Garagem Velha;-1.45154345035553;-48.4721794128418;Especialidade: drinks. Avaliações descrevem lugar descolado e acolhedor, bom para almoçar ouvindo rock, com comida elogiada, como o bife de fígado, e cerveja bem gelada. Elogiam o atendimento, que fica mais lento quando enche. Uma avaliação pede reforço na segurança dos clientes.
Gatinho do Rê;-1.3520519733429;-48.4525871276855;Especialidade: brasileira. Avaliações elogiam a comida, descrita como muito boa e saborosa, e o local. Sobre o atendimento há opiniões opostas: uma elogia a praticidade e o profissionalismo na entrega, outra diz que erraram o pedido e não ofereceram solução.
Geek Burger;-1.44703447818756;-48.4766807556152;Especialidade: hambúrguer, fast-food. Avaliações, muitas de turistas estrangeiros, elogiam os hambúrgueres, a ambientação temática com músicas e o atendimento, citando atendentes que falam inglês. Mencionam apresentações e visita de personagem em aniversário. Uma avaliação sugere melhorar o pão.
Gelateria Damazônia;-1.44875007867813;-48.5000381469727;Especialidade: sorvete, café, doces. Avaliações elogiam os sorvetes artesanais cremosos, com muitos sabores de frutas amazônicas como cupuaçu e castanha, além de tapioca com pistache. Citam atendimento simpático com degustação e um cantinho confortável para sentar. Descrita como parada de passeio em família na Estação das Docas.
Gelito;-1.46630644798279;-48.4765701293945;Avaliações descrevem o lugar como casa de gelos, elogiando a qualidade dos produtos, os preços, o atendimento por telefone e presencial e a pontualidade no horário.
Gelo drinks;-1.37644439935684;-48.4251136779785;Avaliações elogiam o ambiente climatizado, limpo e organizado e a qualidade dos serviços. Uma avaliação reclama que a copa é muito quente para trabalhar.
Gendai - Restaurante Japonês;-1.44613337516785;-48.4896774291992;Especialidade: japonesa. Avaliações mistas. Há elogios a pratos saborosos e bem apresentados, como poke de ceviche e frango com legumes. Críticas citam prato errado, lámen servido frio na unidade do Boulevard e um katsu curry com carne fina e seca, pouco molho e demora, considerado caro pelo que entrega.
Gilcilene Bolos e Arte;-1.41004610061646;-48.3967742919922;Especialidade: doces, padaria. Avaliações elogiam os bolos por sabor, decoração e qualidade, e a pontualidade na entrega. As avaliações falam de encomendas.
Giraffas;-1.37056076526642;-48.445915222168;Especialidade: fast-food. Avaliações elogiam a comida, como frango crocante e saladas, o atendimento e a existência de opções veganas. Há reclamações de falta de suco, de mudança no cardápio para dois acompanhamentos e de atraso sem informação em pedido por aplicativo. Uma avaliação lamenta que a unidade do Parque Shopping fechou.
Giraffas;-1.40289884805679;-48.4308090209961;Especialidade: fast-food. Avaliações elogiam principalmente o atendimento, citando atendentes simpáticos e atenciosos que ajudam na escolha, e também a comida.
Giraffas;-1.44605839252472;-48.4889450073242;Especialidade: fast-food. Avaliações predominantemente negativas. Há reclamações de pedido errado, hambúrguer cru e comida fria, espera de quase uma hora, atendente grosseira, lanche mal montado, carne com gosto de peixe por dividir a chapa e restrições a copos e refil. Uma avaliação considera a experiência mediana.
Giraffas;-1.4588063955307;-48.4948425292969;Especialidade: fast-food. Avaliações mistas. Há elogios ao almoço e ao lanche e a um prato de filé suíno com molho acebolado. Críticas citam preço do suco e do refrigerante, queixa de venda casada no combo de bebida e um relato de carne dura, cebola queimada e purê ruim.
Glória House Bistrô;-1.12348002195358;-48.4437637329102;Avaliações descrevem local bonito e agradável, com decoração elogiada e boa atmosfera. Uma delas relata ida a um evento realizado durante o dia.
GM;-1.42779922485352;-48.4569396972656;Avaliações elogiam a comida, com iguarias locais e porções enormes, os preços e o serviço. Descrevem como bom lugar para encontros em grupo, com transmissão de jogos de futebol. Mais de uma avaliação diz que o ambiente é muito cheio e barulhento.
GMix Restaurante e Buffet;-1.44829511642456;-48.4717788696289;A única avaliação diz que o lugar é bom, mas precisa melhorar sucos e saladas, sugere opção de self-service e sente falta de molho de pimenta caseiro nas mesas.
Go Inn Belem;-1.45183002948761;-48.4988250732422;Avaliações descrevem hotel simples, sem luxos, mas limpo e com tudo funcionando, com quarto acolhedor, bom café da manhã e funcionários atenciosos. Uma avaliação reclama do travesseiro muito fino.
GoCoffee Conselheiro;-1.45915007591248;-48.4910278320312;Especialidade: café. Avaliações elogiam as bebidas, os combos de café, a opção de leite de aveia, o atendimento e o ambiente aconchegante, embora pequeno. Críticas citam comidas básicas, croissant servido congelado, itens do cardápio indisponíveis, preço em torno de 20 reais por item e um café que não agradou.
Golden Plaza Belém;-1.45793759822845;-48.4945182800293;Avaliações falam do lugar como opção de almoço, com executivo bem servido e espaço confortável, e elogiam a comida. Críticas citam demora de 30 minutos, equipe insuficiente, filé frio, assentos ruins e a exigência de pulseira e cadastro para almoçar.
Good vibes;-1.45591133832932;-48.4608001708984;Avaliações curtas descrevem o lugar como legal para curtir o fim de noite e juntar os amigos. Uma avaliação diz apenas que a qualidade é péssima.
Gotham Steak;-1.43023675680161;-48.4499092102051;Avaliações elogiam o bom atendimento, a comida, os drinks bem feitos e o ambiente agradável, aconchegante e estiloso. Citam música boa e música ao vivo com muito pagode.
Graça de Bolo;-1.44499731063843;-48.4839744567871;Especialidade: doces, padaria. Avaliações elogiam muito os bolos, em especial o de chocolate e o banoffee, além de tortas, empadas, doces e café, destacando ingredientes de qualidade e bom atendimento. Descrevem o lugar como aconchegante, bem cuidado e com acessibilidade, porém pequeno, com apenas três mesas. Uma avaliação acha os preços um pouco altos.
Gramophone Café;-1.45177233219147;-48.4729652404785;Especialidade: café. Avaliações descrevem café de muito bom gosto, com ambiente aconchegante, decoração e iluminação bem pensadas, som ambiente e discos de vinil. Elogiam a comida, a louça e o atendimento atencioso da equipe. Comentam que alguns acham um pouco caro e lamentam que feche às 19h.
Gran Amazon;-1.39773857593536;-48.4731178283691;Avaliações descrevem hotel novo e bem cuidado perto do aeroporto, com quartos pequenos mas limpos, confortáveis e silenciosos, bom café da manhã e equipe educada e prestativa. Um hóspede diz que se sentiu seguro e bem recebido. Há uma crítica ao check-in e check-out muito lentos, que quase fizeram perder um voo.
Grand Buffet Recepções;-1.44367003440857;-48.4641456604004;Avaliações descrevem casa de recepções para eventos de pequeno a médio porte, climatizada, moderna e aconchegante, com pacotes de local, buffet e decoração. Elogiam a comida e a atenção da responsável. Apontam que o espaço é um pouco pequeno e que falta estacionamento.
Grão Culinária Saudável - Umarizal;-1.43744003772736;-48.4882125854492;Avaliações curtas e em geral positivas. Uma relata ótimo jantar em lugar confortável, com espera por mesa vaga.
Grão Mestre Empório;-1.4494127035141;-48.483642578125;Avaliações descrevem restaurante de almoço com comida boa e preço justo, carnes escolhidas e assadas na hora, peixe empanado, camarão e chope gelado, em ambiente bonito e acolhedor com música. Há críticas ao atendimento de parte da equipe, ao suco e à demora quando o lugar está lotado no almoço de sexta.
Grill do Reis;-1.43568992614746;-48.4505920410156;Uma avaliação elogia a música boa, a cerveja gelada e o atendimento. Outra afirma que o local está fechado e que o restaurante não funciona mais ali.
Grill Mix;-1.43041324615479;-48.4696044921875;Especialidade: buffet (rodízio), música ao vivo. Avaliações descrevem casa movimentada com banda ao vivo, cerveja sempre gelada e bom serviço, com andar superior mais silencioso para conversar. Relatam fila na sexta à noite, com cerveja grátis durante a espera, e poucas opções para vegetarianos. Uma avaliação diz ter passado mal no dia seguinte.
Guaraná Amazônia;-1.43788802623749;-48.4862823486328;Especialidade: sucos. Avaliações descrevem quiosque de guaraná e vitaminas de frutas na praça, com copos grandes, muitas opções de calda, limpeza e atendimento muito elogiados. Consideram o valor compatível com a qualidade e o local familiar, com vagas para estacionar nos arredores.
Guaraná da Dil Barraca 04;-1.43804264068604;-48.4860725402832;Avaliações curtas elogiam o atendimento e a qualidade e os sabores do guaraná.
Guaraná do TH;-1.42400026321411;-48.4882392883301;Especialidade: sorvete, doces. Avaliações curtas e positivas, dizendo que o guaraná é ótimo.
Guaraná Fortaleza;-1.43827593326569;-48.4859199523926;Avaliações em geral elogiam o guaraná e as vitaminas, o atendimento gentil e a opção de preparo sem lactose. Uma avaliação negativa relata espera de quase uma hora e falta de informação sobre os acompanhamentos.
Guaraná pai d'égua;-1.43829506635666;-48.4861221313477;Avaliações elogiam o guaraná, a combinação de sabores de frutas, o atendimento e o preço justo.
Guaraná Sabor diferente;-1.40196400880814;-48.432014465332;Avaliações em maioria dizem ser o melhor guaraná da cidade, feito com bastante abacate e com adicionais à vontade, frequentado há anos por quem vai ao Castanheira. Uma avaliação negativa achou o guaraná ralo, com gosto de vitamina de abacate, caro para o tamanho e com atendimento pouco atencioso, embora o lugar seja bonito.
Guttierry's Lanches;-1.46931409835815;-48.4684944152832;Especialidade: lanchonete. Avaliações elogiam o lanche, citado como um dos melhores do bairro do Guamá. Uma aponta que alguns itens do cardápio, inclusive sucos, estavam indisponíveis.
Habib's;-1.40337800979614;-48.430347442627;Avaliações curtas e em geral positivas, uma citando a esfirra, sem detalhes.
Habib's;-1.43628537654877;-48.4772300720215;Especialidade: fast-food, árabe. Avaliações curtas, em maioria positivas, citando as esfirras. Uma reclama de demora na entrega no drive-thru.
Habib's;-1.45779967308044;-48.4948883056641;Especialidade: fast-food. Avaliações mistas, com tom mais negativo. Há quem diga que ama a rede, mas as avaliações detalhadas reclamam de massa crua, esfirras secas, refil do rodízio quebrado, cobrança extra pelos copos, ar-condicionado com defeito e atendimento péssimo, com cliente que desistiu após esperar cerca de vinte minutos sem ser atendido.
Hambúrguer do Alemão;-1.44633555412292;-48.4795684814453;Especialidade: hambúrguer. Avaliações são muito elogiosas ao hambúrguer artesanal feito na brasa, defumado e com tudo caseiro, e à batata frita crocante. Descrevem o lugar como simples e destacam a simpatia do dono.
Hamburguer Insano;-1.37526941299438;-48.4415321350098;Especialidade: hambúrguer. Avaliações descrevem pequena hamburgueria artesanal climatizada, com cardápio variado, lanches saborosos e bons preços. Há críticas ao atendimento de atendentes aparentemente mal-humoradas e à grande demora no delivery, de quase duas horas.
Hamburgueria 1003;-1.44870722293854;-48.4726600646973;Especialidade: hambúrguer. A única avaliação lida não descreve o lugar, o autor diz que apenas passou em frente.
Hamburgueria 663;-1.39716577529907;-48.4568099975586;Especialidade: lanchonete. Avaliações curtas elogiam o lanche artesanal, citado como o melhor da Marambaia, a boa receptividade e a qualidade dos sanduíches.
Hamburgueria Alves;-1.36120504140854;-48.4667472839355;Especialidade: hambúrguer. Avaliações curtas elogiam o sabor do lanche e o atendimento.
Hamburgueria Artesanal Fanaticos;-1.3763233423233;-48.4565238952637;Especialidade: hambúrguer. Avaliações são sobretudo sobre pedidos por delivery. Várias elogiam a entrega rápida, o atendimento on-line, a carne no ponto, a maionese caseira e a embalagem. Há reclamações de combo entregue incompleto sem solução após horas e de entrega com quase duas horas de atraso, com lanche frio e carne mal passada.
Hamburgueria do Brizee;-1.40039098262787;-48.4354476928711;Especialidade: hambúrguer, lanchonete. Avaliações descrevem um local simples e familiar, com hambúrgueres na chapa, yakisoba e sucos naturais elogiados. Destacam preços abaixo da média da região e pedido servido em poucos minutos. Citam que não há estacionamento, mas a rua é tranquila para parar.
Hamburgueria e churrascaria 87;-1.45585763454437;-48.4496383666992;Avaliações descrevem local aconchegante, limpo e organizado, com bom atendimento, boa comida e boas bebidas. Há reclamação de que os pedidos demoram muito para ficar prontos.
Hamburgueria e Pizzaria Pantoja;-1.42777860164642;-48.4452209472656;Especialidade: hambúrguer. Avaliações elogiam lanches e pizzas saborosos e o atendimento. Há reclamação de que itens do cardápio muitas vezes acabam antes do fim do expediente, sendo preciso perguntar o que está disponível no dia.
Hamburgueria na garagem;-1.47346806526184;-48.4776649475098;Avaliações de tom misto. Há elogios ao hambúrguer, ao atendimento e ao ambiente aconchegante para ir com a família. Há críticas a hambúrguer oleoso e sem sal, à música extremamente alta que impede conversar e um relato de cliente que saiu do local após ser alvo de deboche de um funcionário ao perguntar onde estacionar a moto.
Hamburgueria Os Marujos;-1.39707893133163;-48.4358062744141;Especialidade: hambúrguer. Avaliações curtas e positivas, sem detalhes.
Hang Burgs;-1.46030378341675;-48.5010757446289;Especialidade: hambúrguer, lanchonete. Avaliações de tom misto. Parte elogia o espaço com sombra, esportes ao vivo e música em telão, cerveja gelada e picanha, descrevendo como bar para ir em família com bom atendimento. Outra parte reclama de preços altos e diz que a comida estava ruim ou que os hambúrgueres têm muito a melhorar.
Hangar Hotel;-1.4251172542572;-48.4579544067383;Avaliações lidas são majoritariamente negativas. Reclamam de quartos pequenos, sujeira, lençóis ruins, falta de água por horas, elevadores lentos, demora para conseguir wi-fi e café da manhã fraco. Um hóspede diz que não se sentiu seguro e viu porta de quarto arrombada, outro relata cobrança de diárias não usadas. Há elogios pontuais ao esforço da equipe e à vista.
Hangar House Hostel;-1.42653334140778;-48.4594802856445;Avaliações elogiam suítes privativas limpas com ar e TV, preço justo, check-in prático, boa localização perto do Centro de Convenções Hangar e o atendimento atencioso do proprietário. Informam que não há café da manhã, mas há cozinha comunitária e uma padaria no térreo. Um visitante diz que encontrou a entrada trancada e não conseguiu entrar.
HappySpeto;-1.44401276111603;-48.4857711791992;Especialidade: brasileira. Avaliações curtas e positivas. Uma elogia a comida e o atendimento atencioso, as demais apenas citam nomes de atendentes.
Haraz's Bar e Restaurante;-1.42722064256668;-48.4846839904785;Avaliações descrevem local simples, com comida caseira de tempero elogiado, preços populares, bom atendimento e música ao vivo de MPB com clima boêmio. Há uma reclamação de cliente frequente dizendo que a qualidade caiu, com peixe frito vindo oleoso e salgado.
Havana Drinks;-1.3449313044548;-48.4461135864258;Avaliações descrevem ambiente tranquilo e aconchegante, com cerveja gelada, tira-gostos como carne de sol com macaxeira e queijo empanado e música ao vivo nos fins de semana. Elogiam o atendimento e o fato de estar aberto quando outros lugares estão fechados. Uma avaliação critica o proprietário, descrito como pessoa desagradável.
Havanna - Aeroporto Internacional de Belém;-1.38995260000229;-48.479549407959;Especialidade: café. Avaliações elogiam o café, a comida e o atendimento, com destaque para a gentileza de uma atendente citada pelo nome. Todas as avaliações lidas são positivas e recomendam o lugar.
Havanna Boulevard Shopping;-1.44607353210449;-48.4897041320801;Especialidade: café. A maioria das avaliações lidas é curta e positiva, sem detalhes. Uma avaliação detalhada relata péssimo atendimento: pedido simples de café e alfajores não foi registrado, a atendente não voltou à mesa e não houve pedido de desculpas.
Henka Kohi;-1.46568322181702;-48.4924201965332;Especialidade: lanchonete. Avaliações falam de comida oriental: elogiam hot roll, temaki e principalmente a yakisoba, o atendimento atencioso, o ambiente agradável e o estacionamento próprio gratuito. O pedido é feito por QR Code na mesa. Uma avaliação critica a comida, com temaki de gosto ruim, muito arroz e espinhas no peixe.
Herbalife Belem;-1.41306006908417;-48.4713020324707;Avaliações curtas e positivas. Uma relata boa recepção e bom esclarecimento ao fazer um orçamento.
Herois do Hamburguer;-1.43293821811676;-48.4648857116699;Especialidade: hambúrguer. Avaliações elogiam os hambúrgueres com pães variados e o chope bem gelado. Uma achou a batata um pouco oleosa, mas quente.
Higashi Restaurante;-1.43727588653564;-48.4632682800293;Especialidade: asiática, japonesa (sushi), japonesa. Avaliações curtas e positivas, sem detalhes.
Hiho Doces;-1.43880105018616;-48.4584426879883;Especialidade: doces. Avaliações tratam de compra e encomenda de bombons regionais, com destaque para o recheio de cupuaçu. Elogiam o frescor e a qualidade dos produtos, as embalagens, a rapidez no envio e o atendimento atencioso dos proprietários.
Honórios Bar Jardim Sideral;-1.35607147216797;-48.4382171630859;Avaliações descrevem um bar simples, sem sofisticação, com cerveja muito gelada a bons preços, tira-gostos saborosos e bom atendimento. Citam rock às quintas e repertório variado nos outros dias, com predominância de sofrência, e o dono atende pedidos de música. Parte dos avaliadores elogia a música e parte diz que ela deixa a desejar.
Hoppy Pig;-1.44620943069458;-48.4836196899414;Especialidade: drinks, gastropub. Avaliações descrevem um pub pequeno com grande variedade de cervejas artesanais, charcutaria e frios elogiados e comida muito boa. Várias apontam preços altos. Uma diz que a música é boa mas alta a ponto de dificultar conversa e critica garçons desatentos, enquanto outra elogia a equipe acolhedora.
Hortifruti Gaia;-1.45431709289551;-48.485294342041;Avaliações descrevem lugar simples e agradável, com comida fresca, pratos saborosos, sucos, bolos e lanche à tarde, atendimento ágil e gentil e preço justo. Avaliações mais antigas elogiam frutas e legumes de qualidade e a limpeza. Uma reclama que anunciam delivery mas ninguém responde no WhatsApp nem atende o telefone.
Hostel Antonieta;-1.4517919421196;-48.4880523681641;Especialidade: café. Avaliações bem divididas. Parte elogia o casarão histórico reformado, camas confortáveis, o café e restaurante no térreo, o café da manhã, a localização segura perto das atrações e a acolhida da equipe. Outra parte relata banheiros sujos, quarto com insetos, ar-condicionado quebrado, recepção despreparada que desconhecia a reserva e uma atendente grosseira que pediu que o hóspede saísse.
Hostel BELÉM Jardim Nazaré;-1.45402777194977;-48.479434967041;Avaliações descrevem ambiente tranquilo, aconchegante e bem decorado, com espaço que lembra um jardim, perto da Basílica de Nazaré, e elogiam um funcionário solícito. Há críticas à limpeza do quarto compartilhado, feita só uma vez em cinco noites, e ao wi-fi fraco nos quartos. Duas avaliações são de pessoas dizendo que não encontram telefone para contato.
Hostel Inn Gileade;-1.4212532043457;-48.4728698730469;Avaliações elogiam o conforto, os quartos com ar-condicionado e a sala com poltronas e Netflix. O ponto negativo citado é a localização de difícil acesso.
Hostel Paidégua;-1.45522010326385;-48.4952011108398;Avaliações elogiam quartos amplos e limpos, colchões confortáveis, ar-condicionado, café da manhã e sobretudo os anfitriões, que fazem o hóspede se sentir em casa e dão dicas de cultura e turismo. Uma avaliação elogia o atendimento mas diz que um funcionário trabalha sozinho e a limpeza não é regular, e cita como vantagem não exigir cartão na reserva.
Hot Burg Let Marineth;-1.36088907718658;-48.4496192932129;Especialidade: hambúrguer, fast-food. Avaliações elogiam os hot dogs e hambúrgueres bem temperados, os sucos, o cardápio variado, o bom preço e o atendimento. Clientes antigos dizem que a qualidade se mantém há anos e citam também o delivery.
Hot roll sushi delivery;-1.30053979158401;-48.4777297973633;A maioria das avaliações elogia muito o sushi, chamado de o melhor de Icoaraci, saboroso e caprichado, com bom preço e atendimento simpático. Dizem que o ambiente é pequeno. Uma avaliação destoa e diz que foi o pior sushi que já comeu.
Hot Way Fast Food;-1.43827730417252;-48.4864311218262;Especialidade: fast-food. Avaliações elogiam hambúrgueres e hot dogs saborosos, ingredientes de boa qualidade, pedido que chega rápido, preço justo e atendentes cordiais. Uma avaliação reclama de péssimo atendimento, com atendentes desatentos e cerca de 20 minutos para conseguir pagar por haver uma única máquina.
HOT WAY Fast Food;-1.44377589225769;-48.4890899658203;Especialidade: fast-food. Avaliações elogiam lanches gostosos com preço justo, a maionese, o atendimento e o ambiente aconchegante, com mesas dentro e na entrada, citado como opção noturna para comer e beber. Uma avaliação diz que a qualidade caiu muito, com pão velho e pouca salada, e critica a falta de higienização das cestinhas em que o lanche é servido.
Hotel Akemi;-1.44804251194;-48.4649848937988;Avaliações elogiam a localização central, a limpeza dos quartos e a recepção 24 horas. Há reclamações de preço alto para o que oferece, taxa no cartão de crédito, cama desconfortável, água fraca no chuveiro, café da manhã que termina cedo e atendimento frio ou mal-humorado de parte da recepção.
Hotel Amazonia;-1.45043206214905;-48.495964050293;Avaliações descrevem um hostel simples e barato no centro histórico, perto dos principais pontos, com cozinha, wifi e equipe simpática que não fala inglês. Há reclamações de quartos privativos sem janela, falta de limpeza, baratas e rato na cozinha, problemas de água e descarga e cobrança pelo uso da cozinha.
Hotel Amazônia Belém;-1.45176243782043;-48.5000991821289;Duas avaliações são curtas e neutras. As demais são muito negativas: relatam quarto e banheiro sujos, baratas, mofo e infiltração, descarga e ar-condicionado sem funcionar, falta de toalhas e atendimento ríspido, inclusive do vigilante noturno. Citam que fica perto das docas, para quem segue para o Marajó.
Hotel Antiga Roma;-1.39823818206787;-48.473087310791;Avaliações destacam a proximidade do aeroporto, a poucos minutos de carro, e citam piscina e café da manhã caseiro. Há reclamações de falta de manutenção nos quartos, janela voltada para o corredor, ausência de água potável, de internet e de água quente, e jacuzzi e academia sem condições de uso. Tom misto, visto como opção para quem está de passagem.
Hotel Antônio Diogo Couceiro;-1.44409650564194;-48.4621353149414;Avaliações descrevem como o hotel de concentração do Paysandu, junto ao estádio, com boa estrutura e quartos personalizados com as características do clube, de uso dos jogadores. São comentários de torcedores, e um deles diz que o hotel nem é mais usado.
Hotel Avenida;-1.4510447;-48.4966403;Avaliações quase todas curtas, sem detalhes. Uma reclama que o hotel não oferece nada e não tem limpeza.
Hotel Central;-1.45108461380005;-48.4961280822754;Avaliações descrevem um hotel econômico bem localizado junto à Praça da República, com ar-condicionado, wifi, frigobar e cozinha de uso dos hóspedes. Parte elogia a recepção, que fala inglês, e outra reclama de recepcionistas rudes à tarde e à noite. Uma avaliação diz que não estava muito limpo.
Hotel de Transito de Oficiais da Aeronautica;-1.39397215843201;-48.4839019775391;Avaliações elogiam a limpeza, o conforto, a organização e os funcionários, e uma comenta que deveria ser aberto ao público geral. Uma avaliação crítica diz que a administração piorou, os quartos ficaram muito simples e não servem mais café nem almoço, parecendo um hostel.
Hotel de Transito do Exercito;-1.45856583118439;-48.4997673034668;Avaliações elogiam as acomodações, os funcionários solícitos e o café da manhã. Uma avaliação detalhada, de um oficial que se hospedou com a esposa, critica ar-condicionado velho com cheiro de mofo, TV pequena com poucos canais e colchões antigos.
Hotel de Trânsito St e Sgt EB;-1.41268086433411;-48.4449806213379;Avaliações curtas e positivas, descrevendo o lugar como tranquilo e seguro.
Hotel Dois Irmãos;-1.44982290267944;-48.4657249450684;Avaliações descrevem um hotel simples ao lado do terminal rodoviário, sem café da manhã. Uma elogia o atendimento e o ambiente familiar. As demais reclamam de quartos precários e sem manutenção, banheiro apertado, toalhas velhas, fiação exposta, cheiro de tíner e falta de itens básicos como sabonete, achando o preço alto para o que oferece.
Hotel dos Reis;-1.44700646400452;-48.4676132202148;Avaliações elogiam o atendimento da recepção, a limpeza dos quartos, a cama confortável, o ar-condicionado e a internet. Destacam a localização perto da rodoviária, de mercado e de pontos de ônibus. Os pontos negativos citados são a ausência de café da manhã e a escada estreita.
Hotel E Restaurante Da Mineira;-1.35429775714874;-48.4773178100586;Avaliações elogiam a comida do restaurante, como o churrasquinho com baião e o almoço, a cerveja gelada, a limpeza, o preço justo e o atendimento. Uma avaliação da hospedagem é bem negativa: fala em ar-condicionado que não funciona, porta sem tranca, quarto com mau cheiro e pedido de pagamento antecipado, apesar de ficar perto do aeroporto.
Hotel estrelinha;-1.46147990226746;-48.5039672851562;Avaliações curtas dizem que é agradável e confortável, que o ar-condicionado funciona e que os quartos são limpos em comparação a outros próximos. Duas avaliações são apenas perguntas ou brincadeiras, sem relato de estadia.
Hotel Farol;-1.13424605131149;-48.4668464660645;Avaliações curtas citam o hotel como lugar histórico. Uma descreve o local como agradável, com bom serviço de recepção e limpeza, estacionamento fácil e buffet com pratos deliciosos, mas café da manhã básico e alguns quartos sem TV.
Hotel Fenix;-1.45028126239777;-48.4676246643066;Avaliações descrevem um hotel muito simples e desgastado, mas seguro, com preço acessível e ótima localização perto da rodoviária, mercado, bancos e restaurantes. Elogiam o atendimento da equipe. Há críticas a paredes sujas, goteiras no corredor, pouca iluminação, tomadas com problema, banheiros ruins e café da manhã fraco.
Hotel Ferrador;-1.4509531;-48.4958973;Avaliações dizem que é bem localizado, mas com instalações muito antigas, ar-condicionado velho e barulhento, preços altos e recepcionista noturno mal-educado. Há duas avaliações curtas e positivas.
Hotel Fortaleza;-1.4524302482605;-48.4995956420898;Avaliações descrevem uma hospedagem tipo hostel no centro, perto do Ver-o-Peso e da Estação das Docas, limpa, tranquila e aconchegante, com anfitriões gentis e sala de estar. Uma pessoa que ficou três noites com os filhos diz que se sentiram à vontade. Uma avaliação reclama de não conseguir contato pelo telefone informado.
Hotel Gold Martan;-1.3608033657074;-48.428295135498;Avaliações divididas. Parte elogia a comida, a vista, a academia, a piscina e a equipe acolhedora. Outra parte diz que as fotos não correspondem à realidade e descreve o hotel como muito deteriorado, com coisas quebrando no quarto, falta de toalhas e de controles, baratas e sujeira.
Hotel Grão Pará;-1.4528271;-48.4952718;Avaliações elogiam a localização central, a equipe simpática e prestativa e o café da manhã com pratos locais, e citam a feira de domingo em frente. Descrevem o hotel como um pouco datado, com quartos básicos e wifi lento. Uma avaliação é bem negativa, falando em cama desconfortável, mofo no chuveiro e sujeira no quarto.
Hotel Ipê;-1.448134;-48.4673224;Avaliações curtas e em geral positivas, sem detalhes. Uma diz que o lugar é bom mas precisa de uma entrada melhor.
Hotel Le Massilia;-1.4505232;-48.4919502;Avaliações descrevem hotel com clima de pousada no centro antigo, limpo, seguro e de preço acessível, com equipe simpática, bom café da manhã, wi-fi e ar-condicionado. Há reclamações de falta de isolamento acústico, chuveiro pequeno e que esquenta pouco, insetos no quarto, piscina com horário limitado e café encerrado antes da hora. Um avaliador diz que não é bom para famílias com crianças.
Hotel Lins;-1.45479297637939;-48.4988555908203;Avaliações mistas e curtas. Uma chama de pior hotel de Belém, outra diz que o preço é razoável e fica perto do centro, e outra que é bem localizado mas com preços fora da realidade. Duas são de pessoas que dizem não ter se hospedado no local.
Hotel M&K;-1.45145678520203;-48.467155456543;Avaliações descrevem hotel simples, limpo e barato, perto do terminal rodoviário, discreto, com portão eletrônico e funcionários educados. Há uma reclamação de chuveiro, descarga e pia com defeito, pedido de troca de quarto não atendido e ausência de alimentação e serviço de quarto. Um avaliador diz que a área ao redor é razoavelmente insegura por causa de uma feira próxima.
Hotel Maracangalha;-1.4006735086441;-48.4742698669434;Avaliações mistas. Elogiam a proximidade do aeroporto, o preço acessível e a simpatia dos atendentes. Há reclamações de quarto ruim e simples demais para o valor cobrado, banheiro sujo com azulejo quebrado, roupa de cama com mau cheiro, falta de papel higiênico e café da manhã fraco. Um avaliador reclama de preço elevado na época da COP30.
Hotel Marajoara;-1.45108962059021;-48.4840126037598;Avaliações elogiam o atendimento acolhedor dos proprietários e funcionários, a limpeza, os quartos espaçosos, a rua tranquila em bairro seguro, o café da manhã regional e o bom custo-benefício. Citam fácil deslocamento a pé ou de ônibus até pontos turísticos. Uma avaliação diz que a família sempre se hospeda ali quando vai a Belém.
Hotel Paraíso;-1.44041609764099;-48.4587631225586;Avaliações elogiam a equipe simpática, a limpeza, o ambiente tranquilo e aconchegante e o café da manhã de cortesia, descrevendo um hotel simples e acessível. As ressalvas são pontuais: descarga do vaso com problema, chuveiro sem água quente, café da manhã que poderia melhorar e falta de parcelamento no cartão.
Hotel Real;-1.44897878170013;-48.4644355773926;Avaliações divididas. Algumas elogiam o café da manhã e os quartos limpos e organizados. Outras relatam higiene duvidosa, cheiro de mofo e mau cheiro no banheiro, um carrapato na cama com demora no estorno, falta de chuveiro quente e estacionamento pequeno.
Hotel Sagres;-1.4481815;-48.4677556;Avaliações elogiam quartos limpos e espaçosos, equipe simpática, café da manhã, piscina e espaço para eventos e reuniões. Há críticas ao serviço de quarto, a vaso sanitário com defeito, ao restaurante fechado sem aviso e à localização perto da rodoviária. Uma avaliação relata que a recepção entregou a chave do quarto de uma hóspede ao ex dela sem autorização.
Hotel Santa Clara;-1.39664852619171;-48.4774589538574;Avaliações majoritariamente negativas. Relatam sujeira, mofo nas paredes, baratas no quarto e na área do café, cheiro de esgoto, lençóis mal lavados e barulho de pessoas bebendo e ouvindo música nos corredores à noite, com sensação de insegurança. A proximidade do aeroporto é o motivo citado para a escolha. Uma avaliação curta é positiva.
Hotel Sorriso;-1.29222542047501;-48.4813461303711;Avaliações mistas. Uma elogia os funcionários atenciosos, o serviço de quarto e a localização na orla de Icoaraci, perto do rio, de restaurantes e da feira de artesanato. Há reclamações de colchão velho, ar-condicionado fraco, café da manhã pobre e sem variação, que acabou o pão, e preço alto.
Hotel Spada;-1.39714562892914;-48.4773292541504;Avaliações curtas e divididas, uma delas recomendando evitar o lugar. A única detalhada considera bom pelo valor, com dona receptiva e boa localização, mas diz que a rua é um pouco estranha, o café tem poucas opções e o chuveiro dava choque.
Hotel Taja;-1.45002102851868;-48.4664497375488;Avaliações elogiam a localização, perto da rodoviária e do comércio, e o preço em conta, descrevendo um hotel bem simples. Há relatos de percevejos na cama, móveis velhos e mofados, torneira que dá choque, ar-condicionado fraco, elevador quebrado, falta de wifi e ausência de café da manhã. Uma avaliação elogia a limpeza e o atendimento.
Hotel Toraryca;-1.45521211624146;-48.4981803894043;Avaliações mistas sobre hospedagem simples e central, sem café da manhã. Algumas veem bom custo-benefício e estadia tranquila. Outras relatam ar-condicionado que não funcionava, goteira no quarto, falta de chuveiro elétrico e de gerador e preço alto pelo que oferece. O atendimento é elogiado em uma e criticado em outra. Uma diz que a região fica esquisita à noite.
Hotel Trans Brasil;-1.44941771030426;-48.4640045166016;Avaliações curtas e em geral positivas, sem detalhes. Uma elogia o bairro e outra classifica como regular.
Hotel Unidos;-1.45038449764252;-48.4961624145508;Avaliações em maioria positivas: elogiam a recepção, a limpeza, a localização central perto das atrações, os preços baixos e o café da manhã. Há críticas a camas desconfortáveis, falta de modernização, café que vem piorando e à proprietária vigiando o consumo no café. Uma avaliação alerta para jovens em atitude suspeita nos arredores. Estacionamento pequeno.
Hotel Val de Cans;-1.39971441030502;-48.4751243591309;Avaliações em geral positivas, descrevendo opção adequada para estadias curtas perto do aeroporto, com equipe jovem e atenciosa, segurança e quartos limpos. Uma avaliação elogia a recepção na chegada, mas relata um problema no café da manhã ao retornar ao hotel.
Hotel Ver O Centro;-1.45175755023956;-48.5000762939453;Avaliações curtas e divididas. Algumas elogiam a localização, o custo-benefício, a aparência e a comida. Outras dizem que não vale a pena, que é caro, que há muitas escadas para subir e que os quartos não são tão limpos.
Hotel Vila Rica Belém;-1.4026289;-48.4716239;Avaliações descrevem hotel conveniente para escalas por ficar perto do aeroporto, com equipe cordial, limpeza razoável e café da manhã brasileiro incluído. Há críticas a camas desconfortáveis, wifi ruim nos quartos, preço alto e piscina pouco convidativa.
Hotel Vitoria Regia;-1.45218896865845;-48.4997596740723;Duas avaliações afirmam que o hotel encerrou as atividades e não existe mais. Outra, curta, elogia o serviço.
Hotel Zoghbi;-1.4538853;-48.4955122;Avaliações curtas e positivas. A única detalhada descreve hotel só de suítes no centro da cidade, com equipe simpática e café da manhã gostoso, ressalvando que a equipe não fala inglês.
Iacitata Ponto de Cultura Alimentar;-1.45599782466888;-48.5055885314941;Avaliações elogiam a comida e as sobremesas, citando açaí com camarão, e o cuidado da equipe em explicar cada prato e a origem dos ingredientes. O espaço também vende artesanato e produtos regionais e serve café da manhã, almoço e jantar. Não há refrigerantes, só sucos e água com gás. O preço é considerado um pouco acima do normal, compensado pela qualidade.
Iang Chao;-1.45775771141052;-48.4952964782715;Especialidade: chinesa, tailandesa, japonesa (sushi). Avaliações descrevem buffet por quilo de comida oriental no Shopping Pátio Belém, considerado básico. Há quem ache a comida boa, mas uma cliente alérgica reclama de sushis misturados sem identificação e outra diz que o yakisoba piorou e ficou seco e salgado.
Iang Chao Castanheira;-1.40371692180634;-48.4301986694336;Especialidade: asiática, japonesa (sushi), japonesa. Avaliações em maioria positivas sobre self-service de comida oriental na praça de alimentação do Shopping Castanheira: elogiam comida fresca e bem temperada, sushi e temaki, preço justo e atendimento rápido e atencioso. Há críticas a sushi gelado demais, empanado com muita massa e arroz seco e quase cru em visitas recentes.
ibis Belém Aeroporto;-1.40184831619263;-48.4716720581055;Avaliações destacam a proximidade do aeroporto, útil para escalas e chegadas tardias, e funcionários simpáticos e prestativos. As críticas são muitas: instalações antigas, wifi que não funciona, ar-condicionado fraco, mofo no banheiro, falta de toalhas e cobertor, paredes finas, check-out lento e preço alto para um quarto básico.
ibis budget Belém;-1.44889342784882;-48.4693794250488;Avaliações divididas sobre hotel econômico. Elogiam preço, limpeza, quartos funcionais e equipe prestativa. As críticas apontam quartos e banheiros minúsculos, check-in lento, café da manhã modesto, comida fraca no restaurante, instalações datadas e distância da área turística. Uma avaliação relata quartos entregues já ocupados e sem limpeza.
ibis Styles Belém Nazaré;-1.4520999;-48.4879126;Avaliações elogiam a localização, com restaurantes, lojas e supermercado por perto, a equipe simpática que fala inglês, a limpeza, o café da manhã, a piscina, a academia renovada e a segurança na chegada à noite. Há reclamações de ausência de restaurante ou serviço de quarto e de cama muito dura.
Ibiza Acústico Bar;-1.42928266525269;-48.4848365783691;Avaliações elogiam o ambiente e a localização. Um frequentador conta que vai aos ensaios de fã-clubes que acontecem no local e critica os banheiros, muito pequenos e geralmente sem papel higiênico.
Ice Bode;-1.43948006629944;-48.4680328369141;Especialidade: sorvete, lanchonete, hambúrguer. Avaliações curtas e positivas. Elogiam o sorvete de tapioca, citado como o melhor da cidade, e o milkshake.
Ice Bode Boutique;-1.45500528812408;-48.4888801574707;Especialidade: sorvete, doces. Avaliações descrevem sorveteria moderna, confortável e tranquila, com boa variedade de sorvetes de sabores regionais e atendimento agradável, citada para ir em família. Uma avaliação acha o sorvete pouco cremoso e com textura farinhenta, embora de bom sabor e pouco doce.
Ice Quero Sorveteria e Doceria;-1.33107650279999;-48.4406356811523;Especialidade: doces. Avaliações elogiam o ambiente agradável e os sorvetes de diversos sabores. Uma avaliação recomenda como lugar para levar os filhos no fim de semana.
Icebode - It Center;-1.4170458316803;-48.4788513183594;Especialidade: sorvete, doces. Avaliações elogiam os sorvetes, com destaque para sabores regionais como carimbó, pavê de cupuaçu e bacuri. O atendimento divide opiniões: há elogios e também reclamação de atendente mal-humorada à noite. Uma avaliação diz que o ar-condicionado não funciona.
Igreja Do Rock;-1.45894712209702;-48.4991836547852;Avaliações descrevem um boteco de rock simples, com música que vai do rock clássico ao heavy metal e indie, shows ao vivo em algumas noites, cerveja gelada, petiscos saborosos, boa equipe e público agradável. Críticas: não tem ar-condicionado, a área externa é mais fresca e o canal próximo tem mau cheiro.
Ilha Branca Bar • Restaurante;-1.49616086483002;-48.4163093566895;Especialidade: brasileira. Avaliações descrevem restaurante à beira do rio na ilha do Murutucum, a cerca de 10 minutos de barco, com estrutura de madeira, hospedagem e banho de rio. Elogiam a comida (peixes e caranguejo), drinks e cerveja gelada, e o lugar para relaxar na natureza. Críticas: preços um pouco altos, música alta e atendimento muito demorado. Recomendam ligar antes para agendar.
Imperial Recepções;-1.40952050685883;-48.4676475524902;Avaliações descrevem um salão de eventos amplo, refrigerado, bem decorado e bem localizado, com elogio à nova administração. Há um relato muito negativo de casamento em que caiu uma fase da energia, o evento ficou sem climatização e a equipe não apresentou solução.
Império do Hambúrguer;-1.46471381187439;-48.4687995910645;Especialidade: hambúrguer. Avaliações mistas, com predomínio de críticas: pedido que não chegou, erros nos pedidos, comida fria, demora e itens do cardápio indisponíveis. Pontos positivos citados são a cerveja bem gelada, o ambiente agradável e, em uma avaliação, lanche gostoso e bom atendimento.
Imperio Dos Salgados;-1.40109694004059;-48.4470558166504;Especialidade: fast-food. Avaliações elogiam os salgados e o guaraná da Amazônia, além do atendimento rápido. Há uma reclamação forte de pedido por delivery que não foi entregue e ficou sem resposta do estabelecimento.
Império Pedreirense;-1.42718183994293;-48.4732284545898;Avaliações descrevem o lugar como escola de samba e casa do samba no bairro da Pedreira, com muito samba, música variada e gente alegre. Citam participação em arrastão cultural pelo bairro e lembranças de carnavais antigos. Tom positivo e afetivo.
Incantus Belém;-1.42777055501938;-48.4509124755859;Avaliações elogiam as apresentações musicais do grupo, com banda e orquestra contratadas para casamentos e eventos, e citam o local como escola de música com bons professores. Uma avaliação descreve o espaço como aconchegante, bom para eventos, reuniões, confraternizações, lives e ensaios fotográficos.
Industria Pangostoso;-1.44432663917542;-48.4784774780273;Avaliações tratam dos pães da marca comprados em supermercados, com várias reclamações de pão mofado, esfarelento e até com inseto, validade ilegível e SAC que não atende. Uma avaliação elogia pão de forma, torradas e biscoitos recebidos de presente e a embalagem caprichada.
Invenção da Teresa;-1.44692623615265;-48.4900970458984;Avaliação única, curta e positiva, sem detalhes.
Invicto's Burguer's;-1.4290400147438;-48.4587478637695;Especialidade: hambúrguer. Avaliação única diz que tudo é muito delicioso e recomenda.
Isabella Recepções;-1.4312532544136;-48.450611114502;Avaliações curtas e positivas, citando o lugar como excelente para eventos e de fácil acesso.
Jack Garage;-1.442267537117;-48.4900398254395;Avaliações elogiam os hambúrgueres saborosos e de bom tamanho, o preço justo, a boa música e o lugar para comer com amigos. O pedido é feito no balcão, sem serviço de mesa. Uma avaliação diz que desde 2019 piorou um pouco, com molhos diferentes do cardápio e mais demora, embora a qualidade da comida se mantenha.
Jambeiro Recepções;-1.41156649589539;-48.4690055847168;Avaliações curtas e positivas, uma delas dizendo que é bem organizado, sem mais detalhes.
James Brownie;-1.45472371578217;-48.4746055603027;Especialidade: doces. Avaliações descrevem uma loja de brownies com bolos, bolo de pote, tortas e raspas de brownie, elogiando o sabor, a variedade exposta, o atendimento informativo e as vagas para estacionar na frente. Os preços dividem opiniões: alguns acham acessíveis, outros um pouco elevados em certos produtos.
Jantinha da Cohab;-1.30122923851013;-48.4659042358398;Especialidade: churrasco. Avaliações de tom misto sobre um lugar de churrasco. Elogiam o atendimento cordial, o ambiente agradável e iluminado e a guarnição saborosa. Reclamam de espera longa, que passou de uma hora em alguns relatos, de itens em falta depois das 22h, de carne passada, seca ou dura e de música alta perto da caixa de som.
Jardim das Delícias Recepções;-1.4531033039093;-48.4709663391113;Avaliações descrevem um salão de eventos e buffet usado para casamentos e festas, bem localizado, climatizado, com banheiros limpos, bom espaço para dançar, comida elogiada e bom preço. Uma avaliação acha o salão um pouco estreito, embora comprido, e diz não ter visto saída de emergência.
Jayme - Comida de Casa;-1.4387264251709;-48.4642639160156;Avaliações elogiam a comida caseira saborosa e bem servida, o pudim, o atendimento cordial, o ambiente refrigerado, a entrada acessível a cadeirantes, os preços justos e o cardápio variado. Críticas pontuais: louça quebrada, molho em excesso na lasanha e estacionamento só do outro lado da rua.
JCK deposito de bebidas;-1.33087193965912;-48.4460334777832;Avaliações descrevem um depósito de bebidas com cerveja gelada, bom atendimento e ambiente convidativo para passar um tempo. Sobre preço as opiniões divergem: a maioria acha bom, uma avaliação diz que ainda não é muito convidativo.
Jeová Jireh Pizzaria;-1.45576906204224;-48.4508438110352;Especialidade: pizza. Avaliações elogiam as pizzas saborosas, a maionese caseira e o ambiente limpo e climatizado, apontado como um dos poucos climatizados do bairro Terra Firme, com fachada atraente. No delivery, dizem que a pizza chega quente.
Jeredys Burguer;-1.30553662776947;-48.481128692627;Especialidade: hambúrguer. Avaliações em geral elogiam o hambúrguer com carne na brasa, o molho, o preço justo, o atendimento e o delivery. Uma avaliação diz que o ambiente precisa melhorar, principalmente o banheiro. Há um relato negativo de delivery com lanche frio, carne crua e entrega em uma hora, o dobro do previsto.
Jhow Jhow Sushi;-1.46365451812744;-48.4960670471191;Especialidade: japonesa (sushi), japonesa. Avaliações bem divididas. Parte elogia o sushi como um dos melhores de Belém, com preço acessível, equipe atenciosa e ambiente limpo. Outra parte reclama de atendimento péssimo e lento, ambiente ruim, preços altos para a qualidade e um relato de mal-estar depois de comer um temaki.
Jiraya Sushi Express;-1.45563983917236;-48.4826545715332;Especialidade: japonesa, japonesa (sushi). Uma avaliação detalhada descreve lugar aconchegante com decoração de séries japonesas dos anos 80, comida bem apresentada, serviço simpático e atento, opção de rodízio e preço razoável, com ressalva ao funcionário da porta, achado estranho. Outra elogia o hot sushi. As demais são curtas e positivas.
Johnny Rockets;-1.44613707065582;-48.4896774291992;Especialidade: hambúrguer. Avaliações elogiam hambúrgueres, batatas fritas, sucos em porção grande e o ambiente de lanchonete americana dos anos 70/80, com atendentes e gerente atenciosos e pedido rápido. Ressalvas: milk-shake que talvez não valha a pena, um pedido para viagem sem a batata, depois resolvido pela loja, e um relato de funcionários da entrada fazendo comentários e olhares sobre o cliente.
Jony pizza;-1.40082836151123;-48.4431419372559;Especialidade: pizza. Avaliações em geral elogiam a pizza de massa fina, que chega quente, o preço em conta e os funcionários educados. Há uma reclamação de péssimo atendimento, com atraso de duas horas na entrega e desrespeito ao cliente.
Josy's Recepções;-1.4456799030304;-48.462028503418;Avaliações descrevem um salão de festas climatizado e aconchegante para casamentos, 15 anos e aniversários, com ornamentação bonita, buffet elogiado, boa organização e garçons atenciosos. Críticas: falta de estacionamento, louças que deveriam ser trocadas e cortinas longas demais.
JP Restaurante;-1.45481550693512;-48.4891395568848;Avaliações situam o restaurante dentro do hotel Radisson e elogiam porções grandes, drinks, sushi, café da manhã variado e garçons solícitos. Há uma crítica forte a carnes passadas do ponto, sem sabor e duras, recomendando evitar o lugar.
Jurubeba Hotel de Charme;-1.11666828393936;-48.434741973877;Avaliações elogiam a localização em frente à praia e ao restaurante de mesmo nome e a simpatia de recepcionistas. Há reclamações de barulho e acústica ruim, lençóis com mofo, banheiros mal higienizados, Wi-Fi e TV sem funcionar e preço diferente do informado por telefone. O café da manhã divide opiniões, de excelente a fraco.
Jurubeba Mosqueiro;-1.11655867099762;-48.4351196289062;A única avaliação detalhada diz que a comida é boa mas cara pelo que entrega, com peixes amazônicos e acompanhamentos pesados e porções pequenas de salada e vinagrete, e elogia o local bonito e o serviço excelente. As demais são curtas, sem detalhes.
Kahori Sushi;-1.4604073;-48.4885365;Avaliações descrevem restaurante japonês de linha tradicional, ambiente refrigerado e tranquilo, com atendimento atencioso e elogios a barcas, yakissoba, atum e pratos executivos. Há ressalvas de preços acima da média e um relato de infecção alimentar após o jantar.
Kaijin Izakaya;-1.45224285125732;-48.4799346923828;Especialidade: japonesa. Avaliações descrevem izakaya temático e descontraído dentro da Vila Contêiner, espaço pequeno, com música e arcade, onde se paga antes e retira no balcão. Opiniões divididas: há quem elogie lámen, guioza e funcionários prestativos, e há críticas a lámen ralo ou muito ruim, preço alto e funcionários desatentos que fumam o tempo todo.
Kantinho da Hellô;-1.43225800991058;-48.4661102294922;Especialidade: lanchonete. A única avaliação é curta e positiva, dizendo que tudo é delicioso e feito com carinho.
Kasa Maguari;-1.33236861228943;-48.4499816894531;Avaliações curtas e positivas. A única com detalhe descreve ambiente legal, espaçoso e bonito, ótimo para curtir a noite com amigos.
Kerbier Cervejas;-1.45778530836105;-48.4932708740234;Avaliações descrevem pequena loja de fábrica de cerveja artesanal em uma praça movimentada, com mesas ao ar livre e som. Elogiam os chopes, a variedade de sabores, a IPA e o atendimento, e citam algumas opções de petiscos.
Ki Paladar Sushi Bar;-1.41775703430176;-48.4482650756836;Avaliações elogiam o sabor, o preço justo e os combos promocionais, vendo o lugar como opção para gastar menos. Um avaliador lamenta o restaurante ser muito pequeno, com mesas na calçada, e abrir só à noite. Uma das avaliações fala de um encontro esportivo entre amigos, sem relação clara com a comida.
King Açaí;-1.31771034002304;-48.4362182617188;Especialidade: açaí, brasileira. Avaliações elogiam o açaí de qualidade, o lugar limpo, o atendimento e as promoções.
Kiosk Bar;-1.35258805751801;-48.4532432556152;Especialidade: drinks, música ao vivo. Avaliações descrevem bar aberto com música ao vivo e opiniões divididas. Há elogios ao espaço, à música e ao atendimento, e críticas a poucas mesas em dia de jogo, pedidos demorados, bebida cara com 10%, comida e bebida fracas, calor e banheiros sujos e mal sinalizados. Um avaliador achou as músicas horríveis.
Komburger;-1.43748354911804;-48.4863586425781;Especialidade: hambúrguer, fast-food. Avaliações descrevem hamburgueria temática de dois andares, muito decorada, boa para encontrar amigos e conversar. Um avaliador gostou dos hambúrgueres e do suco. Outro, em relato longo, elogia o ambiente mas diz que falta capricho no lanche, impressão que já tinha tido no delivery. As demais são curtas e positivas.
KURO NEKO Coffee & Co;-1.44871020317078;-48.4905281066895;Especialidade: café. Avaliações descrevem café temático de gatinhos, acolhedor e divertido, com elogios a sanduíche, cappuccino, matcha gelado com morango, toast de brioche e pudim em forma de gato, além do atendimento. Um avaliador achou o lugar lotado, apertado e desconfortável na espera, mas diz que a comida compensou.
Kyotto - Restaurante e Cervejaria;-1.40301477909088;-48.4310302734375;Avaliações são todas negativas. Reclamam de comida ruim e em pouca quantidade pelo preço, bebidas caras, cerveja quente ou suja, cobrança de 10%, espaço apertado e quente no andar de cima e atendimento de má vontade, com relato de atendentes rindo de uma reclamação. Um avaliador indica que fica dentro de um shopping.
Kyrlife;-1.41543793678284;-48.4743194580078;Avaliação curta e positiva, sem detalhes.
La Barka Refeições;-1.26359796524048;-48.464672088623;Avaliações elogiam o atendimento, a comida simples e saborosa, o ambiente agradável e o preço acessível. Um avaliador diz que se sentiu em casa.
Lá em Casa;-1.44858533143997;-48.5002021789551;Especialidade: brasileira. Avaliações descrevem local bonito e agradável na Estação das Docas, com comida regional como vatapá paraense, pato no tucupi e maniçoba. Elogiam os dadinhos de queijo e o sorvete. Há críticas à maniçoba, à pata de caranguejo quase sem carne e à sobremesa pequena. Os preços são considerados altos, mas compatíveis com lugar turístico.
La Lucha Burgers;-1.4522488117218;-48.4799613952637;Especialidade: hambúrguer, fast-food, cachorro-quente. Avaliações descrevem hamburgueria artesanal na Vila Container, espaço montado em contêineres, com ambiente agradável, boa música e estacionamento. Elogiam os hambúrgueres, e citam também hot dogs, batatas, cervejas e sobremesas. Há críticas aos preços altos e, em um caso, à falta de cordialidade no atendimento. O cliente descarta o próprio lixo ao sair.
La Plata Asados;-1.4494281411171;-48.4861259460449;Avaliações descrevem restaurante de carnes com ambiente agradável e decoração diferenciada, elogiando o atendimento, os cortes suculentos e o almoço executivo de preço justo. Há ressalvas: acompanhamentos caros, carne que esfria no prato, um corte com gosto de queimado por fora e falta de estacionamento.
La Preferita Pizza;-1.4542396068573;-48.4955635070801;Especialidade: pizza. Avaliações elogiam as pizzas, as porções generosas, o atendimento e o ambiente bonito e confortável. Citam a opção de pedir fatias de alguns sabores.
La Tazza;-1.43633186817169;-48.4573745727539;Avaliações são negativas: reclamam de atendimento demorado e desinteressado, mesas sujas, salgados com pouco recheio, café e tapioca ruins e preços altos. Uma relata gerente impondo consumo a quem estava sentado no espaço. Fica em prédio comercial de grande circulação.
Lady Pub;-1.30565500259399;-48.4693145751953;Avaliações elogiam o atendimento, os donos receptivos, a cerveja gelada, os tira-gostos e a música de vários ritmos, com DJ de som dos anos 90. Citado como ambiente agradável e bom para um encontro na sexta-feira.
Lambretta 62;-1.13099330663681;-48.4536781311035;Avaliações elogiam a comida bem servida, o ambiente confortável e o atendimento, incluindo a simpatia do proprietário, e citam como local preferido em Mosqueiro. Há uma crítica forte de preço alto, demora de mais de 30 minutos e serviço falho quando o dono não está.
Lan House Hardcore;-1.29550105333328;-48.4690208435059;Avaliações elogiam o atendimento e os computadores de qualidade, citando como bom lugar para ir com amigos se divertir.
Lanche do Dinho Império;-1.4158992767334;-48.4498100280762;Avaliações elogiam os hambúrgueres assados na brasa, as marmitas e o tempero caseiro, com clientes desde a época do carrinho de lanche. Uma crítica dura diz que a qualidade caiu, o preço subiu e a porção de batata é pequena. Outra diz que não é barato mas vale o preço.
Lanche do Sírio;-1.44953644275665;-48.4941444396973;Especialidade: árabe. Avaliações curtas, na maioria positivas, sem detalhes. Uma classifica como regular.
Lanches Pílula Azul;-1.42158472537994;-48.4751358032227;Especialidade: lanchonete, hambúrguer. Avaliações são em maioria críticas ao atendimento e à entrega: demora, pedido incompleto, entrega em endereço errado e resposta ríspida no WhatsApp. O guaraná é citado como doce demais. Há quem ache o lanche bom e com preços bons, sugerindo mais queijo e mais opções de molho.
Lanchonete Bom sabor;-1.42164468765259;-48.4711074829102;Especialidade: lanchonete. Avaliações elogiam o churrasco, descrito como o melhor do bairro da Pedreira, o tempero, o preço e o atendimento, em ambiente familiar e agradável.
Lanchonete do Estudante;-1.45602381229401;-48.4930458068848;Especialidade: lanchonete. Avaliações curtas e positivas, sem detalhes.
Lanchonete Do Paulo;-1.29887002706528;-48.4739379882812;Avaliações elogiam lanches saborosos, comidas típicas, bolos, salgados e doces variados, bom atendimento e preço justo, descrevendo um lugar agradável em Icoaraci.
Lanchonete e pastel da kelly;-1.42823135852814;-48.4612808227539;Especialidade: brasileira. Avaliações curtas e positivas em sua maioria, sem detalhes. Uma elogia o pastel mas critica o atendimento, dizendo que a atendente foi pouco simpática.
Lanchonete e Pizzaria Bom Sabor;-1.40709364414215;-48.4707260131836;Avaliações citam bom custo-benefício e uma cliente antiga elogia o atendimento e chama de melhor pizzaria da Sacramenta. Outra diz que o lanche é bom mas reclama de atraso de mais de uma hora na entrega e de falta de resposta do estabelecimento.
Lanchonete Fina Fatia;-1.34299504756927;-48.4571228027344;Especialidade: lanchonete. Avaliações elogiam a comida saborosa, os petiscos, doces e salgados, com destaque para a unha de caranguejo, o bom custo-benefício, a entrega dentro do conjunto e o acolhimento, citado como ponto de famílias após a missa. Uma reclama de grande demora na entrega do almoço.
Lanchonete JK;-1.42428803443909;-48.4837684631348;Especialidade: lanchonete. Uma única avaliação, curta, elogia o atendimento.
Larik's Sanduicheria Artesanal;-1.32251513004303;-48.4356117248535;Especialidade: lanchonete, sorvete, doces. Avaliações elogiam o lanche artesanal, apontado como o melhor do bairro do Tenoné, com carnes de 120 gramas, produtos de qualidade e preço baixo, além do atendimento educado e do pedido pelo aplicativo da lanchonete. Uma avaliação reclama que o suco piorou e vem só com gelo.
Latino Paraense Hostel e Pousada;-1.22492176294327;-48.5579795837402;Avaliações descrevem hostel e restaurante à beira da praia da Flexeira, em Cotijuba, com ambiente amplo, tranquilo, familiar e de clima alternativo, bom para ir com crianças. Elogiam a acolhida da equipe, a limpeza dos quartos, a comida simples e bem servida, os drinks, a pizza à noite, o café da manhã na praia e os preços.
Lcpub;-1.29804772138596;-48.4710464477539;Especialidade: drinks. Avaliações elogiam o ambiente climatizado e agradável, a recepção, o atendimento e a música. Uma descreve a estrutura com dois pavimentos, desenhos na parede e uma adega ainda em fase inicial, sugerindo que faltaria um barman.
Le Panoramique - Assembléia Paraense;-1.41390311717987;-48.4421691894531;Avaliações descrevem um salão de eventos dentro da Assembleia Paraense, usado para aniversários e festas, com boa climatização, iluminação e atendimento. Dizem que comporta de 100 a 200 pessoas. Uma avaliação aponta que não há acesso para pessoas com mobilidade reduzida e que a entrada é só para sócios ou convidados.
Lé Pizza;-1.44348084926605;-48.4599151611328;Especialidade: pizza. Avaliações elogiam a pizza, de massa leve e recheio farto, a opção de tabuleiro com até quatro sabores, a variedade que inclui pizzas doces, o preço honesto e o atendimento. Um frequentador diz que misturar sabores de categorias diferentes encarece o pedido e que o ambiente climatizado poderia ser mais frio. Outro achou que exageraram no orégano.
Lenise Bronze;-1.36587226390839;-48.4579277038574;Especialidade: balada. Avaliações falam de um serviço de bronzeamento, elogiando o resultado do bronze, a simpatia da responsável, a pontualidade e o conforto. Uma avaliação diz que o lugar é seguro, enquanto outra reclama que a rua é só lama e não é muito segura. Há uma avaliação negativa sem detalhes.
Leno Pizzas E Lanches;-1.46675837039948;-48.4852523803711;Especialidade: lanchonete. Avaliações elogiam o lanche simples, bem feito e saboroso, o suco, os preços bons, o atendimento e a entrega rápida com entregador educado. Um avaliador diz ser cliente há anos.
Lico's Bar Saudade;-1.46939444541931;-48.4711647033691;Avaliações curtas e positivas. Uma diz que é muito bom para quem gosta de música no ritmo saudade.
Liliane Panificadora;-1.43382906913757;-48.487865447998;Especialidade: padaria. Avaliações mistas. Elogiam a comida, o café, o suco de laranja e os lanches. Há reclamações de atendimento desatento, com funcionários que ignoram quem está no balcão, de moscas dentro da loja e de salgados que só ficam prontos depois das 8h.
Lips Burgers;-1.42263507843018;-48.4644775390625;Especialidade: hambúrguer. Avaliações elogiam os hambúrgueres, com carne assada na brasa e uma farofa especial como ingrediente, além do atendimento e da embalagem. Um avaliador conta que comprou para uma reunião de trabalho.
Litoral Palace Hotel;-1.44980323314667;-48.4656105041504;Avaliações divididas. Há quem descreva como hotel simples, bem localizado, com bom custo-benefício e café da manhã gostoso, bom para só passar a noite. Há reclamações fortes de quarto com cheiro, roupa de cama suja, colchão ruim, TV e controle sem funcionar, barata no banheiro, restos de hóspedes anteriores no quarto, atendimento grosseiro e um relato de furto dentro do hotel.
Liv Club Belém;-1.44555234909058;-48.4912147521973;Especialidade: balada. Uma única avaliação com texto, que descreve ambiente amplo e confortável e elogia a quantidade de cabines nos banheiros.
Lobo's Prime Pizzaria;-1.43461537361145;-48.4758071899414;Especialidade: pizza. Avaliações mistas. Uma elogia atendimento atencioso e pizza saborosa. Há reclamações de pedido pelo iFood que chegou errado sem solução, de sistema de senha aleatório em vez de ordem de chegada, de demora mesmo com a casa vazia e de pizza queimada.
Lotus Grill;-1.40329992771149;-48.4499588012695;Avaliações descrevem restaurante de almoço com comida bem servida e preço bom, garçons educados e delivery elogiado. As críticas se repetem sobre o ambiente muito quente, com poucos ventiladores e sujos. Há também quem ache a comida básica e oleosa, o suco aguado, e uma reclamação de espera absurda.
Love Empadas Belém;-1.39661574363708;-48.4319648742676;Avaliações todas positivas, elogiando as empadas (massa leve, recheio que derrete na boca), o bom preço e o atendimento. Citam também a torta de morango e o sabor calabresa com cheddar. Alguns chamam de melhor empada de Belém.
Lubia Bolos Maravilhosos;-1.33091408014297;-48.4398918151855;Especialidade: doces, padaria. Avaliações elogiam os bolos, doces e cupcakes e o bom atendimento. Uma delas diz que o local também aluga jogos de mesas e itens para festas.
Lug's;-1.39003050327301;-48.4647789001465;Especialidade: fast-food. Avaliações em maioria críticas. Elogiam a batata frita sequinha e crocante e o custo-benefício da comida. Reclamam de itens do cardápio indisponíveis, desorganização na chamada e entrega dos pedidos, queda na quantidade do prato do dia e atendimento pouco disposto. Uma relata que a caixa debochou do cliente por não pronunciar o nome do prato em inglês.
Lug's Batata;-1.40324848890305;-48.4311103820801;Especialidade: fast-food. Avaliações descrevem fast food de frango no balde e batata frita, com atendimento rápido, bons preços e ambiente bom para ir com família ou amigos. Elogiam o frango e a batata. Uma avaliação reclama de funcionários grossos ao responder perguntas.
Lug's Parque Shopping Belém/PA;-1.37020814418793;-48.4460258483887;Especialidade: fast-food. Avaliações mistas. Uma descreve comida por quilo com pratos regionais paraenses, boa variedade e preço razoável. Duas são muito negativas: combo de frango e batata duro, seco e com cheiro de combustível, e steak de frango com gosto azedo, seguido de cabelo na batata do prato trocado, com pedido de reembolso.
Lyno Cucina;-1.44218730926514;-48.4882202148438;Especialidade: italiana. Avaliações mistas sobre restaurante italiano. Elogiam ambiente bonito, burrata, negroni e atendimento atencioso. Críticas: preço alto, pratos principais só para dois, espaço apertado, cheiro de mofo no salão, massa fora do ponto e excesso de alecrim. Um relato grave de polvo borrachudo que o dono se recusou a retirar da conta.
M&C Restaurante;-1.45105421543121;-48.4990692138672;Especialidade: brasileira. Avaliações todas positivas, descrevendo comida caseira feita na hora, bem porcionada, leve e saborosa, com destaque para o frango à parmegiana. Elogiam também o atendimento e a recepção. Parece servir para almoço e pedidos para equipes de trabalho.
M&F Sorveteria E ConveniÊNcia;-1.36192262172699;-48.4266967773438;Especialidade: sorvete, doces. Duas avaliações opostas. Uma elogia sorvetes deliciosos, atendimento de qualidade e ambiente agradável. A outra relata que a filha tomou sorvete vencido e passou muito mal.
Machado's Plaza Hotel;-1.45061433315277;-48.492073059082;Avaliações curtas e divididas. Elogiam a localização, a tranquilidade e a equipe. Uma avaliação diz que não vale o preço, com quartos e café da manhã muito pequenos e piscina suja.
Madero Steak House;-1.44570541381836;-48.4891471862793;Avaliações curtas e em maioria positivas. Elogiam a variedade do cardápio e o hambúrguer, citado como o melhor que um visitante provou no Brasil. Os pontos negativos apontados são a acústica ruim e a pouca variedade de cervejas.
Madero Steak House;-1.38887321949005;-48.4647064208984;Especialidade: hambúrguer, fast-food. Avaliações mistas. Há elogios curtos à experiência. Duas reclamações detalhadas: pedido pelo iFood entregue com mais de uma hora e meia, frio e com hambúrguer cru, e cliente que ficou cerca de 20 minutos sentado sem ser atendido, relatando descaso de um funcionário enquanto outros estavam desocupados.
maia_restaurante_oficial;-1.29414075613022;-48.4870872497559;Especialidade: brasileira. Avaliações descrevem restaurante na orla de Icoaraci, em trecho mais sossegado, com vista para a baía, ambiente simples, confortável e bem ventilado. Elogiam atendimento ágil, comida boa, cerveja gelada e música ao vivo. Mencionam cobrança de couvert por mesa e 10%, e uma avaliação achou caro para a quantidade de comida.
Maioca;-1.44084250926971;-48.4688987731934;Especialidade: sorvete, doces. Avaliações descrevem sorveteria artesanal com ambiente aconchegante, serviço rápido, entrada acessível para cadeirantes e muitos sabores, inclusive regionais como tapioca, açaí e carimbó, além de cafés, pães e doces. Críticas pontuais: cardápio desatualizado, sabores e casquinha em falta, ar-condicionado forte e sol dentro da loja no fim da tarde.
Maioca;-1.4436411857605;-48.4597473144531;Especialidade: sorvete, doces. Avaliações elogiam os sorvetes artesanais, cremosos e variados, a decoração e o ambiente aconchegante e tranquilo, onde dá para ficar lendo. O atendimento divide opiniões: duas pessoas o acham simpático e ótimo, enquanto outras relatam atendentes mal-humorados, demora e pressa perto do fechamento. Uma cliente suspeita ter sido mal atendida por preconceito, sem especificar qual.
Malino's GastroPub;-1.44284009933472;-48.4886474609375;Especialidade: hambúrguer, fast-food. Avaliações em maioria positivas sobre hamburgueria: elogiam hambúrgueres, batatas, molhos, brownie, custo-benefício e atendimento simpático, e famílias com crianças frequentam aos domingos. Críticas: falta de cadeirões infantis, demora no guichê, karaokê alto no almoço, pratos sem padrão, batata gordurosa e falta de segurança na saída.
Maloca das Amazonas;-1.46377658843994;-48.5060195922852;Uma única avaliação com texto, que descreve o lugar como exótico e bonito, na beira do rio, bom para ir no fim de tarde, com cerveja de valor mais alto.
Maloca o Marinheiro;-1.49381816387177;-48.4807929992676;Três avaliações curtas recomendam o restaurante e o descrevem como excelente e familiar. Uma avaliação diz que o lugar fechou e que, ao chegar de barco, só encontrou os escombros.
MAMÁ Restaurante;-1.42465448379517;-48.471923828125;Especialidade: lanchonete, drinks. Avaliações descrevem restaurante de almoço com tempero caseiro e comida feita na hora, que também funciona como lugar para beber, ver jogos e MMA e ouvir música, com dono simpático. Uma avaliação elogia o atendimento mas critica o ambiente apertado, o excesso de tempero no bife, a porção e a pouca variedade do cardápio durante a semana.
Mana Poke - Belém;-1.45517325401306;-48.489200592041;Avaliações em maioria positivas: elogiam o poke com ingredientes frescos e muitas opções, inclusive tofu, as porções generosas, o ambiente agradável e o atendimento. Uma avaliação negativa reclama de ceviche e atum com cheiro forte de peixe, molhos parecidos entre si, pouco peixe e preço alto.
Manga Hostel Belém;-1.44803130626678;-48.463020324707;Duas avaliações negativas. Reconhecem o preço atrativo e uma acha os quartos bons, mas reclamam de barulho alto na área da piscina até tarde, chuveiro sem água quente, piscina e cozinha sujas e equipe grosseira. Uma relata que reservou quarto misto e quiseram separar o grupo em quartos masculino e feminino, e que não devolveram diárias não usadas.
Manga Itália | Restaurante;-1.30458796024323;-48.4835243225098;Especialidade: italiana. Avaliações descrevem restaurante pequeno, aconchegante e com personalidade, com equipe educada, carta de vinhos acessível, promoção de massas às quartas e voz e violão nos fins de semana. As opiniões sobre a comida divergem: há elogios às massas e entradas, e também relatos de pratos frios, salmão seco, carne passada, atraso e louça inadequada.
Manga Pub;-1.45474219322205;-48.4873008728027;Avaliações descrevem pub bonito, bom para happy hour, com bandas de rock ao vivo mais tarde, cervejas artesanais, petiscos, áreas interna e externa e preços normais. Elogiam música, comida e atendimento. Há reclamações de cerveja quente, petisco em falta, taxa obrigatória da máquina de cartão e demora na entrega do pedido.
Mango Alimentação Saudável;-1.45443975925446;-48.4866065979004;Avaliações todas positivas sobre restaurante de comida saudável: elogiam os pratos frescos com sabores locais, as opções sem glúten, vegetarianas, veganas e de peixe, a possibilidade de montar o prato, os sucos de frutas regionais, o ambiente leve e acolhedor e o atendimento gentil. Preços considerados moderados para a qualidade.
Mania de Comer;-1.29899030923843;-48.4856910705566;Especialidade: pizza, brasileira. Avaliações curtas e positivas, sem detalhes.
Manoel açaí;-1.4431300163269;-48.4604148864746;Especialidade: açaí, brasileira. Avaliações todas positivas sobre ponto de venda de açaí: elogiam a qualidade e o sabor do açaí, a higiene, o preço, a entrega rápida e as promoções de fidelização, como tapioca grátis na compra de dois litros.
Manos Brazzeiros;-1.46540307998657;-48.4686126708984;Especialidade: hambúrguer, churrasco. Avaliações positivas, com dois relatos de famílias grandes que elogiam a comida, as sobremesas, os pratos chegando juntos e o atendimento simpático e atencioso dos funcionários. As demais são curtas e sem detalhes.
Manu lanches;-1.35417890548706;-48.4379844665527;Especialidade: lanchonete. Avaliações curtas e positivas elogiam a qualidade dos lanches e principalmente a coxinha, citada como a melhor do Sideral.
Maotai;-1.45792186260223;-48.4949226379395;Avaliações descrevem buffet de comida oriental com tom majoritariamente negativo: sushi ressecado ou velho, comida sem sabor, fria e cara para o que entrega. Parte dos relatos elogia o atendimento e pede placas identificando os pratos do buffet. Uma avaliação diz que voltaria para pedir para viagem.
Maotai;-1.44520998001099;-48.4893493652344;Especialidade: chinesa. A única avaliação com texto é negativa: critica o sushi, diz que o salmão parecia artificial, que peças vieram com cenoura no lugar, que o sunomono estava mal equilibrado e que o atendimento não foi bom.
Maotai;-1.37024033069611;-48.4459381103516;Especialidade: asiática, japonesa (sushi), japonesa. Avaliações lidas são negativas: relatam comida oriental servida fria, pastéis oleosos, yakisoba ruim e itens com gosto azedo ou de estragado, além de preços altos para a qualidade. Uma delas observa que é a única opção de comida oriental no shopping.
Maply Lanche;-1.45595932006836;-48.4707565307617;A única avaliação com texto diz apenas que o lugar tem um bolo gostoso.
Márbo Boteco Bistrô;-1.45755767822266;-48.4713554382324;A única avaliação com texto elogia a cerveja gelada e os petiscos.
Marcio Lanches;-1.42904675006866;-48.485050201416;Especialidade: fast-food. Avaliações descrevem lanchonete de preço acessível, com lanches bem servidos, maionese caseira elogiada e serviço rápido. Há críticas a ingredientes mal fritos em um lanche e a uma resposta grosseira no atendimento por WhatsApp, enquanto outra avaliação elogia a educação dos funcionários.
Márcio Lanches;-1.44274520874023;-48.4557075500488;Especialidade: hambúrguer. Poucas avaliações, positivas e em tom de brincadeira, elogiando os lanches e a rapidez da entrega, sem detalhes confiáveis sobre o ambiente.
Marcos bar e Pousada;-1.22117066383362;-48.5516929626465;Especialidade: drinks, balada. Avaliações descrevem pousada e bar na praia, limpa e perto do mar, com ambiente familiar e tranquilo, música ambiente, cardápio variado, peixe frito elogiado, bom atendimento e preço justo.
Marcos Donalds;-1.45742309093475;-48.4709587097168;Especialidade: lanchonete. Avaliações curtas e positivas elogiam os salgados, em especial a coxinha de caranguejo, e o preço justo.
Margalho's Lanche;-1.39752650260925;-48.4761505126953;Especialidade: hambúrguer. Avaliações elogiam o sabor e o tamanho dos lanches, como x-tudo, hambúrguer e batata frita, e uma relata atendimento atencioso no delivery. A maioria critica o atendimento: demora no preparo, pedidos da mesma mesa servidos separados, anotação errada, espera de duas horas no delivery e resposta ríspida.
Maria Belém;-1.45788371562958;-48.4944267272949;Avaliações descrevem restaurante dentro do shopping com música ao vivo elogiada, chope barato, ambiente aconchegante e preços em geral vistos como justos. Elogiam pato no tucupi, unha de caranguejo, caruru e pinacolada. Há críticas a um peixe salgado demais, à espera de 35 minutos pelos pratos e ao preço da comida. Cobra couvert artístico.
Maricotinha;-1.44648563861847;-48.4850158691406;Avaliações descrevem espaço amplo de festas e eventos, com charme e ambiente agradável, mas que fica lotado. Há críticas a aparência de abandono, cheiro de mofo na decoração, banheiros sujos durante as festas, não aceitar cartão, venda de bebida por fichas em dinheiro e uma única marca de cerveja.
Marina RockDoido;-1.32573866844177;-48.4275360107422;Avaliações curtas e positivas dizem que o espaço é do tamanho de um campo de futebol, com boa estrutura para festas de aparelhagem ou raves, e ótimo para se divertir.
Marlene's Recepções;-1.41728150844574;-48.444164276123;Avaliações descrevem casa de recepções para festas e eventos, com salão bonito, climatizado, bem decorado e buffet elogiado. Uma crítica diz que não é legal para almoço, por ser quente, sem área coberta e com pouco espaço ao redor da piscina.
Marmitaria Lá de Casa;-1.39756441116333;-48.4817047119141;A única avaliação com texto elogia a comida e o atendimento.
Marques beer;-1.40150332450867;-48.4434127807617;Especialidade: drinks. Avaliações curtas e muito positivas elogiam os drinks, os preços e o atendimento atencioso.
Marujos Restaurantes;-1.44986790418625;-48.5013275146484;Especialidade: brasileira, lanchonete. Avaliações lidas têm tom misto: elogiam a música ao vivo, a localização, a comida, as bebidas e a limpeza, mas duas relatam espera de uma hora por um prato de camarão e outra diz que não quiseram servir cerveja ao grupo enquanto outras mesas eram atendidas.
Matapy Restaurante;-1.49337708950043;-48.4789733886719;Avaliações descrevem restaurante de ilha com paisagem bonita, piscinas com tobogã para crianças e adultos, banho de rio e espaço para rede, e elogiam o peixe. Há críticas a serviço atrapalhado, ambiente precisando de reforma, porções pequenas pelo preço e couvert artístico cobrado com música alta.
Matrioska Restaurante & Churrascaria;-1.44358789920807;-48.4694900512695;Especialidade: churrasco. Avaliações descrevem pequeno restaurante self-service com churrasco e preços baixos, com opiniões divididas: parte elogia comida, suco e atendimento, parte diz que a qualidade caiu, com comida fria ou salgada, pouca variedade no buffet, churrasco mal feito e demora nos pratos feitos.
Mauronne Lanches;-1.36125367879868;-48.4498863220215;Avaliações divididas: duas elogiam o lanche, uma delas avisando que o telefone no Google está desatualizado, e uma relata hambúrguer com cheiro ruim que a gerente se recusou a trocar, discutindo com a cliente.
Mc Bruno;-1.44687980413437;-48.4727439880371;Especialidade: brasileira, lanchonete. Avaliações elogiam a comida caseira e saborosa, os preços acessíveis, o ambiente aconchegante e sobretudo a recepção calorosa do dono. Um cliente diz lanchar e almoçar ali há 19 anos.
McDonald's;-1.44597017765045;-48.4867172241211;Especialidade: fast-food, café da manhã, hambúrguer. Avaliações curtas e positivas elogiam comida e atendimento e destacam o drive thru 24 horas. Uma observa que o Apple Pay só funciona no drive.
McDonald's;-1.45235896110535;-48.4802513122559;Especialidade: fast-food, café da manhã, hambúrguer. Avaliações lidas são mornas ou negativas: dizem que o horário de 24 horas não é cumprido, pois estava fechado às 8h e às 2h de sábado, relatam funcionário grosseiro, loja bagunçada pelo movimento e limpeza a desejar. Uma considera rápido e bom.
McDonald's;-1.44598817825317;-48.4890098571777;Especialidade: fast-food, café da manhã, lanchonete. Avaliações descrevem loja comum de praça de alimentação. Predominam reclamações sobre o atendimento, descrito como sem educação e sem carisma, pedido para viagem servido em bandeja, discussão sobre o volume do refrigerante e delivery atrasado e frio.
McDonald's;-1.45777875185013;-48.4948387145996;Especialidade: fast-food, café da manhã, hambúrguer. Avaliações mistas: uma elogia o atendimento, o milkshake e o café, outras reclamam de funcionários desanimados e de pedido pelo iFood entregue incompleto sem resposta da loja.
McDonald's;-1.40314280986786;-48.4304313659668;Especialidade: fast-food, hambúrguer, café da manhã. Avaliações curtas e positivas, sem detalhes.
Meg Doceria Picui;-1.43294990062714;-48.4649772644043;Especialidade: doces. Avaliações descrevem doceria com temática do Nordeste, climatizada, ampla e aconchegante, com tortas, salgados, cafés, cuscuz recheado e licores elogiados e atendimento atencioso. Apontam preços um pouco altos em alguns itens e falta de estacionamento. Uma avaliação negativa relata salgado queimado e ter sido apressada a sair no fechamento.
Mega Gostosão Lanches;-1.34813940525055;-48.4660530090332;Especialidade: hambúrguer, lanchonete. Avaliações com texto são negativas: relatam pão duro ou mofado, carne fria, presunto estragado, entrega com cerca de quatro horas de atraso e um cliente que diz ter ido parar no hospital. Outras são curtas e positivas, sem detalhes.
Mega Salgado;-1.38393461704254;-48.4513282775879;Avaliações divididas sobre pedidos de salgados. Duas reclamam de embalagem inadequada, salgado frio, sem sabor e com aparência de cru, e de bolinha de queijo sem queijo. Uma elogia e diz que vai comprar sempre.
MeM bistro;-1.45712888240814;-48.4652862548828;Avaliações elogiam a comida caseira saborosa e bem servida, com almoço em prato feito ou por quilo, o ambiente aconchegante com música boa, o atendimento atencioso e o preço. Citado como lugar para café da manhã, almoço, lanche da tarde ou cerveja com amigos e família.
MeM hotel;-1.40638720989227;-48.4811210632324;Única avaliação, curta e positiva, elogia a anfitriã.
Mena's Café;-1.43730771541595;-48.4581336975098;Especialidade: café. As duas avaliações lidas são negativas. Uma relata ter ficado vários minutos na bancada sem ser atendida e ignorada pelos funcionários. A outra considera o almoço caro para a qualidade, com legumes, arroz e carne duros.
Mena's Café;-1.44520127773285;-48.4837455749512;Especialidade: café. Avaliações mistas. Há elogios ao lugar e ao café, mas duas reclamam do caixa: falta constante de troco e um relato de atendimento grosseiro de uma funcionária nova ao receber nota alta para pagar o almoço. As demais são curtas e positivas.
Mend's Hamburgueria;-1.39962023496628;-48.4609832763672;Especialidade: hambúrguer. Avaliações elogiam o hambúrguer artesanal, os ingredientes de qualidade, o preço justo e o atendimento, e o apontam como melhor opção de lanche da Marambaia. Descrito como pedido por WhatsApp ou delivery com retirada no local. Uma avaliação avisa que o pedido demora, mas diz que vale a pena.
Mendes Bar;-1.40183675289154;-48.4512405395508;Avaliações curtas descrevem um bar simples e aconchegante, com bom atendimento, cerveja bem gelada e som ambiente elogiado. Um avaliador conta que gostava de assistir jogos ali.
Mercatto Rooftop;-1.45153701305389;-48.4684448242188;Especialidade: drinks. Avaliações descrevem um rooftop com varanda e vista bonita no Mercado de São Brás, com coquetéis, comida e DJ nos fins de semana. Elogiam drinks, equipe e ambiente. Criticam o som alto demais para conversar e o sistema confuso de entrada e saída com cadastro e cartão. Uma avaliação relata prato frio, falta de talheres e cobrança antecipada.
Mercearia e Bar 4 Irmãos;-1.4272004365921;-48.4916381835938;Avaliações curtas e positivas. Uma diz que o lugar é muito bom e tem de tudo no ramo.
Mercearia Forasteiro;-1.42486381530762;-48.4581832885742;Avaliações mistas. Elogiam a comida com gosto de caseira, os espetos com arroz, feijão e farofa, o preço justo, a cerveja gelada e a música ambiente, e citam que fica ao lado de um hotel. Há reclamações fortes de atendimento muito demorado e desorganizado quando lota, de falta de chope, long neck quente e cardápio improvisado.
Metrópole City Hall;-1.35645395517349;-48.4532890319824;Única avaliação com texto diz apenas que o lugar é bem localizado.
Meu Boteco Belém;-1.45721244812012;-48.493049621582;Avaliações curtas e positivas. A única com detalhe descreve um local tranquilo, com bom espaço, música boa e bebida elogiada.
Meu Garoto;-1.4377077;-48.4878671;Especialidade: lanchonete. Avaliações descrevem um boteco em estilo brasileiro, de espaço pequeno, famoso pela cachaça de jambu, apontada como imperdível. Também elogiam a equipe e a cerveja.
Meu Garoto Bar;-1.44968640804291;-48.4961395263672;Avaliações de visitantes descrevem um boteco pequeno de esquina, apontado como o lugar que criou a cachaça de jambu, com grande variedade de cachaças, cerveja bem gelada, rock e pop antigos tocando, banheiro limpo e dono simpático. Elogiam a carne de sol com macaxeira e a tábua de frios. Alguém gostaria que fosse maior.
Mia Cucina;-1.4401758;-48.4876737;Avaliações elogiam a comida, a qualidade, o lugar organizado e bem decorado e o atendimento, e citam a venda de pastas e massas pré-prontas. Uma avaliação longa critica o almoço: caro, com porções compradas separadamente, muita embalagem e funcionamento mal explicado pelos atendentes.
Miau Espetaria;-1.37385153770447;-48.4421272277832;Especialidade: churrasco. Avaliações divididas. Uma elogia os espetinhos saborosos e bem assados, os acompanhamentos e o atendimento atencioso. Outras duas são muito negativas: atendentes descritos como arrogantes, pedidos trocados e não resolvidos, comida com cheiro ruim e um alerta sobre pedidos pelo iFood.
Midori Sushi;-1.44987881183624;-48.4912185668945;Especialidade: japonesa (sushi), japonesa. Avaliações descrevem um restaurante japonês simples e tranquilo, com sushi fresco, lámen e atendimento simpático, e alguns o chamam de favorito na cidade. Uma avaliação achou a comida apenas ok, com macarrão do lámen parecido com o de pacote e um tonkatsu que veio de carne bovina.
Mil Trecos Bar;-1.45290875434875;-48.4959678649902;Avaliações descrevem um bar pequeno, autêntico e animado, frequentado por moradores, com anfitriã muito hospitaleira, boa música, cerveja e chope gelados em promoção e decoração no tema do Círio de Nazaré. Citado como bom para assistir jogos de Paysandu, Remo e campeonato brasileiro.
Mimus Motel;-1.4163498878479;-48.4659652709961;Avaliações curtas e positivas, sem detalhes.
Mini Box Bar - Belém;-1.45847511291504;-48.4930992126465;Especialidade: drinks. Avaliações descrevem um bar pequeno e animado com karaokê, drinks elogiados, chope artesanal gelado e cardápio com gyoza, sanduíches e pizza. Elogiam a simpatia da equipe e dizem servir para ir com a turma ou sozinho. Uma avaliação diz que quando enche o copo de vidro vira plástico, a bebida esquenta e o atendimento se perde.
Mini Grill;-1.42211246490479;-48.4632034301758;Avaliações elogiam o almoço saboroso e bem temperado, com destaque para peixes e camarão (peixe recheado de caranguejo, omelete de camarão), o bom serviço e os preços baixos. Citam área interna climatizada e som ambiente, embora uma ache o local quente. Usado também para aniversários em grupo grande.
Mini Menu Belém;-1.43538427352905;-48.471981048584;Avaliações de pais e mães elogiam as papinhas, sorvetes e refeições prontas para bebês e crianças pequenas, a qualidade, a higiene do local e o atendimento.
Mirakuru Street Food;-1.43611121177673;-48.4855499267578;Avaliações elogiam muito a comida de sabor asiático com ingredientes frescos, o cardápio com prato novo a cada semana, o chef simpático, o ambiente intimista e o atendimento. Uma avaliação relata visita ruim por queda de energia que deixou o salão sem ar-condicionado e muito quente, achou o tempurá comum e elogiou o onigiri de salmão.
Mirante do maracajá;-1.16385096311569;-48.4613418579102;Avaliações descrevem um lugar silencioso e arborizado à beira do rio, em meio à natureza, com piscina, limpo e acolhedor, e elogiam o atendimento. Uma avaliação diz que o sinal de internet só pega na área externa perto da piscina e que o atendimento já foi melhor. Outra nota que não ofereceram café.
Mister Fuji Grill;-1.44231009483337;-48.4877662658691;Especialidade: japonesa, asiática. Avaliações descrevem um restaurante de pratos fartos e saborosos, com ambiente refrigerado e agradável, garçons simpáticos e preço justo, que atende no almoço e no jantar. Recomendam a chapa mista grande. Há menção a certa demora nos pedidos e à falta de estacionamento próprio.
Mix Sushi;-1.30110239982605;-48.4835472106934;As quatro avaliações lidas são negativas. Reclamam de sushi pequeno e cortado muito fino, com muito arroz e pouco peixe, temaki queimado, entrega demorada e de um rodízio oferecido em que esperaram mais de uma hora por uma única bandeja.
MM Chapa Mista;-1.46755182743073;-48.4965209960938;Avaliações mistas. Quem comeu no local elogia o prato saboroso, o preço e o atendimento rápido. Há reclamações de demora, sobretudo no delivery, com esperas de mais de uma hora e até duas horas e meia e mensagens sem resposta, e de proteína cortada em pedaços pequenos demais.
Momentum Lava Car;-1.40818011760712;-48.4531097412109;Avaliações descrevem um lava jato que reúne loja de conveniência, bar e restaurante, elogiando o atendimento, a cerveja bem gelada e a música. Há crítica à demora para servir o petisco e uma reclamação de cliente antigo que recebeu o carro molhado após a lavagem. Demais avaliações curtas e positivas.
Motel Secreto;-1.44309043884277;-48.4473762512207;Avaliações mistas. Algumas são curtas e positivas. Um frequentador diz que cama e banheiro costumam estar limpos, mas cita infiltração e falta de água em algumas visitas. Outra avaliação reclama de roupa de cama encardida, mofo, chuveiro e frigobar sem funcionar e internet lenta, dizendo que as fotos não correspondem à realidade. Dois avaliadores falam em abandono progressivo do lugar.
Mousi Café;-1.45721018314362;-48.4884643554688;Especialidade: café. Avaliações descrevem cafeteria de cafés especiais com ambiente intimista, aconchegante e tranquilo, boa para encontrar amigos, levar a família ou trabalhar. Elogiam o atendimento cordial e rápido dos baristas, os doces e salgados como folheado, croissant e pão de queijo recheado, e os preços justos. Uma avaliação nota que as porções são de tamanho médio para pequeno.
Move Club Belém;-1.44127440452576;-48.4901084899902;Especialidade: balada. Avaliações mistas sobre a boate. Elogiam o cardápio variado de bebidas, fortes e baratas segundo alguns, e dizem ser um bom lugar para se divertir com amigos. Criticam o espaço pequeno e superlotado, banheiros em mau estado, fila demorada, preços altos segundo um avaliador e equipe arrogante. Um relato fala de seguranças hostis que retiraram o grupo do lounge sem explicação.
Mr. Brasa;-1.29451936483383;-48.4883499145508;Uma avaliação descreve um bom lugar para curtir com amigos, com boa comida e música ao vivo com banda. As demais são curtas e positivas, sem detalhes.
Mr. Mix Milk Shake - Belém (Icoaraci);-1.29843097925186;-48.485767364502;Especialidade: sorvete, doces. Avaliações elogiam os milk shakes e o açaí, a variedade de sabores e combinações, o preço acessível e a localização perto do centro comercial de Icoaraci, com mesas também ao ar livre. Parte elogia o atendimento rápido e educado, enquanto um turista achou o serviço lento e pouco acolhedor. Há críticas à limpeza do balcão e à aparência um pouco desgastada da loja.
Mr. Mix Milk Shake Icoaraci Orla;-1.29793477058411;-48.4896545410156;Especialidade: sorvete, doces. Avaliações elogiam o sabor e a apresentação dos milk shakes e sorvetes, os preços em conta, os atendentes e a entrega rápida. O local é descrito como bonito e voltado para crianças. Há críticas à falta de ar-condicionado e ao atendimento por WhatsApp, além de o iFood ficar indisponível antes do fechamento.
MRS Boteco & Bistrô;-1.46183836460114;-48.5032272338867;Uma única avaliação curta e positiva, sem detalhes.
Muleke do Espeto;-1.46194648742676;-48.4753837585449;Especialidade: churrasco. Uma única avaliação, dizendo que o sabor é razoável.
Mundica tapiocaria e iguarias;-1.45574796199799;-48.4795341491699;Especialidade: café. Avaliações elogiam as tapiocas doces e salgadas, o cuscuz, o café da manhã e as porções bem servidas por um preço compatível, descrevendo um lugar simples e de bom serviço. Há uma reclamação de espera de mais de uma hora num domingo, com clientes cancelando pedidos, e outra sobre uma pergunta pessoal feita pela atendente.
Municipal Bar e Restaurante;-1.4352706;-48.4886909;Especialidade: balada. Avaliações elogiam a cerveja sempre gelada, os espetinhos saborosos a preços razoáveis e a música ao vivo, com destaque para uma cantora da casa. Descrevem como bom lugar para encontrar amigos e fazer novos. Demais avaliações curtas e positivas.
Muru Beach;-1.12092679738998;-48.4420509338379;Especialidade: drinks. Poucas avaliações, positivas. Um cliente antigo elogia o local agradável, o bom atendimento e o preço justo. Outra pessoa comenta que ali também funciona uma pousada.
Mururé Bar & Restaurante;-1.49445474147797;-48.4848861694336;Avaliações em geral elogiam o ambiente agradável em contato com a natureza, bom para passar o fim de semana com família e amigos, a estrutura e o preço mais em conta que outros lugares do Combu. Há uma crítica dura relatando sujeira desde a entrada, materiais quebrados, escada com degrau solto e sem corrimão, comida que deu receio e falta de atendimento.
Music Park;-1.44528114795685;-48.4958686828613;Avaliações tratam de um espaço de shows. Há quem ache bacana e tenha saído satisfeito, mas a maioria critica o tamanho reduzido para eventos grandes, piso irregular, banheiros sem manutenção, área parcialmente descoberta que fica escorregadia com chuva e climatização insuficiente. Um avaliador elogia o atendimento e reclama do som baixo do microfone em um show.
Na Brazza;-1.34181368350983;-48.4570350646973;Poucas avaliações, todas positivas, elogiando a comida e o atendimento.
Na Chapa Delivery;-1.33442330360413;-48.4502601623535;Apenas duas avaliações. Uma diz que é um bom lugar. A outra reclama que o telefone divulgado não pertence ao restaurante, é residencial, e que ninguém ali conhece o serviço.
Naldo Cardoso studio;-1.42177069187164;-48.4707679748535;Avaliações tratam de uma barbearia e elogiam o atendimento do profissional, o ambiente novo, limpo, refrigerado e agradável, a localização de fácil acesso e a oferta de bebidas geladas e quentes.
Nanay Café;-1.4026585817337;-48.431339263916;Especialidade: café. Avaliações descrevem cafeteria de shopping com ambiente agradável, área fechada com mesas e cardápio variado de cafés, doces finos e salgados. Elogiam o atendimento educado e atencioso, o cappuccino cremoso e os waffles. Há ressalvas a itens preparados na hora que demoram, a um quiche um pouco salgado e a um mocha que não agradou, com preços vistos como compatíveis com shopping.
Narib's Lanche;-1.44497847557068;-48.4603805541992;Especialidade: lanchonete. Avaliações elogiam bastante os lanches, descritos como saborosos e entre os melhores do bairro, a preço compatível. A crítica recorrente é a demora, tanto no local quanto na entrega, feita de bicicleta e com taxa, além de um pedido enviado errado sem ressarcimento. Um avaliador diz que o atendimento por mensagem melhorou.
Nativos BarRestaurante;-1.32842135429382;-48.4493598937988;Avaliações curtas e positivas. A única com detalhes diz que é ótimo para quem gosta de dançar, com comida boa, boa segurança e músicas atualizadas.
Natus Bar;-1.43468523025513;-48.4793701171875;Avaliações descrevem um bar de ambiente familiar e ao ar livre na Pedreira, sem aglomeração, com cerveja bem gelada e DJs tocando músicas antigas. Elogiam a recepção e dizem ser um ótimo lugar para curtir.
Nauta Pães e Doces Artesanais;-1.43160027265549;-48.464282989502;Especialidade: café. Avaliações elogiam os folhados e croissants, com recheios regionais como cupuaçu e queijo do Marajó, e as bebidas. O espaço é descrito como bem pequeno, com filas de 30 a 50 minutos para conseguir mesa. O atendimento é considerado bom. Há ressalvas à estética minimalista vista como forçada por um avaliador e a uma queda na comida em visita recente, com excesso de cumaru.
Nega Maluca Doceria;-1.44633841514587;-48.4845657348633;Especialidade: doces, lanchonete, padaria. Avaliações curtas em sua maioria positivas, uma delas elogiando as sobremesas. Um avaliador diz que a comida e o serviço pioraram bastante desde sua visita anterior.
Néia Lanches e Refeições;-1.40044569969177;-48.4346923828125;Avaliações elogiam o café da manhã, o almoço, o bom preço e o atendimento, descrevendo um lugar à beira de rua movimentada onde o cliente se sente à vontade. Uma avaliação sugere melhorar os descartáveis.
Nerdflix Burguer;-1.3277575969696;-48.4402885437012;Especialidade: hambúrguer. Avaliações elogiam os lanches como deliciosos e o lugar como agradável. Há uma reclamação de demora, com espera de cerca de 40 minutos por um hambúrguer ou batata frita.
Nestor Café;-1.45293092727661;-48.4724655151367;Especialidade: café. Avaliações descrevem cafeteria climatizada, de estilo clássico-moderno, com música ambiente, cafés expressos, esfirras bem recheadas, salgados, pães e açaí, a preços considerados baixos. Elogiam o atendimento e indicam para café da manhã, brunch ou café após o almoço. Apontam que não há estacionamento próprio e que o banheiro não é acessível.
Nete Conveniência II;-1.45406401157379;-48.455982208252;Avaliação única, curta e positiva, elogiando o atendimento.
NGrelha;-1.42990410327911;-48.481258392334;Especialidade: hambúrguer. Avaliações elogiam os hambúrgueres como deliciosos, com carne suculenta, boa qualidade e preço justo. Uma menciona pedido pelo iFood.
Nicola's Recepções;-1.43544691801071;-48.4608612060547;Avaliações descrevem casa de recepções para eventos, climatizada, bem localizada e com preço em conta, elogiando a simpatia da equipe e dos proprietários. Há críticas ao salão estreito, que dificulta a distribuição dos convidados, à falta de água nos banheiros em um evento e a barmen lentos que não conheciam os drinks.
Nildão Lanches;-1.40426743030548;-48.4817314147949;Avaliações são divididas. Parte elogia o lanche como saboroso, a maionese e a entrega rápida, com cliente de mais de seis anos. Outra parte reclama muito do delivery: atrasos de mais de uma hora, pizza fria e dura, batata frita murcha, refrigerante quente e um pedido que não chegou.
Ninho de caba;-1.30704349279404;-48.4851531982422;Avaliações descrevem bar para quem curte rock, com karaokê, espaço de games, música ao vivo e telão para jogos de futebol. Um frequentador assíduo chama de segunda casa, diz que o espaço é acolhedor, que é fácil fazer amizades indo sozinho e elogia a administração e os garçons. As demais são curtas e positivas.
No Chico;-1.44343233108521;-48.458984375;Avaliações elogiam a comida, em especial o peixe frito, e parte delas o atendimento rápido e o ambiente familiar. Há críticas ao espaço: fica dentro de um lava-jato ou garagem, é aberto e quente, e um cliente relata ter comido ao lado de uma caminhonete ligada soltando fumaça sem que a casa resolvesse. Opiniões divergem sobre o preço.
Norte Hotel Pará;-1.45360088348389;-48.4949760437012;Avaliações são majoritariamente negativas. Uma elogia atendimento, quartos limpos, chuveiro e cama. As outras reclamam de sujeira, baratas, lençóis manchados, ar-condicionado com defeito, água com cheiro de ferro, cobrança contestada na recepção, falta de máquina de cartão e diárias consideradas abusivas na COP 30. Uma relata reserva com adiantamento e hotel fechado no dia do check-in.
Nortebeer - Distribuidora de Cervejas Especiais;-1.45481723546982;-48.4873733520508;Avaliações descrevem o lugar como referência em cerveja artesanal e especial em Belém, com grande variedade de rótulos e chopes, preço justo e bom atendimento, elogiando o acolhimento do dono. Dizem que é bom para beber com amigos, sozinho ou em casal e para conhecer gente local. Uma avisa que não serve comida.
Nossa Maloca;-1.49140453338623;-48.4620132446289;Especialidade: brasileira. Avaliações são mistas. Uma família conta que passou o dia no local e adorou o peixe frito com açaí. Outra relata espera de 1h30, troca de prato vegetariano por peixe sem aviso, comida fria e tentativa de cobrar um prato que não chegou mais a taxa de serviço. As demais são curtas e positivas.
Novo Hotel Vitória;-1.26681822538376;-48.5602798461914;Avaliações elogiam o ambiente seguro e aconchegante, quartos limpos, camas confortáveis, piscina, espaço para crianças e atendimento atencioso. Destacam a comida caseira do jantar e o café da manhã, que é pago à parte. Dizem que aceita pets e tem bar e restaurante no local. Uma menciona comentários de outros hóspedes sobre o portão ficar trancado.
Nunes Burguer;-1.29637789726257;-48.4841270446777;Especialidade: lanchonete, hambúrguer. Avaliações elogiam os lanches, a limpeza, os preços em conta e o atendimento ágil e cordial. Um cliente de vários anos diz que a casa só melhorou com o tempo. As demais são curtas e positivas.
Nutrapiche Bar e Restaurante;-1.46033585071564;-48.5071678161621;Avaliações descrevem bar e restaurante com música, clima alegre com o público cantando, bom atendimento e boa comida, citando o filhote com creme de vatapá. Uma avaliação curta classifica como regular.
Ô Açaí Belém;-1.44027554988861;-48.4890060424805;Especialidade: açaí, brasileira. Avaliações elogiam o açaí como fresco e de qualidade, a entrega rápida e o atendimento. Clientes relatam ter visto a higiene do preparo e o branqueamento ao visitar o local por dentro. Uma conta que a casa despachou açaí para São Paulo sem problemas.
O Azulão;-1.13284969329834;-48.458179473877;Avaliações são mistas sobre este restaurante de praia. Elogiam a caldeirada, o camarão, o chapão que serve cinco a seis pessoas e a simpatia do dono. Criticam a demora de quase uma hora, peixe diferente do pedido, o banheiro e principalmente a cobrança dos 10% tratada como obrigatória, que constrangeu uma família.
O Boteco;-1.29742115736008;-48.4896774291992;Avaliações descrevem restaurante na orla de Icoaraci, à beira do rio, com mesas ao ar livre, chapas e pratos bem servidos, cerveja gelada e preço justo, perto da feira de artesanato. Elogiam o pirarucu ao molho de coco e a chapa mista. Há reclamações fortes de demora, com clientes que esperaram de 1h30 a 2 horas e foram embora sem comer.
Ô Paraense;-1.42705500125885;-48.4886169433594;Especialidade: brasileira. Avaliações elogiam a comida, o atendimento e o ambiente aconchegante. Uma explica que o lugar é um açougue onde, nos fins de semana, o cliente compra a carne e manda assar ali mesmo, com um espaço nos fundos tipo quintal que vende cerveja.
O Rei da Picanha;-1.44895130395889;-48.4878082275391;Especialidade: churrasco. Avaliações elogiam o churrasco, a carne no ponto, o creme de alho, o peixe frito e os acompanhamentos, além do preço e da entrega por aplicativo. Há quem destaque o atendimento acolhedor e programe ir em família. Uma avaliação critica uma atendente impaciente e pouco cordial, a ponto de o cliente ir embora sem pedir.
O Rei do Espeto;-1.43477737903595;-48.4615745544434;Especialidade: churrasco. Avaliações são mistas. Elogiam a quantidade de comida, o preço justo, o ambiente agradável e garçons educados, embora o espeto seja considerado comum. Há reclamações de copos com cheiro forte de peixe mesmo após a troca, de atendimento ruim e de um entregador descrito como agressivo e ameaçador, além de mais de uma hora de espera na entrega.
O Rei do Espeto;-1.45657801628113;-48.4813652038574;Avaliações curtas e positivas, sem detalhes.
O Rei do Espeto Churrascaria Duque;-1.43937134742737;-48.4683647155762;Avaliações curtas e positivas, sem detalhes.
O Rei do Porco;-1.40879797935486;-48.4479598999023;Avaliações são mistas. Elogiam o ambiente grande e confortável, a área para crianças, atendentes educados, porções bem servidas e pratos como peixe na brasa e picanha, em sistema a quilo e à la carte. Criticam carnes passadas do ponto e sem sabor, poucas guarnições, itens em falta no prato pedido, erro em pedido e ambiente um pouco quente.
O Ribeirinho;-1.43920361995697;-48.467716217041;Avaliações, todas de visitantes estrangeiros, elogiam a comida amazônica e paraense, fresca e em pratos grandes, as caipirinhas, o ambiente colorido e aconchegante e o serviço atencioso, com vários elogios a um mesmo garçom. Descrevem o lugar como descontraído, de preço razoável e bom para todos.
O Velho Moinho;-1.44326782226562;-48.480541229248;Avaliações descrevem casa em um antigo sobrado, com restaurante mais sofisticado no andar de cima e um espaço tipo porão com música ao vivo, principalmente rock. Elogiam a comida com ingredientes regionais, a grande variedade de cervejas, incluindo IPAs, o serviço e o ambiente.
Oba Sorvetes;-1.46835064888;-48.4620094299316;Especialidade: sorvete, doces. Avaliações elogiam muito os sorvetes, descritos como de sabor intenso e entre os melhores de Belém, com destaque para o de milho verde, e o atendimento atencioso. Uma avaliação sugere uma área própria para consumo, já que hoje se come na calçada.
Oba Sushi;-1.35873544216156;-48.4527549743652;Especialidade: japonesa, japonesa (sushi). Avaliações falam principalmente do delivery: elogiam o sabor do sushi e do yakisoba, a qualidade e a embalagem, e algumas citam entrega rápida. Há uma reclamação forte de demora na entrega, de até duas horas. Tom misto, com uma avaliação que diz apenas regular.
Obaventura Sushi Expresso;-1.4458891749382;-48.4757804870605;Especialidade: japonesa. Avaliações elogiam o sushi bem servido, fresco e saboroso, com porções grandes e cardápio variado, e o atendimento rápido e educado. Descrevem o ambiente como pequeno, aconchegante, bonito e limpo, com preços na média e promoções diárias e de aniversário.
Oficialcarwash;-1.44336009025574;-48.4603271484375;Avaliações elogiam o atendimento, o preço e a qualidade do serviço, descrevendo o local como aconchegante, seguro e limpo, com produtos de primeira linha.
Oficina e Borracharia do Verde;-1.40036082267761;-48.4390716552734;Avaliações curtas e positivas, elogiando o atendimento, o preço e a qualidade do serviço.
Ok Yakissoba;-1.4390115737915;-48.4585914611816;Especialidade: japonesa. Avaliações elogiam a comida e o atendimento, citando donos simpáticos. Uma menciona certa demora.
Old House Blues & Jazz;-1.4544832110405;-48.4851608276367;Avaliações elogiam bastante o ambiente, descrito como lindo e com vários espaços, e o atendimento. As críticas se concentram na comida: preços altos para porções pequenas, pratos que pareciam requentados, risoto duro e sobremesas fracas. Uma avaliação cita cheiro de esgoto no local onde foi acomodada.
One Hall;-1.44603329896927;-48.4939270019531;Avaliações descrevem como espaço para eventos, espaçoso, aconchegante e bem localizado, citando uma recepção de casamento. Uma diz que é bom para levar a família.
Orelhão Hamburgueria;-1.45363432168961;-48.4623832702637;Especialidade: hambúrguer, lanchonete. Avaliações curtas e positivas, uma delas dizendo que é um bom lugar para lanches.
Orleans Sandwich & Burger;-1.44487380981445;-48.4863090515137;Especialidade: hambúrguer, lanchonete. As duas avaliações elogiam muito os sanduíches e hambúrgueres, dizendo estar entre os melhores que já comeram.
Ouronato Açaí Restô;-1.43783104419708;-48.4555206298828;Avaliações curtas e positivas, sem detalhes.
Outeiro Pescados;-1.27351659536362;-48.4495086669922;Avaliações curtas e positivas, citando ambiente agradável e bom para passear com a família.
Padaria Bella Florença;-1.44125115871429;-48.4895248413086;Especialidade: padaria. Avaliações são mistas. Elogiam o ambiente climatizado e confortável, a variedade, os doces, o brunch e os sanduíches. Há críticas a preços considerados abusivos, estacionamento difícil, atendimento muito lento com garçons desatentos, pão vendido com fabricação antiga que mofou e um pedaço de pano encontrado no cappuccino.
Padaria Castelo Branco;-1.41506141424179;-48.4433670043945;Especialidade: padaria. Avaliações são mistas. Algumas elogiam o espaço após a reforma, o pão quentinho, o pastel de queijo e atendentes simpáticas. Outras reclamam de café com leite e lanche servidos frios, atendente mal-educada que não respeita a ordem da fila, preços altos para a região, cobrança de taxa da maquininha e copo pequeno. Ambiente descrito como pequeno, com mesas na calçada.
Padaria do Fábio;-1.35050332546234;-48.461353302002;Especialidade: padaria. A única avaliação com texto elogia o padeiro e diz que os itens são feitos com profissionalismo, higiene e carinho.
Padaria dona Ray;-1.43678545951843;-48.4831161499023;Especialidade: padaria. Avaliações curtas e positivas, elogiando o local e o atendimento. Uma apenas pede o telefone.
Padaria La Descida;-1.42539536952972;-48.4473457336426;Especialidade: padaria. A única avaliação elogia os salgados e pães e o delivery, feito por aplicativo rápido e com cashback.
Padaria Pão Expresso;-1.43722283840179;-48.4631576538086;Especialidade: padaria. Avaliações elogiam os pães, os lanches como misto quente, coxinha e unha de caranguejo fritos na hora, o bom atendimento e os preços. Descrevem ambiente limpo e confortável, de fácil acesso, mas muito quente em dias de calor. Uma cita que não aceita cartão de crédito.
Padaria Silva;-1.43832015991211;-48.4807586669922;Especialidade: padaria. Avaliações elogiam o café da manhã, com tapioca e pão na chapa, o mini croissant e o atendimento atencioso aos detalhes. Há uma reclamação de pastéis muito gordurosos e sanduíche servido frio, em que só o brownie agradou.
Padaria Ver o Pão;-1.42940557003021;-48.4592475891113;Especialidade: padaria. Avaliações descrevem uma padaria pequena e simples em rua tranquila, com mesinhas do lado de fora, boa para café da manhã. Elogiam pães, café, misto e salgados bem feitos, o atendimento rápido e os preços justos. Citam pouca variedade de produtos e dificuldade para estacionar por causa de um hospital e um colégio próximos.
Padaria Verderosa;-1.44882792234421;-48.4834480285645;Especialidade: padaria, vegana, vegetariana. Avaliações descrevem uma padaria e café de comida vegana, recomendada para veganos e não veganos, com preparo cuidadoso e clima acolhedor de comida caseira. Elogiam muito o brunch temático que acontece uma vez por mês aos sábados, com cardápio que muda, mesa farta, além do café, dos sucos e dos bolos.
Padaroca;-1.40341544151306;-48.4445343017578;Especialidade: padaria. Avaliações descrevem uma pequena padaria de bairro com boa variedade, pães quentinhos, bom atendimento e espaço para tomar café com família e amigos. Há uma reclamação forte sobre um pastel de queijo com massa velha e seca e com gosto de doce.
Paixão por Caldos;-1.45014047622681;-48.4626502990723;Avaliações elogiam a variedade de caldos, uma sopa de legumes muito saborosa e o bom atendimento, em ambiente agradável. Um avaliador gostou mas sugere campainha, ventilador, música ambiente e alguém sempre disponível para atender ou abrir o portão.
Palheta's Cozinha Amazonica;-1.35894161462784;-48.4526748657227;Especialidade: brasileira. Avaliações são divididas. Elogiam o ambiente climatizado, organizado, temático e aconchegante e o atendimento rápido e atencioso, bom para almoço de fim de semana. Há reclamações fortes da comida, com carne dura e mal passada, pratos oleosos, demora e preço alto, e de limite de dois copos de água por cliente.
Panda Burguer;-1.47650754451752;-48.4815444946289;Especialidade: hambúrguer. Avaliações curtas e positivas, sem detalhes.
Panela Brasileira;-1.44564259052277;-48.4893913269043;Avaliações elogiam principalmente a pizza assada em forno a lenha, bem recheada, com bom preço em combo e pouca espera, em restaurante de shopping. O atendimento divide opiniões, com elogio a um atendente e queixa de um pizzaiolo grosseiro perto do fechamento. Há uma crítica dura às refeições, com carne muito salgada, legumes mal cozidos e pratos mal lavados.
Panificador e Confeitaria Fé Em Deus;-1.30208492279053;-48.4812622070312;Especialidade: padaria, doces. Avaliações curtas, na maioria positivas e uma que considera regular, sem detalhes.
Panificadora A Saborosa;-1.46737849712372;-48.4634017944336;Especialidade: padaria. Avaliações elogiam o atendimento simpático, o local e os produtos, com um visitante que tomava café ali todos os dias. Uma avaliação diz que os produtos são muito bons mas com preço nada acessível.
Panificadora Angelina;-1.40002119541168;-48.4880447387695;Especialidade: padaria. Avaliações curtas e positivas, uma delas elogiando o pastel de massa macia e crocante.
Panificadora Avenida;-1.45154571533203;-48.4726982116699;Especialidade: padaria. Avaliações curtas e positivas na maioria. Uma avaliação mais detalhada esperava mais opções no café da manhã e achou o preço alto para opções simples, mas considera ok para um café rápido.
Panificadora Bom Futuro;-1.37369155883789;-48.4552993774414;Especialidade: padaria. Avaliações elogiam pães frescos, biscoitos e bolos, o local limpo e os donos simpáticos, com quem a chame de melhor padaria do Benguí. Há quem ache normal, um pouco desorganizada e com atendimento a melhorar, e quem sinta falta de lugar para estacionar.
Panificadora Bom Gosto;-1.40483367443085;-48.4393653869629;Especialidade: padaria. Avaliações elogiam os lanches, o pão sempre quentinho, doces e salgados, a limpeza, o bom atendimento e os preços acessíveis. Descrita como bom lugar para tomar um cafezinho e frequentada por famílias do bairro.
Panificadora Camões;-1.4545347;-48.4870083;Especialidade: padaria. Avaliações em parte curtas e positivas. Um cliente de mais de 35 anos elogia a tradição, a renovação do ambiente e do cardápio, os biscoitos, o pão de rosas e os salgados. Há uma crítica de que as fotos mostram espresso e cappuccino mas o café vem de máquina em copo de isopor.
Panificadora Casseb;-1.29472935199738;-48.4762649536133;Especialidade: padaria. Avaliações curtas e positivas, dizendo que tem de tudo e recomendando o guaraná gelado.
Panificadora Cigana;-1.29784494638443;-48.4785270690918;Especialidade: padaria. Avaliações descrevem uma padaria com muita variedade de salgados e doces, boa para tomar um café com segurança, onde se pede primeiro e paga depois no caixa. Elogiam a qualidade, o atendimento eficiente e o proprietário sempre presente, além do pão de leite e do pão careca com manteiga.
Panificadora Coimbrasil;-1.44229960441589;-48.4666404724121;Especialidade: padaria, doces. Avaliações elogiam a padaria como aconchegante, com salgados e pães de qualidade a preço condizente, equipe simpática e um minimercado junto. O pão francês costuma acabar cedo. Há uma reclamação de uma atendente irônica e grosseira que exige comprovante em pagamentos em dinheiro e atrasa pedidos.
Panificadora Combate;-1.45145785808563;-48.4883995056152;Especialidade: padaria. Avaliações descrevem uma padaria boa para um lanche rápido, com salgados, sanduíches, pão fresco e ingredientes de qualidade, e equipe simpática. Uma avaliação acha o atendimento confuso, pois ninguém explica que é preciso levar a comanda ao balcão depois de pagar no caixa. Outras são curtas, entre positivas e regulares.
Panificadora Confeitaria Contente;-1.4273989200592;-48.4837532043457;Especialidade: padaria. Avaliações descrevem um lugar simples com bons pães e produtos de qualidade na média do mercado. O atendimento é considerado bom, com potencial para melhorar.
Panificadora Cristo Rei;-1.403160572052;-48.4346656799316;Especialidade: padaria, doces. Avaliações são divididas. Clientes frequentes elogiam o café, o pastel de bacalhau, o pão careca, o pão de queijo, o ambiente agradável, a higiene e o atendimento de funcionários antigos. Outros relatam ter sido muito mal tratados, serviço péssimo, comida ruim, pão seco e talheres e pratos mal lavados.
Panificadora Delicias do Rei;-1.34585642814636;-48.4609794616699;Especialidade: padaria. Avaliações elogiam a grande variedade de pães, doces e salgados, o pão quentinho a toda hora, a broa de milho, a pizza brotinho, a limpeza, o atendimento rápido e o preço. Há quem diga que a infraestrutura do ambiente poderia ser melhor e peça aviso nos salgados reaproveitados.
Panificadora Deus É Fíel;-1.40963977575302;-48.4814987182617;Especialidade: padaria. Avaliações elogiam o atendimento, os produtos variados e feitos diariamente e o lanchão com queijo, presunto e bacon, que chegou quente em pedido por entrega.
Panificadora Do Bairro;-1.37806212902069;-48.4553565979004;Especialidade: padaria. Avaliações curtas e positivas na maioria, sem detalhes. Uma reclama de ter comprado um pão rosca com ameixas que estava mofado.
Panificadora do isaac;-1.35609811544418;-48.4560012817383;Especialidade: padaria. Avaliações curtas e positivas, sem detalhes.
Panificadora do Pepe;-1.43765902519226;-48.4736061096191;Especialidade: padaria. Avaliações curtas e positivas, sem detalhes.
Panificadora Doce Pao;-1.44496142864227;-48.4732475280762;Especialidade: padaria. Avaliações curtas, entre positivas e medianas, citando pão quentinho e que tudo é gostoso, sem mais detalhes.
Panificadora e Confeitaria Alves;-1.42950344085693;-48.4507102966309;Especialidade: padaria, doces. Avaliações descrevem padaria familiar tradicional do bairro, elogiando principalmente o pão careca e os pães em geral, citados como os melhores da região. Há uma reclamação de pão de forma que mofou no dia seguinte, sem resposta da atendente nem ressarcimento, e de que o local não fornece nota ou cupom.
Panificadora e Confeitaria Ana Clara;-1.30640643835068;-48.4829978942871;Especialidade: padaria, doces. Avaliações elogiam o pão d'água, o café com leite, o pão com ovo, a qualidade dos produtos e os preços baixos, e indicam o lugar para café da manhã. As críticas se concentram no atendimento: fila lenta com um só caixa, demora para entregar pedidos simples e funcionários de cara fechada que não cumprimentam os clientes.
Panificadora e Confeitaria Colombo;-1.29991483688354;-48.4659652709961;Especialidade: padaria. Avaliações curtas e positivas. Uma delas diz que é um lugar perfeito para café da manhã e lanches à noite.
Panificadora e Confeitaria Fé em Deus;-1.33152306079865;-48.4489898681641;Especialidade: padaria, doces. Avaliações mistas. Há elogios aos pratos executivos, ao atendimento rápido e à boa qualidade pelo preço, em ambiente simples com algumas mesas, citada como uma das melhores do Conjunto Maguari. Há também reclamações sérias: pão ruim e às vezes praticamente cru, e um relato de fatias de bolo vendidas estragadas, com menção a outros relatos parecidos.
Panificadora e Confeitaria N&N;-1.45359551906586;-48.4574165344238;Especialidade: padaria. Avaliações descrevem uma padaria de bairro simples, com boa variedade de biscoitos, salgados, pães e doces, recomendada por alguns como a melhor da área. Uma avaliação reclama que o local não tem a menor segurança e não corresponde ao que o perfil mostra.
Panificadora e Confeitaria Tauari;-1.47536504268646;-48.4939956665039;Especialidade: padaria, doces. Avaliações descrevem um padrão de lanchonete de conveniência, bem localizada, com bom atendimento, bons produtos e variedade aceitável para lanches. Uma diz que o lugar é tranquilo.
Panificadora e Confeitaria Utinga;-1.42481565475464;-48.4473915100098;Especialidade: padaria. Avaliações descrevem lugar familiar e simples, com preço baixo, bons produtos e atendentes simpáticos e solícitos, usado para café da manhã rápido e como opção barata perto do Parque do Utinga. As ressalvas são a estrutura mínima para sentar, o café que já vem adoçado e fraco, e a sugestão de uma reforma no espaço.
Panificadora e Distribuidora Vilna;-1.40737998485565;-48.4396514892578;Especialidade: padaria. Avaliações elogiam os lanches, doces e salgados, os pães, o bom atendimento, a variedade de produtos com itens de mini mercado e o espaço agradável e bem localizado. Uma avaliação acusa uma gerente de humilhar funcionários na frente dos clientes, e outra, aparentemente da própria gerente, contesta a denúncia.
Panificadora e Lanchonete Dalva;-1.39790344238281;-48.4786987304688;Especialidade: padaria. Avaliações elogiam a variedade, os produtos frescos e saborosos, os salgados, os preços e o atendimento, com relatos de boa primeira visita. Uma avaliação critica a falta de preços à mostra ou cardápio, informados só no balcão, e a ausência de data de fabricação nos produtos feitos na casa, embora reconheça o bom custo-benefício.
Panificadora e Pizzaria Delícias;-1.43599849939346;-48.47119140625;Especialidade: padaria, pizza. Avaliações curtas e positivas elogiam o pão sempre quentinho e o atendimento cortês.
Panificadora e Pizzaria Vitória;-1.38199430704117;-48.4554901123047;Especialidade: padaria. Avaliações elogiam principalmente as pizzas, descritas como gostosas e baratas, e citam o lugar como bom para confraternizar com amigos. Uma menciona entrega grátis em bairros vizinhos.
Panificadora Esperanto;-1.40750229358673;-48.443904876709;Especialidade: padaria. Avaliações descrevem padaria de bairro sem luxo, com preço justo, pão de qualidade, pão careca generoso, bolo simples e gostoso, bom café e atendentes acolhedores. É indicada para tomar café no local e tem um mini mercadinho com um pouco de tudo.
Panificadora Figueiredo;-1.41586446762085;-48.4745216369629;Especialidade: padaria. Avaliações descrevem uma padaria de estilo antigo, com refrigerante em garrafa de vidro e estacionamento fácil na rua. O atendimento e o pão de queijo são elogiados, mas um cliente antigo diz que a casa já foi melhor: pães careca e de hambúrguer cascudos e assados demais, sonho encharcado de óleo e queda de qualidade no pão jacaré.
Panificadora Gaia;-1.42525225877762;-48.4894943237305;Especialidade: padaria. Avaliações curtas elogiam o atendimento rápido, o pão e o bolo confeitado. Uma classifica a panificadora como de regular para boa e outra é de alguém que diz trabalhar no local.
Panificadora KLYVIA;-1.32975101470947;-48.433967590332;Especialidade: padaria. Avaliações elogiam salgados, doces, lanches baratos e a qualidade em geral, e descrevem a padaria como antiga, porém moderna, atendendo bem o Conjunto Maguari. O atendimento divide opiniões: há quem ache excelente e quem reclame de funcionários de cara fechada no balcão. Também sentem falta de estacionamento próprio e de delivery.
Panificadora Leal;-1.45761585235596;-48.5013389587402;Especialidade: padaria. Avaliações curtas elogiam os pães, em especial o pão careca, e os salgados.
Panificadora maguari;-1.32978481054306;-48.443286895752;Especialidade: padaria. Avaliações descrevem a padaria como a mais antiga e, para alguns, a melhor do Conjunto Maguari, com clientes de décadas. Elogiam o pão fresquinho e a gentileza da atendente. As demais são curtas, sem detalhes.
Panificadora Mana;-1.46585941314697;-48.4713897705078;Especialidade: padaria. A única avaliação com texto elogia a qualidade do serviço e menciona um Natal solidário feito para a comunidade todo dia 23 de dezembro.
Panificadora manancial;-1.30797904729843;-48.4769821166992;Especialidade: padaria. Avaliações elogiam o atendimento, o café, o pão, a coxinha, o bolinho e o suco, com recomendação.
Panificadora Matheus;-1.36917847394943;-48.4343528747559;Especialidade: padaria. Avaliações curtas e positivas mencionam bastante variedade.
Panificadora Mel;-1.4521484375;-48.4782104492188;Especialidade: padaria. Avaliações divididas. Algumas dizem que a panificadora parou no tempo e precisa melhorar o ambiente e a qualidade dos pães. Outras elogiam o serviço, a qualidade dos produtos e os preços acessíveis. Uma afirma que o endereço pertence a um posto de gasolina.
Panificadora Mendara;-1.4017841219902;-48.453784942627;Especialidade: padaria. Avaliações elogiam a variedade e indicam a padaria para café da manhã ou lanche durante o dia. O atendimento divide opiniões: há quem ache excelente e quem relate atendentes de mau humor que fazem o cliente esperar e debocham quando cobradas. Uma avaliação reclama de lanche com massa demais e salgados que pareciam do dia anterior.
Panificadora Metropole;-1.45057654380798;-48.4844589233398;Especialidade: padaria, café da manhã, doces. Avaliações curtas, na maioria positivas e uma regular, sem detalhes.
Panificadora Montenegro;-1.35968750715256;-48.4521026611328;Especialidade: café, padaria. Avaliações curtas e positivas, sem detalhes.
Panificadora Moura;-1.43988573551178;-48.4649848937988;Especialidade: padaria. Avaliações curtas e positivas, sem detalhes.
Panificadora Nossa Senhora do Perpetuo Socorro;-1.39751732349396;-48.432201385498;Especialidade: padaria. Avaliações destacam o pastel folhado, bem recheado, nos sabores camarão rosa, charque e bacalhau, apontado como o melhor da região. Elogiam também o atendimento atencioso e indicam a padaria de bairro para um café ou lanche rápido. Uma avaliação reclama de preços acima da média de outras padarias.
Panificadora Nossa União;-1.46189427375793;-48.5018615722656;Especialidade: padaria. Avaliações elogiam o pão, chamado de melhor da Cidade Velha, os lanches e o atendimento, e sugerem o lugar para um encontro no fim da tarde. Uma avaliação reclama de atendimento péssimo, por terem atendido várias pessoas que chegaram depois na fila.
Panificadora Nunes;-1.43312555551529;-48.4509773254395;Especialidade: padaria. Avaliações divididas. Há elogios aos pães e ao café da manhã, citado como gostoso e para depois da corrida. O preço divide: uma diz acessível, outras acham caro para um lanche razoável. Uma avaliação descreve a senhora do caixa como grosseira e hostil e reclama da pouca variedade de salgados.
Panificadora Oliveira;-1.4303902387619;-48.4543533325195;Especialidade: padaria. Avaliações elogiam o atendimento, o preço justo e os pães, doces e salgados, com destaque para o pão de milho. Uma avaliação destoa e descreve o lugar como sujo, com vitrine de comida encardida e moscas no ambiente.
Panificadora Pão Dourado;-1.447301030159;-48.4931831359863;Especialidade: padaria. Avaliações mistas: elogiam o café da manhã com pão e manteiga, o almoço bem servido, o suco e os lanches. Uma reclama que o local é abafado e quente, sem ar-condicionado. Outra relata local muito sujo e comida sem aparência de fresca, embora elogie a atendente do balcão.
Panificadora Quimica De Deus;-1.45451086759567;-48.4645347595215;Especialidade: padaria. Avaliações elogiam pães, lanches, doces e salgados de qualidade com produção diária, preço justo e barato, atendimento simpático e ambiente acolhedor. Citam que o local é um pouco escondido e o espaço pequeno.
Panificadora Rayanne;-1.46486556529999;-48.4669532775879;Especialidade: padaria. Avaliações descrevem padaria de bairro boa para comprar pão e lanche, com mercearia. Uma elogia o pãozinho quente como o melhor do Guamá, outra considera pães, doces e salgados apenas ok.
Panificadora Reis;-1.39743006229401;-48.443058013916;Especialidade: padaria, doces. Avaliações elogiam o atendimento, os preços acessíveis e a variedade de pães, e citam boas opções de lanche para o fim da tarde.
Panificadora Renascer;-1.39262926578522;-48.4283714294434;Especialidade: padaria. Avaliações elogiam higiene, qualidade, variedade de produtos e pães quentinhos, e descrevem o ambiente como muito bom. O atendimento divide opiniões: há elogios e uma crítica dura às atendentes.
Panificadora Sagica;-1.44447529315948;-48.482967376709;Avaliações mistas: elogiam o café da manhã rápido, o sanduíche de sabor caseiro e a tapioca recheada, com atendimento rápido. Citam minimercado com pouca variedade. Há reclamações de pão duro e seco e de atendimento ruim no caixa.
Panificadora Sales;-1.45153176784515;-48.4598731994629;Especialidade: café. A única avaliação elogia os pães e a variedade de lanches doces e salgados, com bom atendimento, e sugere ampliar ainda mais as opções de lanche.
Panificadora Sampaio;-1.3301916718483;-48.4696578979492;Especialidade: padaria. Uma única avaliação, curta e positiva, sem detalhes.
Panificadora Santa Maria;-1.43010771274567;-48.4491386413574;Especialidade: padaria. Avaliações elogiam pães, bolos e pão de queijo, o bom atendimento e dizem ser a melhor panificadora do bairro Curió-Utinga, comparável às de grande porte.
Panificadora Santa Rita;-1.44733691215515;-48.4781455993652;Especialidade: padaria. Avaliações descrevem padaria clássica em estilo casarão antigo, com bom pão, café com leite, folheados, salgados e doces a preço popular. Várias dizem que o ambiente precisa de reforma e não traz conforto. O atendimento divide opiniões: uns elogiam, outra chama os proprietários de rudes.
Panificadora Santa Teresa;-1.3262112736702;-48.4437103271484;Especialidade: padaria. Avaliações curtas elogiam o atendimento. Uma cita como ótima parada em viagem para Salinas.
Panificadora Santos 2(FILIAL);-1.40161114931107;-48.4418678283691;Especialidade: padaria. Avaliações divididas: elogiam o café da manhã, o bolo de macaxeira, tapioca e cuscuz nos fins de semana e o espaço com muitas mesas. Duas reclamam de atendimento péssimo, com falta de cordialidade e funcionários apressando clientes perto do fechamento. Citam que o local é quente, sem ar-condicionado.
Panificadora São Francisco;-1.39957761764526;-48.452522277832;Especialidade: padaria. Avaliações descrevem padaria tradicional da Marambaia com boa diversidade de produtos, indicada para pão quente e lanche. Há reclamação de preços caros e crítica ao pão francês. Uma cita também itens de mercado e bom atendimento.
Panificadora São João;-1.43144679069519;-48.4858322143555;Especialidade: padaria. Avaliações mistas: elogiam o café da manhã e da tarde, os salgados e o pão, com jeito de padaria clássica e bom preço. Uma relata atendentes rudes, longa espera para ser atendido e preços altos, e outra reclama da demora na entrega.
Panificadora Sao Romao;-1.42466497421265;-48.4769668579102;Especialidade: padaria, café da manhã, brasileira. Uma avaliação diz ser a melhor padaria de Belém, com ótimos produtos e preços. As demais são curtas e positivas.
Panificadora Uirapuru;-1.36117571592331;-48.449893951416;Especialidade: padaria, drinks, doces. Avaliações dizem que funciona como panificadora, bar, restaurante e conveniência, com TV, som e música ao vivo, bom para comer ou sentar para beber e relaxar. Elogiam comida, higiene e acesso para cadeirantes. Citam falta de ar refrigerado e falhas no atendimento, com o caixa acumulando funções.
Panificadora Umarizal;-1.44503486156464;-48.480541229248;Especialidade: doces, padaria. Avaliações curtas e positivas, sem detalhes.
Panificadora Umarizal;-1.4051855802536;-48.4531173706055;Especialidade: padaria. Avaliações curtas e positivas, sem detalhes.
Panificadora Velha Padoca;-1.45637559890747;-48.4786529541016;Especialidade: padaria. Avaliações elogiam o atendimento gentil e rápido, o pão de batata, doces, salgados, bolos e tapioquinha, com preço justo. Citam espaço pequeno e pouca variedade em comparação a padarias maiores. Uma relata atraso em entrega por aplicativo, atribuído ao entregador.
Panificadora Versalles;-1.45851439237595;-48.4828224182129;Especialidade: padaria. Avaliações mistas: uma elogia a lanchonete, a variedade de doces, salgados, bolos e pães, inclusive sem lactose e sem glúten, e funcionários atenciosos. Outras reclamam da falta de banheiro para clientes, de falta de pão pela manhã e de má vontade dos funcionários.
Panificadora Vilpan;-1.43388915061951;-48.4567108154297;Especialidade: padaria. Avaliações mistas: elogiam os salgados, especialmente a pizza folheada, a variedade de lanches e o ambiente agradável. Reclamam de fila do caixa confusa, atendimento demorado, salgados e pão de queijo velhos pela manhã, bolos caros e de nem sempre aceitar cartão ou pix.
Panificadora Vilpan Lomas;-1.42775571346283;-48.464656829834;Especialidade: padaria. Avaliações mornas: elogiam o ponto de esquina e o sanduíche baguete natural, mas dizem que a padaria não aproveita o potencial que tem e sugerem melhorar a qualidade do trigo.
Panificadora Vitória;-1.45482450723648;-48.4724197387695;Avaliações descrevem padaria com mercearia, ambiente climatizado, buffet de almoço e bom atendimento. Preços divididos entre justos e caros. Há reclamações de duas filas de caixa, de baratas nas cadeiras e no mostruário de bolos e da entrada de cachorros na loja.
Panificadora Vitória Com Jesus;-1.47217011451721;-48.468505859375;Especialidade: padaria. Avaliações curtas e positivas. Uma diz que tudo é excelente, mas o preço fica um pouco acima da média.
Panificadora Wanda;-1.13595908880234;-48.458423614502;Especialidade: padaria. Avaliações elogiam os pães, como o roseta, os salgados e o atendimento simpático. Citada como lugar para comprar pães e salgados em Mosqueiro.
Pao com Arte;-1.45936238765717;-48.4947471618652;Especialidade: padaria. Avaliações curtas e positivas, sem detalhes.
Pão da Humaitá;-1.43430912494659;-48.4681854248047;Especialidade: padaria. Avaliações elogiam o pão, principalmente o caseiro, um bolo zero, o preço e o atendimento atencioso da proprietária e dos funcionários.
Pão De Amor;-1.45878851413727;-48.4772109985352;Especialidade: café, doces, buffet (rodízio). Avaliações tratam de serviço de buffet e de cestas de café da manhã: elogiam a comida, o capricho, a higiene e o atendimento em eventos e presentes.
Pão de Belém;-1.45755481719971;-48.4770812988281;Especialidade: padaria. Avaliações elogiam a qualidade e a variedade dos pães, o pedido por aplicativo e os acessórios de cozinha vendidos na loja. Uma reclama de atendimento indiferente, fila desorganizada e pedido que não estava pronto no horário combinado. Citam falta de estacionamento.
Papaxibe;-1.44886577129364;-48.4690017700195;Avaliações descrevem restaurante e lanchonete pequeno em frente ao Hotel Ibis, com pratos regionais como tacacá e maniçoba, café da manhã simples, almoço a preço acessível e venda de produtos regionais. Elogiam comida fresca e atendimento prestativo. Citam que não tem estacionamento.
PapaxibeRestô;-1.44856005907059;-48.4762725830078;Especialidade: brasileira. A única avaliação elogia o atendimento e a entrega rápida, mas relata carne com odor ruim e não recomenda a experiência.
Para 6 Burger;-1.47206580638885;-48.501651763916;Especialidade: hambúrguer. A única avaliação diz que é muito bom, elogia a maionese e sugere criar uma opção vegetariana.
Paraçaí;-1.44524574279785;-48.4781036376953;Especialidade: sucos. Avaliações elogiam a comida do self-service, o ambiente limpo e climatizado e o atendimento. Citam pouca opção de saladas e de acompanhamentos para o açaí. Uma reclama de desorganização em pedido de entrega da pizzaria que funciona no mesmo local à noite.
Parada Obrigatória;-1.44914567470551;-48.4743919372559;Avaliações em maioria elogiam a comida caseira, o camarão empanado, o preço acessível, o local climatizado e o atendimento educado. Uma reclama de comida horrível, com arroz velho e frango queimado.
Paraensíssimo;-1.40850329399109;-48.431396484375;Avaliações descrevem restaurante pequeno e aconchegante, todo decorado com a cultura paraense, com música ao vivo e saias de carimbó para fotos. Elogiam comida e atendimento e sugerem reservar. Há quem ache o preço salgado, os pratos pouco servidos e o serviço comprometido em dias cheios, e um relato de confusão com mesas reservadas.
Paraíba Burgers;-1.43078577518463;-48.4705467224121;Especialidade: hambúrguer, fast-food. Avaliações em maioria curtas e positivas. A única detalhada elogia sanduíches e sucos, mas critica o ambiente da unidade da Pedreira, com cobertura pequena e rasgada que não protege da chuva.
Paraíso;-1.45493179559708;-48.5011711120605;Avaliações falam de uma casa que toca músicas de décadas passadas, com ambiente bom para tomar cerveja. Um avaliador chama de boate, sugere vender drinks, fazer eventos temáticos e divulgar a programação para voltar a lotar. Outros pedem contato e avisam que o telefone cadastrado está errado. Uma avaliação pergunta se há garotas de programa no local.
Paraíso Nika;-1.06558793783188;-48.3784790039062;Avaliações descrevem um bom lugar para comer e aproveitar a praia de água doce. Uma acha meio caro e diz que o serviço demorou. As demais são curtas, entre positivas e regular.
paraíso Rústico-ilha de cotijuba/PA;-1.26959127187729;-48.5611267089844;Avaliações descrevem um ambiente tranquilo e agradável, bom para quem gosta de apreciar a natureza e para ir com crianças, com ótimo atendimento.
Paricá Restaurante;-1.39863574504852;-48.4600563049316;Avaliações descrevem restaurante agradável e ventilado na Marambaia, com comida farta e saborosa, cerveja gelada, preço justo e bom atendimento. Contam que ficou mais amplo após mudar de endereço e passou a abrir à noite. Há uma crítica forte: comida demorada, filé frio e sem tempero, porção pequena para dois e conta alta.
Pasta Way;-1.44179236888885;-48.4899368286133;Avaliações elogiam as massas, rápidas de preparar e saborosas, com bom custo-benefício e atendimento simpático. O delivery é descrito como rápido, bem embalado e com boa quantidade. O espaço é citado como aconchegante, confortável, limpo e climatizado.
Pastel King;-1.4704338312149;-48.481029510498;Especialidade: brasileira. Avaliações curtas e positivas, dizem apenas que é uma delícia.
Pastel Loco;-1.38899612426758;-48.4646759033203;Especialidade: fast-food. Avaliações são majoritariamente negativas. Reclamam de atendimento demorado, cerca de 30 minutos, com poucos funcionários, itens do cardápio sempre em falta, falta de ketchup, maionese e guardanapo, pastel oleoso e massa borrachuda. Fica em praça de alimentação de shopping.
Pastel Loco;-1.45845305919647;-48.4949493408203;Avaliações são em maioria negativas sobre a unidade do Shopping Pátio Belém: funcionários despreparados e mal-educados, atendimento demorado, pastéis encharcados de óleo e recusa em vender só um suco. Uma avaliação elogia o pastel saboroso, a variedade de sabores, o suco de laranja feito na hora e o preço justo.
Pastel Pai D'égua;-1.45385921001434;-48.4909820556641;Especialidade: brasileira. Avaliações descrevem lanchonete simples especializada em pastéis, com donos atenciosos e educados e atendimento simpático. Elogiam os pastéis de camarão, carne e calabresa, o suco de goiaba e o preço muito bom.
Pastelaria - La Carro de Pastel;-1.16479802131653;-48.4735679626465;Especialidade: brasileira, fast-food. Avaliações elogiam os lanches e o pastel de camarão, citado como o melhor da ilha de Mosqueiro, e o bom atendimento. Uma reclama que o pedido demora demais.
Pastelaria e Cia;-1.33026945590973;-48.4334373474121;Especialidade: brasileira, fast-food, lanchonete. Avaliações elogiam o pastel, a massa, a variedade de sabores e o atendimento, com preço considerado justo. Há críticas à falta de utensílios nas mesas, como guardanapo e maionese, à pouca quantidade de batata em um combo e à impossibilidade de montar o recheio. Uma avaliação cita certo receio com a localização, no fim do conjunto.
Pastelaria Pit Stop;-1.44325006008148;-48.4786148071289;Especialidade: brasileira. Avaliações elogiam o pastel bem recheado, crocante e sequinho, a cerveja gelada, a limpeza e o atendimento simpático da proprietária. O ambiente é descrito como aconchegante e bem pequeno. Os preços dos pastéis são considerados bons, mas uma avaliação achou o refrigerante em lata caro.
Patty Café;-1.13094985485077;-48.4522171020508;Especialidade: café. Avaliações descrevem um café aconchegante e calmo, de atendimento familiar e gentil, limpo e com comida boa. Citam o café da manhã, o suco de maracujá e a carne de panela. Um avaliador o chama de melhor café da ilha e outro diz que os preços são iguais aos da tapiocaria da Vila.
Patuá Music Bar;-1.45474511384964;-48.4709320068359;Especialidade: drinks. Avaliações curtas e positivas elogiam a música, o atendimento, com garçom simpático, e o ambiente agradável e aconchegante.
Pedreiras Bar e Churrasquinho;-1.4283242225647;-48.4687728881836;Especialidade: árabe (kebab). Avaliações descrevem local simples com comida boa e variada, cervejas e bom atendimento, com destaque para a salada de berinjela. Há críticas a copo com cheiro ruim, atendente desatento, demora no almoço, preço alto com taxa de 10% mesmo sendo self-service e volume da música alto à noite.
Peixaria do Antônio;-1.13048487901688;-48.4509811401367;Especialidade: brasileira. Avaliações curtas e positivas, sem detalhes. Uma diz apenas que a comida é boa.
Peixaria do Benjamin;-1.43828940391541;-48.4804992675781;Avaliações descrevem um bar raiz de peixe frito tradicional, com refeição barata e saborosa, destaque para o dourado frito e atendimento elogiado do dono. O ambiente é citado como bem simples, deixando a desejar e precisando de limpeza. Avisam para não subestimar a pimenta.
Peixaria do Careca;-1.47487711906433;-48.4760093688965;Avaliações em maioria curtas e positivas. A única detalhada descreve lugar simples, com atendimento cordial, peixe frito apontado como o melhor de Belém e moqueca elogiada.
Peixaria e Restaurante Água de Coco;-1.07353967428207;-48.4010772705078;Avaliações descrevem restaurante na praia do Marahú, em Mosqueiro, com ambiente bonito e tranquilo, vista para a praia, piscina e bom repertório musical. Elogiam a recepção, a rapidez, os pratos bem servidos, como filhote e bolinho de peixe, as bebidas geladas e o preço justo.
Peixaria Silva Freitas;-1.40248382091522;-48.441349029541;Avaliações curtas elogiam o peixe, citado como o melhor da Marambaia, e recomendam a compra.
Peixe & Bistrô;-1.29822158813477;-48.4894828796387;Especialidade: brasileira. Avaliações descrevem ambiente aconchegante e bonito, simples, regional e moderno, na orla de Icoaraci. Elogiam muito o atendimento, os pratos bem servidos, o peixe fresco, em especial a dourada frita sequinha e crocante, e a cerveja bem gelada. Uma avaliação achou que faltou um pouco de sal.
Peixe Cru Gastro Bar;-1.44118356704712;-48.4873542785645;Especialidade: gastropub, tailandesa, asiática. Avaliações são mistas. Parte elogia a culinária oriental, os pratos de salmão, o yakissoba, os drinks, a sobremesa e o atendimento atencioso. Outras criticam duramente o lamen, a demora de mais de uma hora, pratos servidos frios, palitos de dente dentro de niguiris sem aviso e o ambiente desgastado, com estrutura mal conservada.
Peraltas Buffet Infantil;-1.44017171859741;-48.4881935119629;Avaliações descrevem um salão de festas infantis amplo e climatizado, com muitos brinquedos, boa organização, equipe atenciosa e buffet farto e saboroso, usado para aniversários de crianças. Citam como pontos fracos a falta de estacionamento e manobrista e a dificuldade da equipe para tocar uma música enviada por celular.
Peterson Grill;-1.46463638544083;-48.4678611755371;Avaliações elogiam o atendimento, a comida, a cerveja gelada, o preço e a música. Descrevem ambiente tranquilo, seguro, aconchegante e com espaço livre, frequentado por famílias. Uma avaliação diz que funciona à noite e também de dia aos sábados, domingos e feriados.
PF da 16;-1.15721696615219;-48.4680938720703;Especialidade: brasileira. Avaliações elogiam a comida caseira, saborosa e feita na hora, com preço justo, e citam a dourada na chapa. Há crítica ao local ser muito abafado e incômodo nos dias quentes, e um pedido por sucos e refrigerantes sem açúcar.
Picanha do Beto;-1.43633437156677;-48.4891319274902;Especialidade: churrasco. Avaliações curtas e positivas. Uma delas elogia a picanha e a linguiça como das melhores que provou no Brasil e a equipe.
Picanha do edy;-1.45026504993439;-48.4935111999512;Avaliações elogiam a comida, o atendimento e os preços acessíveis, e descrevem o lugar como aconchegante. Um cliente agradece a honestidade da equipe por ter guardado a carteira que esqueceu no almoço.
Picanha e Cia - Churrascaria e Restaurante - Belém;-1.44335001707077;-48.487232208252;Especialidade: churrasco. Avaliações elogiam o churrasco, o carré de cordeiro, o galeto, as guarnições e o buffet, e indicam o lugar para confraternizações. Uma cliente conta que não gostou numa visita durante reforma, mas voltou e achou o local acolhedor. Há reclamação de espera de quase uma hora por um prato e de acompanhamento que não veio na meia porção sem aviso no cardápio.
Picanha Express;-1.44643002748489;-48.4896278381348;Avaliações são majoritariamente negativas. Reclamam de atendimento lento, demora de até 50 minutos, carne dura que não parecia picanha, pizza encharcada de óleo, comida salgada ou requentada e cobrança de adicional não informada. Um cliente diz que o lanche já foi bom e que a qualidade caiu.
Picanha Express - Castanheira;-1.40361964702606;-48.4304618835449;Avaliações em maioria curtas e positivas, sem detalhes. Há uma reclamação de pedido por aplicativo já pago que demorou mais de uma hora e nunca foi entregue.
Picanha na pedra;-1.4556657;-48.4619469;Especialidade: churrasco. Avaliações em maioria curtas e positivas, sem detalhes. Uma delas diz que o atendimento é bom, mas acha o cardápio muito caro e relata má experiência com a comida, com carne de gosto forte e macaxeira com gosto de óleo velho.
Picoleteria e Sorveteria Biboca;-1.40110230445862;-48.4601631164551;Especialidade: sorvete, doces. Avaliações elogiam os picolés, saborosos, cremosos, baratos e feitos com higiene, citando chocolate, coco, tapioca e o coberto com chocolate. Elogiam o atendimento educado e o acesso fácil. Uma avaliação diz que é bom para quem revende.
Pier 47;-1.4351754784584;-48.4936447143555;Avaliações descrevem um bar com deck descoberto sobre a Baía do Guajará e vista do pôr do sol, com ambiente climatizado, bandas, cerveja gelada, garçons atenciosos e estacionamento. Uma avaliação elogia a comida e diz que é pouco conhecido em Belém. Uma das avaliações é anúncio do próprio local para festas.
Pileque Boteco Belém;-1.44216799736023;-48.4808540344238;Especialidade: drinks. Avaliações são em maioria negativas. Reclamam de garçons desorganizados, demora para ser atendido, cardápio fraco com itens em falta, preços altos, mau cheiro de esgoto na calçada e mesas ocupando a calçada. Uma avaliação elogia a comida, o ambiente agradável, o chope gelado e a música ao vivo.
Pimenta na Cuia;-1.46155822277069;-48.5041084289551;Avaliações descrevem ambiente amplo, acolhedor e agradável, com música regional em volume adequado, cerveja gelada e bom atendimento. Elogiam pratos regionais como tacacá e lasanha paraense, e citam opção vegana no cardápio. Indicado nas avaliações para ir a dois ou encontrar amigos.
Piracaia peixe frito;-1.4576119184494;-48.4737548828125;Avaliações elogiam o peixe frito, apontado como o melhor da cidade, a farofa, a cerveja gelada e o atendimento no local e no delivery. Uma avaliação fala em banho de água fria e piscina natural para passar o dia.
Pissolati Café e Restaurante;-1.45770871639252;-48.4864387512207;Especialidade: café. Avaliações descrevem ambiente charmoso e agradável, bom para conversar ou relaxar. Elogiam croissants, quiche, prato de filé com risoto, cappuccino e frappuccino, com preço justo. O atendimento é citado como bom ou apenas ok. Uma avaliação critica que as bebidas de café parecem sobremesa, com muito chocolate e pouco café, e que há mais apresentação do que sabor.
Pit Stop do Cat;-1.4448401927948;-48.4699897766113;Avaliações descrevem um lugar aconchegante e bem discreto, bom para quem gosta de cerveja, e elogiam a variedade de cervejas. Um cliente diz que gostou tanto que já voltou.
Piteco Lanches;-1.40013343095779;-48.4727745056152;Especialidade: lanchonete. Avaliações tratam a lanchonete como ponto tradicional do bairro, no mesmo lugar desde os anos 70, com lanche simples e muito bom. Contam que o dono é simpático e canta suas próprias músicas para os clientes. Uma avaliação avisa que o lanche demora.
PIXXELS Gamer Club®︎;-1.41629111766815;-48.4793319702148;Avaliações descrevem um espaço de jogos com PCs gamer, consoles de nova geração, jogos de tabuleiro, Guitar Hero e realidade virtual, bonito e aconchegante. Elogiam os funcionários e os equipamentos e citam como bom para ir com amigos e comemorar aniversário. Uma avaliação recomenda checar antes se o jogo desejado está disponível.
Pizza Braz;-1.44882518053055;-48.4565773010254;Especialidade: pizza. Avaliações elogiam a pizza, saborosa e entregue quente, o atendimento cordial e a entrega rápida, com entregador educado. Todas as avaliações lidas falam de pedidos por delivery.
Pizza do Fábio - Casa Marco;-1.44039595127106;-48.464282989502;Especialidade: pizza. Avaliações curtas e positivas, elogiando a pizza e a equipe, sem mais detalhes.
Pizza do Jegue;-1.44542849063873;-48.4858360290527;Especialidade: pizza. Avaliações elogiam a pizza, com sabores diferentes, o atendimento e o delivery rápido. Uma avaliação acha o ambiente agradável e confortável. Outra diz que o salão é bem pequeno, que encontrou o ar condicionado desligado e o garçom ausente, e recomenda mais o delivery.
Pizza do Macaco;-1.45632147789001;-48.4892425537109;Especialidade: pizza. Avaliações elogiam o rodízio de pizza, com comida farta e saborosa, atendimento rápido e simpático e ambiente agradável. Um cliente conta que conseguiu mesa sem fila. Demais avaliações são curtas e positivas.
Pizza Hut;-1.4365998506546;-48.4659996032715;Especialidade: pizza. Avaliações curtas e positivas, elogiando a comida e o serviço rápido e educado. Um cliente estrangeiro diz que foi bem ajudado mesmo sem falar português.
Pizza Stars;-1.40149569511414;-48.4429244995117;Especialidade: pizza. Avaliações elogiam as pizzas, saborosas e com preço acessível, a massa, as bordas, o atendimento, o delivery rápido e o espaço aconchegante. Uma avaliação sugere melhorar o catupiry e diversificar os sabores.
Pizzadoro;-1.43183982372284;-48.4857368469238;Especialidade: pizza. Avaliações elogiam as pizzas, os lanches, os sucos, o almoço bem temperado e a cerveja gelada com tira-gosto, além do atendimento atencioso, do serviço rápido e dos preços. Clientes dizem frequentar há muitos anos e citam a localização junto à feira do Telégrafo e a uma parada de ônibus.
PizzaKing;-1.32704424858093;-48.4400863647461;Especialidade: pizza. Avaliações curtas elogiam a pizza. Há reclamações sobre o tempo de espera, incluindo uma entrega que levou mais de duas horas e chegou fria, com crítica à atendente por ser grosseira.
Pizzaloca;-1.45535326004028;-48.488166809082;Especialidade: pizza. Avaliações elogiam a pizza, bem recheada e de sabores variados, e o atendimento que respeita pedidos de alteração. Uma avaliação acha o preço elevado, mas diz que vale a pena. Há uma reclamação de pizza de dois sabores entregue com um só.
Pizzaria Ala Picui;-1.37407648563385;-48.433235168457;Especialidade: pizza. Avaliações curtas e positivas. As que detalham elogiam a pizza, o local agradável e o bom atendimento.
Pizzaria Âncoras;-1.43654346466064;-48.4927864074707;Especialidade: pizza. Avaliações são todas negativas. Reclamam de pizza com massa crua e pouco recheio, batata frita oleosa ou queimada, demora, cobrança acima do cardápio e abordagem insistente de clientes na rua. Várias descrevem a dona como hostil com clientes e funcionários. Uma avaliação elogia um garçom gentil.
Pizzaria Barros;-1.3138188123703;-48.4848022460938;Especialidade: pizza. A única avaliação lida é negativa e reclama de péssimo atendimento e de pizza que chegou fria, sem sabor e com pouco recheio.
Pizzaria Capriciosa;-1.43977522850037;-48.4568290710449;Especialidade: pizza, japonesa. Avaliações curtas e positivas, sem detalhes.
Pizzaria casa Branca;-1.41278493404388;-48.476001739502;Especialidade: pizza. A maioria das avaliações é curta e positiva, sem detalhes. Uma reclama do atendimento no delivery, com primeiro contato por robô, falta de retorno sobre a demora e quase duas horas de espera pela pizza.
Pizzaria casa das pizzas;-1.47122716903687;-48.4665908813477;Especialidade: pizza. Avaliações elogiam a pizza saborosa, a qualidade do produto e o carinho no atendimento, com quem diga ser a melhor do Guamá e que compra há anos. Uma das avaliações fala de aulas em um ambiente abafado e sem janelas e parece se referir a outro tipo de estabelecimento.
Pizzaria Contorno e Restaurante;-1.39924311637878;-48.4757995605469;Especialidade: pizza. Avaliações elogiam a pizza saborosa, bem servida e barata, o atendimento rápido e o ambiente aconchegante, com quem a considere a melhor de Val-de-Cans. Há uma reclamação de lanche que chegou frio e encharcado de óleo.
Pizzaria Cozinha De Casa;-1.26315039396286;-48.4664268493652;Especialidade: pizza. Avaliações descrevem ambiente familiar e higiênico, com pizzas saborosas, bem servidas e de preço leve, atendimento caprichado e entrega rápida. Citam como bom lugar para reunir e fazer pequenas comemorações com agendamento, e avisam que não serve bebida alcoólica, só sucos, água e refrigerantes.
Pizzaria da zu;-1.4672999382019;-48.4650955200195;Especialidade: pizza. Avaliações curtas e positivas, dizendo que é uma delícia e muito boa. Uma informa que foi reinaugurada ao lado, em frente à praça do Carananduba.
Pizzaria Di Parolle;-1.41661328077316;-48.4691734313965;Especialidade: pizza. Avaliações elogiam as massas, de produção própria, as pizzas saborosas, o bom preço e o atendimento confiável. Uma descreve como lugar familiar em frente à praça Eduardo Angelim, bom para crianças e acessível, conhecido pelas pizzas de 10 reais.
Pizzaria Dom Carvalho;-1.45665109157562;-48.4737892150879;Especialidade: pizza. Avaliações de tom misto. Elogiam a pizza de massa fina de fermentação natural, o ambiente pequeno, agradável e com música. A maior parte reclama do atendimento, descrito como confuso e de má vontade, com erros de pedido e de conta, cerveja quente, taxa extra e preços elevados.
Pizzaria Dom Gigio;-1.41398823261261;-48.4687843322754;Especialidade: pizza. Avaliações elogiam a pizza bem recheada, feita na hora, e o atendimento, com quem a chame de melhor da Sacramenta. Há uma reclamação de pizza que chegou fria, com massa crua, cara e com refrigerante quente.
Pizzaria Dom Lucca;-1.32653218507767;-48.4401779174805;Especialidade: pizza. Avaliações elogiam a pizza como muito gostosa, a entrega rápida e o bom atendimento.
Pizzaria e Hamburgueria Mega Point;-1.34112894535065;-48.4450340270996;Especialidade: pizza. Avaliações de tom misto. Elogiam yakissoba, temaki e hot, o atendimento rápido, o local tranquilo e o preço acessível. Há reclamações de demora de 90 minutos seguida de cancelamento do pedido, de pizza fria com massa crua e cara pelo que oferece, de funcionários sem máscara e de louça mal lavada.
Pizzaria e Lanchonete da Zú;-1.09493404626846;-48.4096260070801;Avaliações divididas. Uma diz ser a melhor pizza de Mosqueiro e outras são curtas e positivas. Duas reclamam de pizza sem recheio e sem queijo, só massa, de atendimento péssimo e de demora na saída dos pedidos, e não recomendam.
Pizzaria e Lanchonete Lourival;-1.37752997875214;-48.4617500305176;Avaliações elogiam os lanches, descritos como baratos, rápidos e gostosos, a simplicidade que fideliza o cliente, o bom atendimento e a pizza.
Pizzaria e Sorveteria Bom Jesus;-1.3689079284668;-48.4386825561523;Especialidade: sorvete, pizza, doces. Avaliações elogiam a pizza, de massa leve feita na hora e sabores gostosos, além dos lanches e do sorvete. Um freguês reclama que o lugar não aceita cartão. Uma das avaliações fala de uma barbearia e parece ter sido publicada no lugar errado.
Pizzaria e Sorveteria Esperanca;-1.29459583759308;-48.475757598877;Especialidade: pizza, sorvete, doces. Avaliações falam principalmente de pedidos por WhatsApp e delivery, elogiando a pizza gostosa, o bom atendimento e o valor. O tempo de entrega é descrito como razoável, às vezes rápido e às vezes nem tanto.
Pizzaria Efraim;-1.35399377346039;-48.4448928833008;Especialidade: pizza. Avaliações elogiam a pizza saborosa e o atendimento, e descrevem o lugar como bom e agradável. Uma critica o aquário em exposição, que estaria sujo, com pouca água e iluminação inadequada.
Pizzaria El Gatos;-1.30115383863449;-48.4835624694824;Avaliações majoritariamente críticas. Reclamam de demora de uma a duas horas para pizza e pastel, de atendimento ruim e de piora na pizza, que estaria com massa crua, dura e sem sal. Há elogios à pizza barata para viagem, que saiu rápido, e ao pastel.
Pizzaria Familia Cardoso;-1.46845734119415;-48.4638519287109;Especialidade: pizza. Avaliações elogiam a pizza saborosa e caprichada, os preços, as promoções e o atendimento. Uma aponta que de vez em quando há falhas no atendimento e falta organização.
Pizzaria fênix;-1.34130835533142;-48.4727020263672;Especialidade: pizza. A única avaliação elogia a qualidade, o preço e o sabor.
Pizzaria Geovanna;-1.46489369869232;-48.4670448303223;Especialidade: pizza. Avaliações citam pizza de 10 reais, de qualidade boa para o valor, mas com espera de cerca de uma hora e meia por causa da procura. Outra elogia o lugar confortável, o atendimento e a massa feita na hora. As demais são curtas.
Pizzaria Gostosuras Vip;-1.35248100757599;-48.4521064758301;Avaliações elogiam as pizzas e os salgados, com destaque para a coxinha, descrita como grande e bem recheada.
Pizzaria Gustavo's;-1.32731449604034;-48.4491729736328;Especialidade: pizza. Avaliações descrevem um lugar familiar, com bom atendimento, bom cardápio e rodízio de pizza, com elogios às pizzas delícia e de charque. Uma estima cerca de 100 reais por uma pizza família com refrigerante ou suco.
Pizzaria La Praça;-1.37551254034042;-48.4251327514648;Especialidade: pizza. Avaliações de tom misto. Elogiam a pizza e os lanches, o preço acessível e o espaço amplo com pula-pula para crianças, que poderia ter mais iluminação. Reclamam de atendimento ruim e demorado, atrasos na entrega, refrigerante quente, pizza fria, bagunça e falta de limpeza, e de um entregador que chegou embriagado.
Pizzaria Liderança;-1.16474801301956;-48.4722595214844;Especialidade: pizza. Avaliações divididas. Uma reclama de demora na pizza, pedido errado e péssimo atendimento, e a outra elogia a pizza e o preço.
Pizzaria Lucena's;-1.37529492378235;-48.4532814025879;Especialidade: pizza. A única avaliação é um elogio curto à pizza, sem detalhes.
Pizzaria Mama Clara;-1.33045619726181;-48.4375610351562;Especialidade: pizza. Avaliações majoritariamente críticas. Reclamam de atrasos de duas a três horas na entrega, de pedidos aceitos sem estrutura para atender a demanda e de falta de retorno. Uma diz que o atendimento foi bom, mas que a pizza, antes uma das melhores do Maguari, hoje deixa muito a desejar.
Pizzaria mania de pizza;-1.47524893283844;-48.4791526794434;Especialidade: pizza. Avaliações elogiam a pizza, que chega quente e rápido, com variedade de sabores e preço acessível, e a boa recepção. Uma alerta que fica em área considerada perigosa. Outra fala de tratores, de um bar e de uma marina e parece se referir a outro lugar.
Pizzaria Marajoara;-1.30563026666641;-48.4708709716797;Avaliações elogiam a pizza, com vários sabores e preço acessível, o atendimento simpático e o lugar aconchegante, limpo e de serviço rápido.
Pizzaria Maranello;-1.45289814472198;-48.4611473083496;Especialidade: pizza. Avaliações descrevem lugar bonito e organizado, embora pequeno, com atendimento gentil e pizza de massa fina bem recheada, com destaque para a de camarão com jambu e tucupi à parte. Citam preço justo e estacionamento na rua. Uma diz que com a casa cheia o salão fica abafado e outra achou o suco doce demais.
Pizzaria MAX;-1.46748006343842;-48.4586868286133;Especialidade: pizza. Avaliações curtas e positivas, sem detalhes.
Pizzaria Mega Point;-1.30078905820847;-48.4835739135742;Especialidade: pizza. Avaliações majoritariamente críticas ao delivery. Relatam espera de uma hora e meia a duas horas, pedido cancelado depois da espera, pizza que chegou queimada e com cabelo, atendente grosseira e descaso com o estorno. Uma avaliação elogia os lanches.
Pizzaria Milano;-1.46472060680389;-48.4765663146973;Especialidade: pizza. Avaliações elogiam as pizzas, bem recheadas, de massa leve e com variedade de sabores, o atendimento, a entrega rápida e o lugar limpo, organizado e de ambiente familiar. Uma diz ser uma das melhores do bairro.
Pizzaria Mr Fabio;-1.41265785694122;-48.4763526916504;Especialidade: pizza. Avaliações majoritariamente negativas. Reclamam de pizza ruim, com massa dura e crua, poucos ingredientes e fria, e de pedido entregue pela metade. Uma pondera que não dá para esperar muito de uma pizza de 15 reais. Há um elogio curto.
Pizzaria Mr. Pedro;-1.42105662822723;-48.4862747192383;Especialidade: pizza. Avaliações elogiam a pizza, citada como uma das melhores de Belém, entregue sem demora e de preço hoje normal, depois de já ter sido muito barata. Uma reclama de pedido que não havia sido entregue quase duas horas depois.
Pizzaria Nápoles;-1.3055312037468;-48.4707412719727;Avaliações elogiam a qualidade da pizza e dizem que o ambiente é bom para ficar. Uma pessoa conheceu pelo delivery e depois foi ao local e gostou, outra diz que a pizza melhorou bastante.
Pizzaria Nativa;-1.45431125164032;-48.4665489196777;Especialidade: pizza. Avaliações descrevem lugar simples com comida caseira bem feita, pizzas, jantar e sobremesas, com preço em conta e bom atendimento. Citam que faz entrega e aceita cartão. Uma avaliação aponta que não tem estacionamento.
Pizzaria Pai D'Égua;-1.34235668182373;-48.445011138916;Especialidade: pizza, hambúrguer. Avaliações curtas e positivas, sem detalhes.
Pizzaria Palmitos;-1.29589384794235;-48.4819145202637;Especialidade: pizza. Avaliações apontam como uma das melhores pizzas de Icoaraci, com massa bem preparada e recheio farto, donos cordiais, bom atendimento, preço bom e ambiente familiar. Uma avaliação diz que a parte de dentro é bastante quente e que fora é mais arejado.
Pizzaria Panela Velha;-1.40675663948059;-48.4531135559082;Especialidade: pizza. Avaliações são mistas e tratam principalmente de entrega. Há reclamações fortes de atraso de mais de uma hora além do prazo informado, pizza chegando fria, pouco queijo, refrigerante quente e atendimento por telefone pouco confiável. Outras duas avaliações dizem que a pizza é boa e tem preço justo.
Pizzaria Passe e Fique;-1.46415114402771;-48.4761352539062;Especialidade: pizza. Avaliações elogiam a pizza, com destaque para a de palmito, e o bom atendimento. Textos curtos e positivos, sem críticas.
Pizzaria Paulista;-1.45681923627853;-48.4953308105469;Especialidade: pizza. Avaliações lidas são majoritariamente negativas. Reclamam de pizza com massa dura e pouco recheio, parmegiana com pouco queijo e demora de quase uma hora, atendente rude, funcionários no celular e pedido de delivery cancelado. Uma avaliação mais detalhada descreve o filé à parmegiana como aceitável e nota que serve pratos individuais além de pizza.
Pizzaria Potter;-1.30613815784454;-48.4768104553223;Especialidade: pizza. Avaliações elogiam muito a pizza, descrita como saborosa, bem recheada, com massa feita na hora e preço bom, e a chamam de melhor de Icoaraci. Uma avaliação descreve o lugar como simples.
Pizzaria Quim;-1.31282114982605;-48.4480171203613;Especialidade: pizza. Avaliação curta e positiva, sem detalhes.
Pizzaria Sabor Brasil;-1.4661762714386;-48.4687271118164;Especialidade: pizza. Avaliações são divididas. Parte elogia a pizza, o atendimento ágil e respeitoso e o espaço ao ar livre para reunir amigos. Outra parte reclama de massa quase crua, pizza sem sabor, pagamento antecipado e falta de higiene, com relato de um gato sobre uma mesa. Uma avaliação diz que já foi bem melhor.
Pizzaria Sideral;-1.35555624961853;-48.4382553100586;Especialidade: pizza. Avaliações elogiam a pizza, o bom atendimento e a entrega rápida, com o pedido chegando quente, e dizem que o preço é em conta. Parte dos textos é curta e sem detalhes.
Pizzaria sorriso da villa;-1.30056077241898;-48.470344543457;Avaliações descrevem comida caseira boa e saborosa, com prato feito generoso que serve duas pessoas e opção de churrasco, além de sorvetes baratos de sobremesa. O ambiente é dito agradável e o atendimento um pouco confuso mas funcional. Uma avaliação dá nota 7 de 10 para a pizza.
Pizzaria Tio Pier;-1.3529052734375;-48.4496192932129;Especialidade: pizza. A única avaliação elogia o atendimento, a pizza e os preços, diz que o preparo é relativamente rápido e que dá para comer no local, levar ou pedir entrega. Informa que não abre às segundas-feiras.
Pizzaria Villa Pai D'Agua;-1.29832863807678;-48.4825782775879;Especialidade: pizza. Avaliações elogiam a pizza e descrevem o ambiente como agradável, espaçoso e limpo, mas a queixa recorrente é a demora, tanto no local quanto no delivery, com relatos de espera de uma hora e meia. Há também reclamação de atendimento online que não responde.
Pizzaria Wilson;-1.4037122130394;-48.4337043762207;Especialidade: pizza, italiana. Avaliações falam em preços acessíveis, variedade de sabores, bom atendimento e lugar bom para levar a família para lanchar. Uma avaliação discorda e acha a comida cara e sem sabor, e outra diz que o telefone informado não está mais disponível.
Planet Burger;-1.33126771450043;-48.4422149658203;Especialidade: hambúrguer. Avaliações elogiam os lanches, com destaque para a carne suculenta e a maionese caseira, além de preço justo e bom atendimento. Uma avaliação negativa diz que o lugar é péssimo e que a pessoa foi enganada, sem dar detalhes.
Planeta Show;-1.4199885725975;-48.4815673828125;Especialidade: balada. Avaliações curtas e positivas, sem detalhes. Uma delas fala em fim de uma era, sem explicar.
pmcgaragem;-1.45804989337921;-48.4885063171387;Avaliações descrevem um pub de moto clube com shows de rock gratuitos, karaokê, cerveja gelada, petiscos, preços justos e ambiente limpo. Uma avaliação destaca um dia voltado só para mulheres e diz que casos de assédio podem ser comunicados aos gerentes, que acionam a delegacia da mulher.
Point Da Gelada FC;-1.43890762329102;-48.4637832641602;Avaliações descrevem um bar simples, com música ao vivo, boa comida e cerveja a bom preço, mas com pouca variedade de rótulos. Uma avaliação diz que o serviço não é especialmente simpático, embora eficiente.
Point da Katia Comidas Típicas;-1.37701559066772;-48.4371757507324;Avaliações elogiam a comida, descrita como muito gostosa e barata, e citam o vatacaranguejo como destaque. Uma pessoa conta que conheceu o lugar por um vídeo em rede social.
Point da Tapioca;-1.46430039405823;-48.4789924621582;Especialidade: café. Avaliações elogiam a tapioca, bem servida, e o pão na chapa com queijo. Há reclamações de preço um pouco alto, atendimento demorado por falta de atendentes e delivery muito lento.
Point do assado;-1.41554236412048;-48.4847183227539;Avaliações dizem que a comida é gostosa, com preço justo e opção de delivery. Uma avaliação pede melhora na logística de atendimento e outra pergunta pelo número do delivery.
Point do Burguer e pizzaria;-1.41322100162506;-48.4740982055664;Especialidade: hambúrguer. Avaliações são divididas. Parte elogia o lanche saboroso e o preço acessível. Outra parte reclama de demora de duas horas no delivery, pizza requentada que teria feito mal, falta de resposta às mensagens e desorganização nos pedidos.
Point do Café;-1.46444469690323;-48.4499053955078;Especialidade: café. A única avaliação diz apenas que a comida é muito gostosa.
Point do churrasco;-1.30958670377731;-48.4705085754395;A única avaliação cita bom atendimento, comidas típicas, lanches e sobremesas.
Point do Frango Marambaia;-1.40116024017334;-48.4573707580566;Avaliações elogiam o frango assado bem temperado, a farofa generosa, o filé de dourada, o atendimento no local e o preço. Há críticas também, com relato de frango intragável sem troca nem solução pela loja, pedido caro com frango pequeno e refrigerante quente, e arroz com charque que precisa melhorar.
Point Do Frango Na Brasa;-1.46855342388153;-48.4682350158691;Especialidade: frango. Avaliações elogiam o frango assado na hora, o tempero, a farofa, o atendimento rápido e o preço moderado, e descrevem o lugar como limpo. Uma avaliação diz que a estrutura do local precisa melhorar e outra reclama de não ter tido retorno ao ligar.
Point do Lanche;-1.30506205558777;-48.4853019714355;Especialidade: lanchonete. Avaliações elogiam bolos, coxinha e salgados, o atendimento simpático e rápido, o lugar agradável com música e o valor acessível. Uma avaliação lamenta que não funcione todos os dias e outra se diz decepcionada com os procedimentos, sem detalhar.
Point do Peixe Frito;-1.31768327951431;-48.4362030029297;Avaliações elogiam a qualidade do peixe, frito na hora, e a confiança nos pescados. Uma avaliação acusa o lugar de desonestidade por pesar o peixe cru em vez de frito na hora de cobrar.
Point Do Rony;-1.42311346530914;-48.4857025146484;Avaliações descrevem bar com som não muito alto que permite conversar, várias TVs para ver jogos de futebol, várias marcas de cerveja e música para dançar com amigos. Há crítica dura ao espaço pequeno, à cerveja servida em balde com copo descartável, ao atendimento e à frequência, e outra pede mais espaço para dançar e diz não ter visto comida.
Point Do Trovao;-1.41216492652893;-48.4781723022461;Avaliações descrevem lugar agradável e acolhedor para confraternizar com amigos, com elogios aos proprietários.
Point do una;-1.37921488285065;-48.4283027648926;Avaliações dizem que é bom local para ir com família e amigos e para se divertir. Uma reclama do preço alto da cerveja e outra é negativa sem detalhes.
Point dos Amigos;-1.45122182369232;-48.5022850036621;Avaliações elogiam o atendimento da Gláucia, a comida típica e a cerveja gelada, com clientes fiéis ao box no Ver-o-Peso. Há uma crítica forte de péssimo custo-benefício, com comida cara e só fritura, cerveja ruim e estrutura precária, em que chegou a chover nos clientes.
POINT Lanches;-1.39807426929474;-48.4774894714355;Especialidade: lanchonete. Uma única avaliação diz que o lanche é bonzinho.
Point Pai D'Égua;-1.4248640537262;-48.4769325256348;Especialidade: lanchonete. Avaliações curtas elogiam o sorvete caseiro, citado como o melhor do bairro da Pedreira, a variedade, o atendimento e o ambiente aconchegante.
POINTGRILL;-1.43019533157349;-48.4498863220215;Avaliações curtas elogiam a comida e o atendimento, sem mais detalhes.
Pomme D'Or;-1.45769691467285;-48.4946556091309;Especialidade: buffet (rodízio), churrasco. Avaliações descrevem self-service com churrasco dentro do Shopping Pátio Belém, com boa variedade no buffet, ambiente agradável com telão de esportes, atendimento atencioso e preços justos. Uma aponta poucas opções de cortes de carne. Citado como bom para almoçar sozinho, a dois ou em família.
Ponto X;-1.16386753320694;-48.4729194641113;Especialidade: hambúrguer. Avaliações divididas sobre a hamburgueria em Mosqueiro. Parte elogia lanches bem feitos, atendimento rápido, ambiente climatizado com música, cardápio variado com opção fitness, vegana e combo kids, bom para família e amigos. Outras reclamam de espera de mais de uma hora, descaso no atendimento, lanche frio, porção pequena e ambiente improvisado.
Pop Combos Delivery;-1.4687625169754;-48.4622535705566;Especialidade: lanchonete. Avaliações divididas sobre o delivery. Algumas elogiam lanches gostosos, hambúrguer suculento e entrega rápida com informação sobre o pedido. Outras relatam pedidos pagos por pix que demoraram horas ou não chegaram, sem resposta da loja.
Porão do Índio;-1.46118527650833;-48.5046463012695;Avaliações curtas e positivas, citando lugar agradável e música boa.
Porco Voador Belém;-1.44239842891693;-48.4806938171387;Avaliações em português elogiam ambiente agradável, comida gostosa e bom atendimento, inclusive para comemoração de casal. Uma avaliação em inglês critica comida medíocre, com arroz sem tempero e costela seca, e música ao vivo incômoda e sem pausas.
Porpino Burger;-1.44613409042358;-48.48974609375;Especialidade: hambúrguer. Avaliações curtas e positivas elogiam a comida e a equipe, citam cardápio em inglês e chamam de melhor hambúrguer.
Porpino Burger;-1.44241464138031;-48.4880409240723;Especialidade: hambúrguer, vegetariana, cervejaria. Avaliações elogiam bastante os hambúrgueres, as entradas, os drinks, o milk-shake e a recepção da equipe, com luvas para comer. Duas apontam preço alto, uma delas dizendo que é caro pelo que entrega.
Portal Burgueres;-1.47123336791992;-48.4946098327637;Especialidade: hambúrguer, lanchonete. Uma única avaliação curta e positiva, sem detalhes.
Portão 15;-1.37408602237701;-48.4566307067871;Especialidade: hambúrguer. Avaliações elogiam hambúrgueres saborosos e bem servidos, molho especial, embalagem e entrega pelo delivery e atendimento atencioso. Uma lamenta que não funcione mais dias.
Porteño;-1.45398890972137;-48.4908790588379;Avaliações elogiam empanadas e choripán, molhos e o drink tinto de verano, com equipe simpática que explica o cardápio e preço justo. Citam ambiente pequeno e agradável e facilidade para estacionar. Ponto negativo citado é não ter sucos, só refrigerante.
Porto da Braz Restaurante;-1.45408475399017;-48.4841079711914;Avaliações descrevem bar e restaurante com decks e mesas na calçada, música ao vivo, petiscos, filé e feijoada, cerveja gelada e boa localização. Elogiam atendimento e preços justos na maioria. Há críticas à música ao vivo alta, a atendimento demorado e a petiscos caros.
Porto da Palha;-1.4747109413147;-48.4717979431152;Avaliações curtas, a maioria positiva e sem detalhes, e uma em inglês recomenda evitar.
Porto do Açaí;-1.47641444206238;-48.4934921264648;Avaliações curtas dizem que o espaço foi revitalizado, está limpo e adequado para compra e venda de açaí.
Porto Solamar;-1.42955529689789;-48.4916801452637;Avaliações curtas e positivas citam boa música, pôr do sol bonito e o lugar como point do reggae.
Porto Ver-o-Rio;-1.43516612052917;-48.4933929443359;Avaliações descrevem restaurante regional em um barco atracado, com vista para o rio, música ao vivo e DJ no happy hour, cerveja gelada e petiscos elogiados. Apontam preço um pouco alto e, numa visita, falta de recepção e demora para conseguir atendimento do garçom.
Pousada Acaso;-1.30062073469162;-48.4884300231934;Avaliações majoritariamente negativas, citando desorganização, quartos sujos, velhos e com mofo, informações desencontradas e atendimento ruim. Uma diz que funciona mais como motel do que pousada. Há um elogio ao lugar arejado e às opções de pratos e uma queixa de filé duro.
Pousada Afro-Indigena;-1.22107094526291;-48.5520477294922;Uma única avaliação diz que é muito legal e que dá para ficar de olho nos filhos sem preocupação.
Pousada AldeiA Cotijuba;-1.24566376209259;-48.5640640258789;Avaliações elogiam a pousada à beira da praia em Cotijuba, bangalôs limpos, comida do restaurante, cerveja gelada, preço justo e a acolhida do dono e da equipe. Uma crítica forte fala de suítes sujas, falta de arrumação e café da manhã fraco, e outra aponta frigobar sem abastecimento e serviço que encerra às 22h.
Pousada Amigos;-1.25735825300217;-48.4692001342773;Só duas avaliações, curtas e positivas: dizem que fica de frente para a praia grande e que o atendimento é sempre excelente.
Pousada Bahia;-1.26525753736496;-48.5639266967773;Avaliações divididas, com predomínio de críticas: reclamam de banheiro em más condições, colchões e roupa de cama velhos, mofo, ar-condicionado antigo e barulhento, falta de toalha e sabonete e festa do proprietário à noite. Uma avaliação elogia como pousada simples, aconchegante e tranquila em frente à praia do Farol, com quartos limpos e que aceita pets.
Pousada Bom Sossego;-1.26319026947021;-48.5612907409668;Avaliações descrevem um lugar tranquilo e familiar, com piscina modesta e cozinha bem equipada, elogiando a acolhida da dona e das funcionárias e o café da manhã. Há críticas a problemas de manutenção: falta de água frequente, chuveiro e descarga com defeito, ar-condicionado fraco e cheiro de mofo no quarto. Um hóspede relata piscina fechada à noite por reunião da igreja da proprietária.
Pousada Calypso;-1.47420120239258;-48.4685478210449;Avaliações curtas e sem detalhes sobre hospedagem. Uma diz que a pousada hoje se chama Condomínio José Bonifácio, com 14 residências e espaços para alugar, e que o dono precisa tratar melhor as pessoas. Outra afirma que o lugar não existe mais e outra reclama de falta de água às vezes.
Pousada Castanheira;-1.40584725141525;-48.4314460754395;Avaliações divididas e curtas. Há quem diga que é muito bom para relaxar e recomende, e uma lembrança afetiva de quem é neto da dona. As críticas falam em camas e cobertas rasgadas, uma só toalha para o casal e lugar sujo e insalubre.
Pousada Céu;-1.22147578001022;-48.5540885925293;Avaliações elogiam o ambiente limpo, calmo e acolhedor, a vista para a água, o quintal grande e bonito a poucos passos da praia, a comida e a recepção dos donos. Descrevem como bom para famílias, casais e grupos grandes, incluindo um grupo de 30 amigos e uma viagem missionária de igreja. Uma avaliação achou as camas duras.
Pousada Da Berna;-1.2220886349678;-48.549373626709;Avaliações descrevem hospedagem simples perto da praia do Vai-Quem-Quer, com acolhida calorosa dos proprietários, quartos de casal com ar-condicionado ou ventilador e aceitação de pets. As opiniões se dividem: há quem ache limpa, aconchegante e com bom café da manhã, e há quem considere o quarto ultrapassado, o banheiro ruim, a limpeza mediana e o café da manhã fraco para o preço.
Pousada da Didi;-1.44147461652756;-48.4804267883301;Avaliações divididas. Elogiam a localização, perto de restaurantes e de hospital, a cozinha compartilhada e a dona prestativa, servindo para estadia básica. As críticas são fortes: cheiro de mofo, falta de água, chuveiro e lâmpada que não funcionam, ar-condicionado só de enfeite, taxa de limpeza e relatos de dificuldade para receber reembolso de reservas pagas direto à proprietária.
Pousada do Alemão;-1.13141483068466;-48.4524688720703;Avaliações descrevem pousada bonita e aconchegante, de ambiente familiar e tranquilo, com piscina, churrasqueira, cozinha compartilhada equipada e estacionamento, a cerca de 200 m da praia, elogiando o atendimento do gestor. Há reclamações de piscina indisponível durante a estadia, falta de café da manhã, preço alto e um relato de centopeia na cama por falta de higienização.
Pousada Dos Tucanos Em Mosqueiro Beach;-1.07348519563675;-48.4001960754395;Especialidade: balada. Avaliações descrevem pousada de ambiente familiar em frente à praia, limpa e organizada, com área ampla, piscina com escorrega, parquinho, área de jogos, redes e muitas plantas. Elogiam o café da manhã, o restaurante com preço justo e o atendimento dos proprietários e funcionários. Uma avaliação observa que não é a mais barata.
Pousada e Restaurante Natus Burguer;-1.25068962574005;-48.458553314209;Avaliações falam do restaurante: ambiente tranquilo e familiar com vista para o rio e pôr do sol, bom atendimento, cerveja gelada, banho de praia e música ambiente em volume baixo, diferente dos bares da região. A maioria acha os preços bons e a comida bem servida. Uma avaliação critica piso precisando de reparos, banheiros pouco asseados e porções pequenas para o valor.
Pousada Eliza Maria;-1.26731771230698;-48.5623474121094;Poucas avaliações, todas positivas: elogiam o atendimento e a simpatia da dona, a organização, a limpeza e o conforto.
Pousada Hanayra;-1.24493932723999;-48.5635643005371;As avaliações lidas são todas muito negativas: relatam quartos e chalés sujos e com mofo, banheiro imundo, toalhas e lençóis sujos, travesseiros rasgados, ar-condicionado e frigobar que mal funcionam, falta de papel higiênico, muitas moscas, comida ruim e atendimento com má vontade. Vários hóspedes dizem ter tido alergia e mal conseguido dormir.
Pousada I Love Timbó;-1.44131356477737;-48.4573402404785;Avaliações tratam o lugar como motel. Há quem ache o local incrível e frequente há tempos, mas as avaliações com texto reclamam do atendimento: recepcionista e funcionária descritas como grossas e mal-educadas, preço diferente do divulgado nas redes sociais, demora para trazer a conta e caipiroska servida desmontada. Duas avaliações dizem apenas top.
Pousada Ipe - Cotijuba;-1.22091692686081;-48.5492401123047;Avaliações descrevem lugar simples na beira da praia, limpo, organizado e tranquilo, com banheiro no quarto e contato com a natureza. O ponto mais elogiado são os anfitriões, atenciosos e divertidos, que deixam o hóspede à vontade inclusive para usar a cozinha. Citam também a comida saborosa e o nascer e pôr do sol na areia.
Pousada Lene;-1.07295995950699;-48.3994903564453;Avaliações divididas. As positivas falam em pousada de frente para a praia, bem higienizada, com suítes confortáveis, área de lazer com jogos e boa receptividade. As negativas dizem que está em descaso, que a recepção foi sem gentileza, que não há café da manhã nem comércio próximo por ser local isolado e que cobram adicional por criança.
Pousada Love lomas;-1.43585741519928;-48.4525032043457;Quatro avaliações são de uma palavra, entre ok, show e regular. A única com texto é negativa: critica o atendimento, o estacionamento com a mesma entrada de vaga para dois quartos, quarto sujo, lençol rasgado, cama desconfortável e aparelhos com defeito.
Pousada Marauê;-1.06901806592941;-48.3926200866699;Avaliações descrevem lugar sossegado, seguro e voltado a famílias e a quem gosta de natureza, com praia quase privativa sem ambulantes, piscina, churrasqueiras, mini bosque e estrutura razoável para eventos. Os quartos são simples e espaçosos. As críticas: falta de café da manhã, restaurante ruim ou fechado, nenhum comércio próximo e hóspedes com som alto.
Pousada Marta e Gil;-1.1328934431076;-48.4530258178711;As avaliações lidas são na maioria muito negativas: relatam quartos úmidos com forte cheiro de mofo, camas e colchões velhos, lençóis gastos, banheiros precários, piscina suja, ar-condicionado sem funcionar e falta de sabonete e papel higiênico. Famílias dizem ter saído sem conseguir ficar e sem reembolso. Pontos positivos citados: localização, piscina e, em uma avaliação, bons anfitriões e preço.
Pousada Matapi;-1.26602762937546;-48.5616111755371;Avaliações descrevem lugar bonito, organizado e de ambiente família, com quartos confortáveis, piscina e animais como gansos e patos. Há críticas ao preço considerado salgado, à proibição de entrar com itens de fora, ao café da manhã só com café e pão e ao fato de o proprietário sair às 20h, quando fecham a piscina, o acesso à praia e a venda de bebidas.
Pousada Point da Ilha;-1.22090017795563;-48.549934387207;Avaliações elogiam a comida saborosa e barata, com destaque para o peixe frito, as cervejas geladas e os sucos naturais, além dos banheiros limpos e do atendimento acolhedor e respeitoso. As acomodações são descritas como simples, mas limpas e organizadas, com bela vista. Uma avaliação avisa que a maré sobe até as cadeiras à tarde.
Pousada Porto Arthur;-1.12608402967453;-48.4485855102539;Avaliações divididas. Parte elogia a arquitetura rústica, a localização de frente para a praia, a piscina, o estacionamento, a aceitação de pets e a recepção atenciosa. Outra parte relata local com aspecto abandonado, quarto sujo e com mau cheiro, frigobar quebrado, café da manhã ruim, diária alta na temporada e devolução de só metade do valor após cancelamento.
Pousada Porto do Amor;-1.43230676651001;-48.4912986755371;Avaliações mistas e em geral curtas. Há quem ache o lugar bom ou regular. Uma avaliação relata péssima experiência, com quarto ruim, banheiro sujo, água do chuveiro com mau cheiro e café da manhã fraco, sem valer o preço. Outra reclama do painel de luz, TV e ar condicionado que não funciona.
Pousada Portuguesa;-1.45931541919708;-48.4819450378418;Avaliações divididas. Algumas descrevem o lugar como limpo, cheiroso, tranquilo e discreto. Outras reclamam de fronhas sujas, cheiro de cigarro, chuveiro elétrico que não funciona, quarto pequeno só com a cama, falta de tomada e atendimento grosseiro na recepção. Uma avaliação diz que não são permitidas visitas no quarto.
Pousada QuartoCrescente;-1.22189313173294;-48.5523452758789;Avaliações muito positivas sobre a proprietária, descrita como gentil e atenciosa, o café da manhã bem servido com frutas e sucos, os chalés, o redário e o acesso direto à praia. Os quartos têm ar condicionado e frigobar e há opções para vários bolsos. O ambiente é descrito como simples, aconchegante, tranquilo e seguro, numa parte mais calma da praia.
Pousada Real;-1.30156004428864;-48.4513359069824;Só duas avaliações com texto. Uma reclama de banheiro horrível e ar condicionado que não funcionava direito e não recomenda. A outra é um elogio curto, sem detalhes.
Pousada Recanto da Ilha;-1.12392753362656;-48.4321899414062;Avaliações curtas e positivas, sem detalhes.
Pousada Rios;-1.26596927642822;-48.5636558532715;Avaliações bem divididas. Parte elogia a localização perto do porto de Cotijuba e da Praia do Farol, os donos simpáticos e as acomodações simples, sem luxo, mas limpas. Outra parte relata quarto imundo e com mofo, banheiro sem porta e sem luz, colchão e travesseiros em péssimo estado e recusa em devolver a diária paga.
Pousada Senador;-1.11886996030807;-48.4376564025879;Avaliações positivas, em sua maioria curtas. Uma descreve o lugar como limpo e bem organizado, com piscina limpa, café grátis pela manhã e geladeira com refrigerantes e água na área comum, mas sem café da manhã completo nem opções de comida.
Pousada Tapejara Sol e Lua;-1.22183358669281;-48.5525817871094;Avaliações elogiam a recepção calorosa da proprietária, os quartos pequenos mas confortáveis, separados uns dos outros, com banheiro, ar condicionado, TV e frigobar, e o fundo da pousada que dá direto na praia. O lugar é descrito como limpo, aconchegante e tranquilo, sem som alto, com equipe respeitosa e café da manhã satisfatório.
Pousada VIP Boaventura;-1.44584739208221;-48.4730262756348;Avaliações mistas. Há elogios ao quarto pequeno mas confortável e bem equipado, com espelho grande e box transparente, à limpeza e ao preço acessível. As críticas citam chão escorregadio após o banho, cheiro de cigarro, banheiro pequeno, TV e som que não funcionam, ar condicionado fraco, quedas de energia e garagem descuidada. Uma avaliação diz que já foi bom e piorou.
Praça Brasil Belém Pa;-1.43779492378235;-48.4861488342285;Avaliações curtas e positivas, sem detalhes.
Praça Central do Conj Pedro Teixeira;-1.34925377368927;-48.4489479064941;Avaliações descrevem uma praça agradável, bem ventilada e iluminada, com ambiente familiar e boa para lazer e passeio com crianças.
Prajá Gastronomia;-1.43764090538025;-48.4740600585938;Especialidade: drinks, gastropub. Avaliações descrevem um bar e restaurante com quatro ambientes climatizados e show ao vivo, bom para ir com amigos. Elogiam a comida, os espetinhos e tira-gostos, o preço e o atendimento. As críticas citam a área do show apertada, poucos garçons para a demanda e estacionamento pequeno, sem manobrista.
Privilege Restô;-1.45904898643494;-48.4892311096191;Especialidade: buffet (rodízio). Avaliações positivas e em geral curtas. Elogiam a comida boa a preço justo e o lugar bonito. Uma delas diz que fica cheio aos sábados, com música ao vivo, e que a equipe se esforça para ajudar mesmo falando só português.
Produtos Do Trigo;-1.43312907218933;-48.4502639770508;Especialidade: padaria. Avaliações curtas, sem detalhes. Uma fala em produtos de qualidade e outra apenas pede o contato da empresa.
Profundo by SRB;-1.45781517028809;-48.4866104125977;Avaliações curtas, quase todas só citando o nome do garçom que atendeu. A única com texto elogia o atendimento atencioso, educado e profissional de um garçom.
Psy Burger;-1.4599312543869;-48.4718170166016;Avaliações elogiam o ambiente bonito, rústico, organizado e aconchegante, o atendimento, os hambúrgueres artesanais, os molhos e a batata frita crocante. Citam cardápio variado, porções grandes, preços em conta e promoções durante a semana. Uma avaliação diz que deu para comer e assistir a um jogo com tranquilidade.
Pub Cine Aventura;-1.45527470111847;-48.4831352233887;Avaliações são todas críticas. Reclamam de calor excessivo, banheiros sujos ou quebrados, mau cheiro, sensação de insegurança, cabines desconfortáveis e dark room muito pequeno. Uma delas diz que a recepção responde com grosseria. Há quem ache que o espaço poderia ser bem melhor.
Pub Mônaco;-1.35554122924805;-48.4530563354492;Avaliações mistas. Há elogios à comida, ao atendimento, à organização, à cerveja bem gelada e ao músico ao vivo que atende pedidos do público. Uma avaliação de entrega reclama de comida fria e atendimento grosseiro pelo WhatsApp. Outra achou a experiência mais ou menos.
Pulsarsttudio;-1.46031624078751;-48.4721755981445;Avaliações falam de um estúdio de ensaio e gravação para músicos, elogiando os equipamentos de qualidade, o ambiente amplo, confortável e refrigerado e o atendimento.
Purão Vegano;-1.4518955;-48.4984116;Especialidade: vegana, vegetariana. Avaliações muito positivas sobre a comida vegana caseira, bem temperada e com ingredientes frescos, como a moqueca de legumes e as sobremesas. Descrevem ambiente aconchegante e limpo e atendentes simpáticas. Funciona com buffet à vontade ou por quilo e aceita encomendas. Uma avaliação achou o preço um pouco alto.
Puro Sabor;-1.40119314193726;-48.4606552124023;Especialidade: lanchonete. Avaliações em geral positivas. Uma detalha mesas limpas, grande variedade de comidas e sobremesas, serviço rápido e educado e comida quente e crocante, com bom custo-benefício, mas reclama do calor por não haver ar condicionado. Outra diz que o atendimento é pouco simpático.
QG Nemesis;-1.4553474187851;-48.4962348937988;Avaliações descrevem uma lan house com bons computadores, boa internet, lanche à venda e ambiente quase sempre tranquilo, boa para jogar e encontrar amigos. Há ressalvas sobre segurança, com pouco controle de entrada, arredores perigosos e relatos de roubo. Também reclamam de música alta e de um atendimento ruim.
QG Pub;-1.30448389053345;-48.485221862793;Só duas avaliações com texto, ambas positivas. Uma descreve o lugar como muito agradável para tomar uns drinks.
QG1;-1.43240630626678;-48.4706649780273;Avaliações descrevem uma lan house para jogos, com computadores bons, conforto e funcionários atenciosos, boa para ir sozinho ou com amigos e que também recebe eventos. Uma avaliação reclama de cadeiras com defeito e internet lenta em alguns momentos. Outra diz que estava lotado.
Quadra da Prefeita;-1.47305572032928;-48.4645385742188;Especialidade: balada. Avaliações descrevem um bom ambiente para ouvir e dançar marcantes, embora fique longe da pista principal. Há críticas repetidas à conservação: dizem que a quadra não foi reformada, que falta investimento e cuidado, e um avaliador a descreve como abandonada.
Quattro Amici Forneria Artesanal;-1.46233081817627;-48.4930191040039;Especialidade: padaria. Avaliações descrevem uma forneria de pães de fermentação natural, como italianos e multigrãos, além de cookies, com qualidade elogiada. Dizem que os pedidos são feitos por WhatsApp e Instagram, com entregas geralmente às sextas. Uma avaliação elogia o atendimento gentil, o lugar agradável e cita uma cafeteria ao lado que usa a produção.
Qué Chido - Tex-Mex Food;-1.44363009929657;-48.4804573059082;Avaliações elogiam a comida tex-mex, que um avaliador texano considera autêntica, com destaque para quesadillas e burritos, além de Corona e drinks com tequila. Contam que o pedido é feito por tablet, sem serviço de mesa, e que o combo com chips e bebida é pago à parte. Um avaliador sente falta de jalapeños.
Queiroz Lanches;-1.44762706756592;-48.4554176330566;Especialidade: lanchonete. Uma única avaliação, que elogia os lanches e o preço justo.
Quilombo Bar e Restaurante;-1.42728704214096;-48.4894943237305;Especialidade: balada. Avaliações descrevem um ambiente agradável para encontrar amigos nos fins de semana, ao som de reggae roots e rock, com cerveja gelada e público amigável. Um relato da inauguração cita poucas opções de comida, demora no pedido e casa tão cheia que o espaço ficou pequeno, mas ainda avalia o lugar como bom.
Quintal da Martini;-1.43655920028687;-48.4871025085449;Especialidade: pizza. Avaliações descrevem um lugar aconchegante e bem decorado, com quintal ao ar livre e área coberta, música ao vivo, público jovem e animado. Elogiam a pizza de massa fina e crocante no forno a lenha, os drinks, a cerveja artesanal, o vinho e o atendimento. Um avaliador gostaria de mais variedade de petiscos.
Quintal da Rizzo;-1.4615490436554;-48.4902076721191;Avaliações destacam o samba ao vivo animado, a cerveja gelada, os preços justos e o ambiente simples e acolhedor. As críticas se repetem: espaço fechado e quente, com pouca ventilação, som abafado durante a música ao vivo e dificuldade para estacionar. Há relatos de comida que chegou fria e de atendimento que deixa a desejar.
Quintal Do Miau;-1.40506994724274;-48.4485778808594;Especialidade: frutos do mar, música ao vivo. Avaliações de tom misto. Elogiam o ambiente simples e rústico, com decoração regional e clima de quintal de família, a cerveja gelada, os espetinhos e a música ao vivo. Há críticas duras: sujeira perto das mesas, espera de uma hora por comida sem graça, taxa de banda de 10 reais por pessoa, banheiro sem papel e atendimento a melhorar.
Quinthales;-1.45320272445679;-48.4665069580078;Avaliações descrevem um bar simples, com clima de festinha de quintal, bem iluminado, tranquilo e bom para conversar com amigos e tomar cerveja. Elogiam o sanduíche de pernil, as opções veganas, a música e os preços. Ressalvas de um avaliador: cheiro forte de gato, pois há vários gatos no local, poucas opções de drinks e muitos mosquitos na área aberta.
Quiosque Chuvisco do Bosque;-1.43095469474792;-48.4550857543945;Especialidade: sorvete, doces. Uma única avaliação, que cita sorvete gostoso e lugar tranquilo.
Quiosque do Lugui;-1.44211661815643;-48.4804801940918;Avaliações descrevem um ambiente agradável e climatizado, bom para reunir amigos e ver jogos, com chope bem gelado, promoções em dobro e happy hour. As opiniões sobre a comida se dividem: há elogios ao torresmo com macaxeira e à parmegiana, e uma crítica dura à picanha, fina e dura. Um avaliador diz que esperava mais e outro acha que a banda deve deixar o salão barulhento.
Quiosque do Sergio;-1.43859851360321;-48.4638557434082;Especialidade: café. Avaliações recomendam o lugar para café da manhã ou da tarde, com destaque para a tapioca molhada, o cuscuz e o café. Elogiam o ambiente arejado e limpo sob as árvores, as atendentes atenciosas e os preços justos. Um avaliador avisa que domingo é movimentado e o pedido demora.
Quitanda Bolonha;-1.45221531391144;-48.5029373168945;Especialidade: lanchonete. Avaliações situam o restaurante dentro do Mercado de Carne, no Ver-o-Peso, com aparência simples e comida regional elogiada, como búfalo com queijo do Marajó, filhote e bolinho de pato com tucupi, além de atendimento atencioso. Ressalvas: cobrança de uma moqueca mais cara que a pedida, porções pequenas para o preço segundo um avaliador e receio com a higiene por causa das obras no mercado.
Quituteria Albuquerque's;-1.44161832332611;-48.4691467285156;Especialidade: doces, chá, café. Avaliações de tom misto. Há elogios aos pratos típicos paraenses, como o escondidinho de camarão, ao bolo red velvet e ao ambiente bonito com música baixa. Vários relatos apontam queda de qualidade: café ruim e caro, demora no atendimento, baratas no banheiro e cheiro de mofo. Um ex-cliente diz que o lugar já foi muito melhor.
Radisson Hotel Maiorana Belém;-1.4548835;-48.4877217;Avaliações elogiam a localização, a pé do Ver-o-Peso e da Estação das Docas, o café da manhã e a simpatia de parte da equipe. Há críticas de hóspedes: piscina e academia fora de uso, mofo, só um elevador funcionando, água do frigobar cobrada sem aviso, falta de troco, barulho de funcionários no corredor e segurança que não agiu diante de assédio de terceiros na calçada.
Raízes Café;-1.43611168861389;-48.4625549316406;Especialidade: café, doces. Avaliações descrevem um café pequeno, bem decorado e tranquilo, com música baixa e bom atendimento. Elogiam itens com ingredientes amazônicos, como torta de bacuri com cumaru, beiju e bolo de macaxeira, além do café coado e do pão da casa. Ressalvas: pratos de barro lascados e falta de estacionamento. Uma avaliação cita um espaço de yoga e qi-gong.
Raízes Pluc;-1.46565282344818;-48.4988441467285;Avaliações descrevem um ambiente agradável e aconchegante, com música ao vivo, bebida bem gelada e atendimento excelente. Elogiam as porções e petiscos, com destaque para o camarão empanado e o churrasco de bom preço.
Rancho;-1.46880483627319;-48.4903221130371;Avaliações identificam o lugar como o barracão da escola de samba Rancho Não Posso Me Amofiná, no Jurunas, onde a escola se organiza e promove eventos. Um avaliador foi a uma festa de flashback e gostou das músicas e das bebidas geladas, mas achou o salão abafado e quente. Outro o chama de lugar familiar do bairro.
Re Canto Pub;-1.34478402137756;-48.4452629089355;Uma única avaliação, curta e positiva, sem detalhes.
Rebuw club;-1.44135856628418;-48.4853324890137;Avaliações de tom misto. Elogiam a comida e os drinks, como quesadilla e calabresa recheada, e uma delas fala em proposta linda e necessária, com gente alegre e livre. Três relatos criticam duramente o atendimento: reserva de aniversário desrespeitada, atendentes grosseiras e aos gritos, demora, banheiros sujos e área interna sem climatização que lota quando chove.
Recanto da Fome;-1.46387898921967;-48.4585990905762;Especialidade: churrasco. Avaliações curtas e positivas, elogiando o churrasco, o sabor e o atendimento.
Recanto Pedreirense;-1.42437970638275;-48.4698753356934;Avaliações descrevem um boteco raiz e aconchegante na Pedreira, atendido pelos próprios donos, com boa conversa, histórias antigas do bairro, tira-gosto e brega saudade tocando. Uma avaliação informa que a casa passava por nova administração e preparava novo cardápio de tira-gostos.
Rede Andrade Docas;-1.45185971260071;-48.4988327026367;Avaliações descrevem um hotel decente e bem localizado para estadias rápidas, com equipe educada que fala pouco inglês. Uma avaliação longa é bem negativa: quarto úmido e com cheiro de mofo, ar-condicionado sem controle, TV sem sinal e banheiro minúsculo, salvando só a recepção. As opiniões sobre o café da manhã se dividem.
Rede de Pescador Restaurante e Peixaria;-1.47061216831207;-48.4762687683105;Especialidade: frutos do mar. Avaliações elogiam os peixes e frutos do mar, como dourada grelhada e caldeirada de filhote com camarão e caranguejo, as porções grandes para dividir, o ambiente amplo e climatizado, o preço e o atendimento, e indicam para ir em família. Uma avaliação destoa: peixe salgado, arroz frio, equipe distraída com futebol e poucas opções para quem vai sozinho.
Reduto das Carnes;-1.44233882427216;-48.4903030395508;Avaliações descrevem casa de carnes onde o cliente escolhe o corte e pede para assar na hora, com vinagrete e farofa. Elogiam ambiente limpo e confortável, atendimento e variedade, servindo para ir com amigos, em casal ou só. Há uma crítica forte de cliente antigo à qualidade recente da carne, descrita como dura e cheia de nervos.
Refúgio dos Anjos;-1.46713423728943;-48.4626083374023;Especialidade: drinks. Avaliações elogiam o ambiente, a música e o público do bar. Uma diz que o público é mais maduro, acima de 30 anos, e que não é o lugar mais agitado. Outra pede atualização do repertório, que seria o mesmo desde a abertura, mas parabeniza a dona e a equipe. Uma avaliação lembra a casa como um dos primeiros bares GLS que frequentou em Belém.
Reggae No Parque;-1.33600473403931;-48.4349899291992;Especialidade: balada. A única avaliação com texto é negativa: diz que o parque está abandonado, a comida é cara, os funcionários estão desmotivados e que não vale a entrada de 30 reais por pessoa.
Rei da Coxinha Pará;-1.37356561422348;-48.4428558349609;Avaliações elogiam coxinhas fritas na hora, com massa tradicional ou de macaxeira e vários sabores, além de pastéis. Descrevem ambiente aconchegante, bem localizado, bom para família ou casal, com atendimento cordial. Há uma reclamação de pastel de camarão caro para a pouca quantidade de recheio.
Rei da Pizza;-1.35621672868729;-48.4552955627441;Especialidade: pizza. Avaliações elogiam o sabor da pizza e o preço acessível, citando como bom lugar para amigos e família. Há críticas ao atendimento, descrito como confuso, à massa fina e ao fato de a entrega ser feita só pelo iFood sem que isso esteja informado.
Rei do Bacalhau;-1.45232331752777;-48.5005760192871;Especialidade: lanchonete, brasileira. Avaliações curtas e positivas. A única com detalhes elogia a comida, especialmente o peixe, menciona que dá para levar para viagem e acha o preço um pouco alto.
Rei Do Frango VIP Marambaia;-1.40488243103027;-48.4630928039551;A única avaliação com texto diz que é o frango mais barato da cidade.
Rei do Mate;-1.39088928699493;-48.4656066894531;Especialidade: café. Avaliações lidas são majoritariamente negativas. Reclamam de café e lanches frios, demora mesmo com a loja vazia, produtos sem sabor ou velhos, atendimento confuso e preços altos para o que é servido. Uma avaliação mais neutra diz que é um bom lugar para uma pausa rápida, mas achou o cappuccino doce demais.
Rei do Mate;-1.44564080238342;-48.4889221191406;Especialidade: café, chá. Avaliações são mistas. Algumas elogiam lanches feitos na hora, opções integrais e sem glúten, suco e atendentes. Outras reclamam de atendimento de má vontade, shake azedo sem solução oferecida e fatia de bolo que parecia mordida. O espaço é descrito como pequeno, com poucas mesas, e o preço como na média do shopping.
Rei do Mate;-1.45788788795471;-48.4951362609863;Especialidade: café, chá. Avaliações lidas são na maioria negativas. Reclamam de funcionários que ignoram clientes, espera sem atendimento, produtos diferentes das fotos do cardápio, preço cobrado diferente do anunciado, pães de queijo velhos e mesas sem limpeza. Uma avaliação gostou do mate com limão, embora doce demais, e outra diz que serve para refeições rápidas.
Rei do Pão de Queijo;-1.3897910118103;-48.4798316955566;Especialidade: café. Avaliações falam de lanchonete no aeroporto. O pão de queijo é elogiado por alguns, mas há críticas a sanduíches com pão de má qualidade, falta de preços expostos e péssimo atendimento de madrugada, com atendentes sentadas que mal responderam ao cliente.
Remanso do Bosque;-1.4276282787323;-48.4569129943848;Avaliações descrevem um dos melhores restaurantes de Belém, com comida regional criativa, lugar bonito e pratos como filhote e canapés de tapioca. Os preços são considerados altos e recomenda-se reservar. Há críticas ao serviço: cobrança diferente do cardápio, falta de menu em inglês e um evento em que a comida foi insuficiente e o atendimento desrespeitoso.
Remanso do Peixe;-1.43233239650726;-48.464656829834;Especialidade: frutos do mar, brasileira. Avaliações elogiam muito a comida, com destaque para a moqueca de filhote e a farofa de caranguejo, e o atendimento simpático mesmo com quem não fala português. Descrevem restaurante escondido em rua residencial, sem muita sinalização, considerado seguro, com salão no andar de cima em clima simples e amazônico.
Resenha Prime Bar e Restaurante;-1.44592952728271;-48.4613037109375;Avaliações são curtas e positivas. As que dão detalhes citam preços bons, música com rock, telão para assistir jogos, cerveja bem gelada, ambiente agradável e banheiro limpo.
ReservAmazonForest Hotel;-1.33811438083649;-48.4406356811523;Avaliações descrevem hotel de chalés rústicos em meio à natureza, com pássaros e macacos, a cerca de 30 minutos do centro. Elogiam equipe da cozinha, café da manhã e limpeza, e um casal conta que decoraram o quarto no dia do casamento. Há críticas à recepção impaciente e à falta de manutenção, com mofo, cheiro de naftalina e piscina sem água.
Résidencia Karimbo Amazonia;-1.44928503036499;-48.4938545227051;Avaliações descrevem hospedagem muito simples e caseira, com dono francês simpático que mora no local, e elogiam a localização central e a honestidade dos anfitriões. Há críticas à limpeza e organização: quarto escuro e sem janela, barata, colchões velhos, cheiro de umidade, café da manhã básico e um cachorro circulando nas áreas comuns.
Residencial Dom Fernando;-1.34774070978165;-48.4585227966309;Avaliações são mistas e tratam de hospedagem em kitnets. Algumas elogiam o dono, a tranquilidade, a cozinha disponível e o comércio próximo. Outras reclamam de cheiro de mofo, baratas, paredes finas com barulho de outros quartos e de ninguém atender ligações nem a porta. Citado como útil para quem vai pegar a balsa para o Marajó.
Restaurante | Pizzaria - A Gosto;-1.33721548318863;-48.4684600830078;Especialidade: buffet (rodízio), hambúrguer, churrasco. Avaliações elogiam comida simples e saborosa, bom tempero, preço em conta, limpeza e atendimento atencioso. Descrevem ambiente agradável, aconchegante e seguro para fazer refeições.
Restaurante Avenida;-1.45233237743378;-48.4830017089844;Especialidade: buffet (rodízio). Avaliações descrevem restaurante tradicional de pratos típicos do Pará, com ambiente clássico, elegante e climatizado e vista para o Santuário de Nazaré. Elogiam a comida, as porções generosas, o atendimento dos garçons e a localização, com preços considerados normais.
Restaurante Avuado;-1.43991243839264;-48.4858551025391;Especialidade: brasileira, frutos do mar. Avaliações elogiam o lugar bonito, o atendimento e a comida, e destacam uma mesa montada sobre um aquário grande com tambaquis. Uma avaliação achou o prato avuado pouco saboroso.
Restaurante baffus grill ltda;-1.44449901580811;-48.4692497253418;Especialidade: lanchonete. Avaliações descrevem almoço de comida simples e saborosa, com preço acessível e porções muito generosas. A crítica é a fila grande no horário de almoço, com espera em pé na entrada, porque a mesma pessoa serve e recebe o pagamento.
Restaurante Banana Beach;-1.13348865509033;-48.4601936340332;A maioria das avaliações elogia tempero, atendimento, preço justo e clima tranquilo e familiar à beira da praia, citando também passeio de banana boat. Uma avaliação é bastante negativa: comida requentada e sem sabor, carne dura, dono que tratou mal os clientes, banheiro sujo e estrutura precária.
Restaurante Belo Sabor;-1.44253385066986;-48.4613037109375;Avaliações elogiam comida caseira saborosa e bem temperada, preço acessível, equipe atenciosa e ambiente climatizado, limpo, organizado e aconchegante.
Restaurante Biribah;-1.40242981910706;-48.4710159301758;Avaliações curtas e positivas, uma delas descrevendo o lugar como agradável e aconchegante.
Restaurante Bistrô da Amazônia;-1.45009005069733;-48.4968910217285;A única avaliação descreve restaurante de almoço para trabalhador, em que se escolhe a proteína, em duas porções generosas, com macarrão, arroz e feijão à vontade, mais salada e batata. Elogia a comida boa e a grande quantidade e recomenda.
Restaurante Bom Apetite;-1.45078730583191;-48.4981498718262;A única avaliação com texto diz que o local é agradável, com bom atendimento e boa comida.
Restaurante Brasileirinho;-1.45931959152222;-48.4860343933105;Especialidade: brasileira. Avaliações elogiam o ambiente bonito e descrevem restaurante familiar pequeno, mas as mais detalhadas são críticas. Reclamam do atendimento e da postura do proprietário e de pratos sem tempero ou gordurosos para o preço cobrado, e uma pessoa relata ter passado mal depois do almoço.
Restaurante Brazzeiro Mix;-1.361985206604;-48.426628112793;Avaliações divididas. Parte elogia comida simples e caseira, preço atrativo, higiene, simpatia da equipe e praticidade para o almoço do dia a dia. Há reclamações fortes sobre o delivery, com pedidos errados ou incompletos, comida sem tempero, carne seca e valor alto pelo que foi entregue.
Restaurante Caçarola;-1.45100021362305;-48.4724159240723;Especialidade: buffet (rodízio), brasileira. Avaliações descrevem buffet a quilo e prato feito com boa variedade de proteínas, saladas, sobremesas e opções vegetarianas, comida saborosa e salão ventilado com TVs. Um avaliador acha que o preço poderia ser um pouco menor. Parece servir para almoço.
Restaurante Calamares;-1.45075714588165;-48.4826583862305;Especialidade: pizza. A única avaliação com texto diz que as pizzas são boas e que o custo-benefício vale a pena.
Restaurante Campina Grill;-1.45353829860687;-48.4981727600098;Avaliações curtas e positivas, elogiando a comida, com destaque para o arroz.
Restaurante Cantinho de Minas;-1.43772280216217;-48.4649467468262;Avaliações elogiam comida saborosa e bem servida, preço acessível, atendimento atencioso do dono e ambiente simples e confortável. Citam a costelinha aos sábados e o estacionamento próprio do restaurante.
Restaurante Casa do Peixe;-1.42135882377625;-48.4716491699219;Avaliações elogiam o peixe frito, bem temperado e crocante, o preço baixo, a simpatia de quem prepara os peixes e a facilidade para estacionar perto. Há uma reclamação de quem encontrou o restaurante fechado embora a internet indicasse aberto.
Restaurante Casa do Saulo - Quinta de Pedras;-1.4631781578064;-48.5041770935059;Avaliações elogiam muito a comida, com ingredientes regionais em pratos como carpaccio de pirarucu, tacacá, costela de tambaqui e sobremesas de bacuri e cupuaçu, além dos drinks, da música ao vivo à noite, do ambiente calmo e do atendimento. Uma avaliação avisa que as porções são pequenas. Citam também a hospedagem no mesmo local.
Restaurante Casaverde;-1.491006731987;-48.4619102478027;Avaliações descrevem restaurante de ilha com ambiente familiar, boa decoração, cerveja gelada e espaço para banho de rio. Há quem o considere o melhor da ilha, com preços acessíveis e ótimo atendimento. Outros criticam o serviço, o som ambiente, a pouca variedade de pratos e os valores.
Restaurante Chamego;-1.42502248287201;-48.473690032959;Especialidade: frutos do mar, brasileira. Avaliações elogiam o ambiente arejado, confortável e bem iluminado, o bom atendimento e o cardápio variado de carnes, peixes, caldos e sopas, com destaque para a caldeirada. Os preços são considerados bons no cardápio do dia, e os pratos do menu fixo saem mais caros. Indicado para almoço e jantar em família.
Restaurante Chamego do Júnior;-1.41894268989563;-48.4798698425293;Avaliações elogiam a comida em estilo caseiro, a variedade de pratos, os espetinhos, a pizza e a barca de peixe bem servida, com preços justos e atendimento atencioso, bom para almoço em família. Há uma reclamação de pedido de pizza esquecido, com espera de mais de uma hora e descaso com o cliente.
Restaurante CHAPA MISTA;-1.46983695030212;-48.4877815246582;Avaliações elogiam a comida, com churrasco na chapa e comida caseira, e o bom ambiente. Uma avaliação fala da praça como bom lugar para se divertir com a família, e outra diz que não chegou a provar os pratos.
Restaurante Chapão;-1.45636308193207;-48.4802131652832;Especialidade: asiática, japonesa. Avaliações elogiam a comida oriental em apresentação brasileira, considerada deliciosa. Uma avaliação reclama que a cozinha não é bem isolada do salão e que se sai de lá com cheiro de comida na roupa. As demais são curtas e positivas.
Restaurante combú grill;-1.49547469615936;-48.4613304138184;Especialidade: brasileira. Avaliações elogiam a comida, o atendimento simpático, o contato com a natureza, a cerveja e a caipirinha de jambu. Contam que há piscina, rio e redes, que as crianças aproveitaram e que o local oferece transporte até uma fábrica de chocolate. Uma avaliação pede mais atenção aos banheiros.
Restaurante companhia;-1.3242791891098;-48.4406509399414;Avaliações descrevem restaurante de bairro com comida caseira de qualidade, citando carne assada de panela, sarapatel, peixe frito e sopa de mocotó, com porções condizentes com o preço, higiene e bom atendimento no local. Há crítica ao atendimento do delivery, que demora a responder.
Restaurante Cruzeiro;-1.29513442516327;-48.4897727966309;Especialidade: brasileira. Avaliações bem divididas. Algumas elogiam o ambiente rústico com vista para a orla de Icoaraci, a moqueca e o almoço em família com cerveja gelada, apesar da demora. Há reclamações duras de pratos caros e mal preparados, carne dura ou queimada, comida sem sabor e gerência que não atende às queixas.
Restaurante D. Maria;-1.37755960226059;-48.4378433227539;Especialidade: lanchonete. Avaliações elogiam a comida caseira, com galinha caipira, o bom preço e o serviço de entrega. Uma avaliação critica o aspecto de local sujo, dizendo que parece mais uma birosca do que um restaurante.
Restaurante Da Fatima;-1.40280574560165;-48.4521369934082;Avaliações mistas. Elogiam a comida, em especial o peixe frito de filhote, e há quem ache o preço ótimo. Outras reclamam de preço elevado para pouca quantidade, acompanhamentos mal servidos, espera de 40 minutos e atendimento que precisa melhorar.
Restaurante Da Keila;-1.13416653871536;-48.4618682861328;A única avaliação com texto elogia o atendimento, as refeições saborosas e os preços acessíveis.
Restaurante Da Thata;-1.42672717571259;-48.4545097351074;Avaliações elogiam a comida caseira de qualidade, o cardápio variado com saladas, o atendimento rápido, a bebida gelada e o preço justo. Descrito como bom local para refeições rápidas.
Restaurante Da Tia;-1.21602272987366;-48.4071922302246;Especialidade: brasileira. Avaliações elogiam a vista, as piscinas para quem não quer banho de rio, o atendimento carinhoso e a comida, com destaque para o peixe, o filhote na brasa e o peixe com açaí acompanhado de cerveja. Uma avaliação diz que a comida é muito boa mas que o estabelecimento precisa melhorar bastante.
Restaurante Delícias Ariel;-1.42901873588562;-48.4859352111816;Avaliações elogiam a comida feita diariamente, o sabor e o atendimento, e mencionam que fazem delivery.
Restaurante Delícias da Helen;-1.43965989351273;-48.4571304321289;Avaliações descrevem restaurante familiar self-service, com variedade de pratos típicos e de outras regiões, preço justo, lugar organizado e equipe atenciosa. Citam que a casa tem um canal de receitas no YouTube. Há uma reclamação de que o telefone não funciona e o WhatsApp não existe.
Restaurante Divino Paladar;-1.4494481086731;-48.4726638793945;Avaliações descrevem lugar pequeno, popular e limpo, com ambiente aconchegante, equipe simpática e comida saborosa em porções fartas, em que o cliente se serve de arroz, feijão e salada. Elogiam o atendimento e o preço baixo. Uma avaliação acha o ambiente um pouco quente.
Restaurante Do BETO ZIZU;-1.46510684490204;-48.4929008483887;Especialidade: brasileira. Avaliações elogiam a comida saborosa, o preço excelente, a limpeza do local e o atendimento. Uma avaliação diz que agrada o paladar mas demora demais e que as atendentes parecem se perder um pouco.
Restaurante Do Gordo;-1.42218065261841;-48.4619750976562;Avaliações elogiam a comida saborosa e de qualidade e o local agradável. Uma delas o aponta como o melhor almoço em buffet perto do Hospital de Clínicas Gaspar Viana.
Restaurante Dom Bonifácio;-1.46538555622101;-48.4684867858887;Uma avaliação diz que é um ótimo lugar, com comida boa e barata, e a outra classifica apenas como regular.
Restaurante dos Artesãos;-1.29875713586807;-48.4816093444824;Avaliações curtas, em geral positivas sobre a comida. Uma delas relata apenas que o local estava fechado.
Restaurante e Buteco D'Lucas;-1.43318510055542;-48.4873657226562;Avaliações descrevem um lugar calmo, com cerveja gelada, comida gostosa, música ambiente eclética e às vezes música ao vivo, bom para beber e conversar com tranquilidade. Elogiam a simpatia do proprietário.
Restaurante e Churrascaria Brasa D'Ouro;-1.36910647153854;-48.4389572143555;Especialidade: churrasco. Avaliações curtas e positivas elogiam o atendimento, a comida quentinha e gostosa e o local agradável.
Restaurante e Depósito WS;-1.42851579189301;-48.4741096496582;A única avaliação diz que as bebidas têm preço em conta, que vendem guaraná muito bom e que os salgados são gostosos e baratos.
Restaurante e Espetaria Mixtao;-1.332175552845;-48.4499664306641;Especialidade: frango, café. Avaliações elogiam a comida, o ambiente agradável, o bom preço e o atendimento educado. Uma avaliação lamenta que não atendem mais, embora elogie a rapidez da resposta pelo WhatsApp.
Restaurante e Lanchonete Brasileirinho;-1.42996633052826;-48.4586791992188;Especialidade: lanchonete. Avaliações elogiam os lanches, saborosos, pouco gordurosos e de bom tamanho, entregues quentes, além do ótimo atendimento e do preço em conta. Recomendado para ir com família e amigos.
Restaurante e Lanchonete Delicias da Leni;-1.44301521778107;-48.4593200683594;Especialidade: lanchonete. Avaliações curtas e positivas elogiam o atendimento e os lanches.
Restaurante e Padaria Nova Aliança;-1.41030240058899;-48.4361724853516;A única avaliação com texto descreve um bom restaurante popular com preços acessíveis.
Restaurante e Peixaria Recanto das Pedras;-1.0732302069664;-48.4008560180664;Avaliações descrevem lugar agradável e relaxante em Mosqueiro, com espaço amplo, estacionamento, vista do mar e área para crianças, elogiando o atendimento, o peixe e o filhote assado na brasa, bem servidos. Há críticas à falta de sucos, ao preço do refrigerante, à qualidade das bebidas usadas nos drinks e à praia poluída por lixo, o que dificulta o banho.
Restaurante e Pizzaria Do Louro;-1.13214904069901;-48.4557075500488;Avaliações elogiam o atendimento sem frescura e o garçom, a comida, o peixe de primeira qualidade e, à noite, a pizza de mussarela com calabresa. Citam a localização de frente para a praia do Chapéu Virado.
Restaurante e Sopa do Baiano;-1.43263727426529;-48.4784851074219;Avaliações descrevem restaurante popular de instalações simples, com comida caseira feita na hora, pratos tipo PF bem temperados e sopas tradicionais do bairro, como a de mocotó, apontadas entre as melhores de Belém. Uma avaliação diz que a qualidade caiu um pouco após a saída de cozinheiras, mas que continua muito bom.
Restaurante Égua da Broca;-1.45177137851715;-48.5007591247559;Avaliações tratam muito do delivery: elogiam a comida bem elaborada e saborosa e as marmitas generosas e bem embaladas, mas há relatos de entrega com mais de duas horas de atraso e de pedido cancelado pelo restaurante. Uma avaliação diz que o serviço e o sabor pioraram muito, e outra acha o salão um pouco abafado.
Restaurante Euforia;-1.43970394134521;-48.4572257995605;Avaliações descrevem restaurante de comida caseira, com pratos como bife acebolado, isca de carne, frango e calabresa por cerca de 20 reais com acompanhamentos. Elogiam o tempero, o preço, o atendimento rápido e o local climatizado, e há quem almoce lá todos os dias.
Restaurante Filhote Dourado;-1.46045124530792;-48.4777679443359;Especialidade: buffet (rodízio). Avaliações curtas e divididas: uma diz que é muito ruim e outra relata uma refeição ótima, sem detalhes.
Restaurante Flor de Lis;-1.40732657909393;-48.4438323974609;Uma avaliação indica o lugar para comida local, especialmente caranguejo, elogiando o serviço, a comida fresca e a sopa de caranguejo. As demais são curtas e positivas, sem detalhes.
Restaurante Grande Família;-1.44080990552902;-48.4664840698242;Avaliações descrevem bar e restaurante de ambiente agradável e atendimento caloroso, bom para ir com amigos, com roda de samba aos sábados a partir do fim da tarde e cerveja ao gosto do cliente. Há quem diga que adora o lugar e dança muito lá.
Restaurante Hiroshima;-1.45111083984375;-48.4725723266602;Especialidade: japonesa, brasileira. Avaliações descrevem restaurante tradicional, com atmosfera própria, elogiando a yakissoba, a comida, a rapidez e a limpeza. Uma cliente antiga relata péssima experiência de atendimento ao chegar perto do horário de fechamento, enquanto outra avaliação defende a rigidez da casa com o horário.
Restaurante Hotel Fazenda Paraíso;-1.06636029481888;-48.3801307678223;Especialidade: brasileira. Avaliações elogiam a comida, com opções veganas e pratos regionais, o lugar bonito à beira da praia e a atenção da proprietária. Uma avaliação da hospedagem cita vista linda e tranquilidade para descansar, mas reclama de mau cheiro no quarto e de taxa de 10 reais cobrada para entregar comida no quarto.
Restaurante Izumo;-1.45720052719116;-48.472339630127;Especialidade: japonesa, asiática. Avaliações descrevem um dos restaurantes japoneses mais tradicionais de Belém, elogiando a yakisoba, a comida, o serviço rápido e os preços normais ou bons.
Restaurante Jc;-1.4560878276825;-48.4896087646484;Especialidade: buffet (rodízio). Avaliações descrevem restaurante popular de comida caseira, com opção de comer no local, marmita ou por peso e pratos entre os mais baratos da redondeza. Elogiam o tempero e os empanados. Sobre o atendimento as opiniões divergem: há quem o considere o melhor da região e quem diga que depende do humor dos donos. Fica barulhento e bagunçado quando lota no almoço.
Restaurante K Sushi;-1.4469211101532;-48.4854125976562;Especialidade: japonesa (sushi), japonesa. Avaliações curtas, em geral positivas, elogiando o sushi, sem detalhes.
Restaurante M Yoshino;-1.44954884052277;-48.4649314880371;Especialidade: japonesa. Avaliações curtas e positivas, sem detalhes.
Restaurante maninhos e Chalés;-1.06825512647629;-48.3898277282715;Avaliações elogiam a comida boa a preço justo, bem mais barata que as barracas da praia, com destaque para o peixe frito e a carne assada, além do atendimento gentil e do ambiente ventilado e organizado. Citam chalés para alugar ao lado. Uma avaliação reclama de ter pedido picanha e recebido outro corte de carne.
Restaurante Matapi;-1.29335653781891;-48.4845886230469;Avaliações descrevem restaurante familiar e tradicional de cozinha paraense, com ambiente tranquilo, bonito e agradável, atendimento hospitaleiro e cafezinho grátis. Elogiam o sabor, a variedade do cardápio e os preços, com refeições entre 10 e 30 reais.
Restaurante Mil Sabores;-1.42584031820297;-48.4743461608887;Especialidade: brasileira. Avaliações curtas e positivas, sem detalhes.
Restaurante Murutukum;-1.50060880184174;-48.4352607727051;Avaliações descrevem lugar aconchegante, tranquilo e familiar, em contato com a natureza, bom para almoçar em família e tomar banho de rio. Elogiam a comida, o preço, o atendimento atencioso e a demonstração da pesca do camarão. Uma avaliação diz que o espaço ainda precisa melhorar.
Restaurante Na Maré;-1.46088993549347;-48.5053825378418;Avaliações elogiam a comida local e autêntica, os drinks, a música e a vista, descrevendo uma das melhores noites em Belém. Uma avaliação diz para não se intimidar com a entrada.
Restaurante Narita;-1.42585170269012;-48.4676475524902;Especialidade: japonesa. Avaliações curtas, na maioria positivas e uma regular, sem detalhes.
Restaurante Novo Canarinho;-1.44979023933411;-48.4645614624023;Especialidade: pizza, padaria. Avaliações destacam a pizza e o pudim e dizem que a comida é boa. Há críticas de que a comida do buffet já foi servida totalmente fria e de que o PF de 13 reais vem com pouca quantidade.
Restaurante O Bistecão;-1.36152505874634;-48.4265251159668;Avaliações elogiam o atendimento educado, a comida boa e barata, com preço justo pela quantidade, e o chope. Citam que o barulho dos carros incomoda por ficar à beira da rua. Uma avaliação reclama do atendimento por telefone e de um frango entregue totalmente cru.
Restaurante O Comilão;-1.13426071405411;-48.4645004272461;Avaliações descrevem barraca de frente para a praia do Farol, em Mosqueiro, com comida muito elogiada, cardápio variado, bebidas geladas e atendimento exemplar. Citam a paz do lugar em dia de semana e dizem que não é o preço mais barato da região, mas que é justo.
Restaurante O Redentor;-1.43001008033752;-48.4700126647949;Especialidade: lanchonete, coreana. Uma avaliação diz que no almoço serve comida como a de casa e que à noite é um bom lugar para comer e conversar com amigos. As demais são curtas e positivas, sem detalhes.
Restaurante Outback Steakhouse;-1.44597256183624;-48.4897270202637;Especialidade: churrasco, drinks, hambúrguer. Avaliações com texto são negativas: reclamam de atendimento ruim e muito lento, garçons desatentos, cardápio só em português, falta de wifi e preços altos demais para o que entrega, com comida considerada mediana. As demais são curtas, sem detalhes.
Restaurante Papito's;-1.46227979660034;-48.4967193603516;Avaliações curtas elogiam a comida caseira, saborosa e não gordurosa, o atendimento e o preço bom. Uma avaliação reclama em tom de brincadeira da demora para servir.
Restaurante Paraíso Beach;-1.06722444295883;-48.384952545166;Avaliações divididas sobre restaurante de praia. Parte elogia o lugar bonito, o preço acessível, o ambiente tranquilo e as redes à beira-mar. Outra parte reclama de demora de mais de uma hora, comida salgada, pratos em falta avisados só depois do pedido e preço alto para o que foi servido. Garçons e cerveja gelada são elogiados mesmo nas críticas.
Restaurante Parceiros;-1.29816234111786;-48.4896392822266;Especialidade: brasileira. Avaliações elogiam a comida caseira e farta, o caranguejo fresco, os peixes, os sucos de frutas e o atendimento gentil, com vista para a orla de Icoaraci e o rio. Citam opções veganas e indicam para almoço executivo e reuniões de família. Uma avaliação reclama de banheiro feminino sujo e de comida sem sabor.
Restaurante Paulo Lima;-1.1343532204628;-48.4654960632324;Especialidade: drinks, cervejaria, música ao vivo. Avaliações descrevem ambiente à beira da praia, limpo, tranquilo e aconchegante, com boa música, banheiros limpos e atendimento atencioso e rápido. Elogiam camarões, carne de sol e caldeirada. Há críticas a peixe sem frescor e sem sabor, porções pequenas para o preço alto e à retirada da meia caldeirada do cardápio, que só sai para quatro pessoas.
Restaurante Peixaria Mancha;-1.39873874187469;-48.4598617553711;Especialidade: drinks, frutos do mar. Avaliações descrevem peixaria com salão climatizado, área externa com música ao vivo e espaço kids. Elogiam pratos bem servidos e temperados, peixe na brasa e atendimento atencioso e rápido. Críticas apontam preço um pouco alto, salão interno quente e escuro, cheiro de fritura na roupa, cardápio sem detalhes e caldeirada levemente salgada.
Restaurante Petras;-1.30178099870682;-48.4658432006836;Avaliações curtas elogiam a comida caseira e gostosa e o atendimento. Uma avaliação acha os preços salgados.
Restaurante PH'S;-1.43766498565674;-48.4680290222168;Avaliação curta e positiva, sem detalhes.
Restaurante Play Toc-Toc;-1.13207018375397;-48.4562149047852;Avaliações majoritariamente negativas sobre barraca de praia. Reclamam de porções pequenas para o preço, comida que chegou fria três horas depois do pedido, consumação mínima alta e cobrança insistente dos 10%, com relato de cliente exposto ao recusar a taxa. Uma avaliação neutra diz que mesas e cadeiras na praia não são cobradas para quem consome e que o atendimento foi ok.
Restaurante Quero Mais;-1.45855736732483;-48.4941940307617;A única avaliação elogia a refeição, a boa variedade e o ótimo preço.
Restaurante Recanto Paraibano;-1.44410425424576;-48.460132598877;Especialidade: buffet (rodízio), brasileira. Avaliações curtas e positivas, sem detalhes, uma delas dizendo que a comida é muito saborosa.
Restaurante Rei do Bacalhau;-1.45006656646729;-48.4979515075684;Avaliações descrevem restaurante e lanchonete no centro, com buffet por quilo e pratos executivos a preços acessíveis, variedade de saladas e carnes, inclusive churrasco. Citam salão com ventiladores e ar-condicionado, wi-fi, bebidas servidas na mesa e fatia de bolo para aniversariante. Tom geral positivo, de lugar bom e barato.
Restaurante Resort D'lira;-1.14893102645874;-48.3240165710449;Avaliações quase todas curtas e positivas. A única detalhada descreve lugar à beira do rio, de acesso distante e um pouco complicado, com boa estrutura, buffet, cerveja gelada, atendimento de qualidade, píer para banho de rio, passeio de lancha oferecido pela casa e piscinas.
Restaurante Sabor do picui;-1.44179534912109;-48.466178894043;Especialidade: brasileira, árabe (kebab), churrasco. Avaliações curtas, em geral positivas e sem detalhes. Uma diz que é bom lugar para carne e outra considera apenas razoável.
Restaurante Sabor Maranhense;-1.12230545282364;-48.4480247497559;Avaliações elogiam o ambiente limpo, confortável, tranquilo e familiar à beira-mar, o atendimento, o peixe frito, a picanha e a caipirinha. Uma avaliação diz que o lugar é bom para eventos.
Restaurante Sabor Paraense.;-1.46260392665863;-48.5001487731934;Avaliações elogiam a comida caseira e fresca, o preço bom, o ambiente tranquilo e o atendimento educado, indicando para ir com família e amigos, embora esteja sempre cheio. Uma avaliação destoa e relata arroz cru e peixe mal feito.
restaurante Sabores;-1.29816043376923;-48.482250213623;Avaliações curtas elogiam a comida saborosa e uma chama de melhor restaurante da região. Uma avaliação diz que no local funciona uma arena society.
Restaurante Saito;-1.43693751096725;-48.469654083252;Avaliações elogiam a comida saborosa, a feijoada, o tempura e o atendimento, com sobremesa de cortesia em um pedido. Uma avaliação acha a quantidade pequena para o preço e sente falta de feijão e farofa de acompanhamento.
Restaurante Samambaia Mosqueiro;-1.13318437337875;-48.4591636657715;Avaliações majoritariamente negativas sobre barraca de praia. Vários relatos de exigência de pedir almoço caro para continuar na mesa, discussões com garçom e clientes praticamente expulsos pelo dono após reclamarem de batata encharcada de óleo e comida mal feita. Uma avaliação positiva elogia a atenção ao cliente, os peixes dourada e filhote e o caranguejo feito na hora.
Restaurante Sinhá;-1.45378732681274;-48.5002593994141;Especialidade: buffet (rodízio). Avaliações curtas e positivas. A única detalhada descreve buffet por quilo agradável de cozinha brasileira para o almoço, com opções quentes e frias preparadas na hora, bebidas pedidas na mesa e pagamento com cartão na saída.
Restaurante Spoleto;-1.4043025970459;-48.4306182861328;Especialidade: italiana. Avaliações elogiam a comida saborosa e o atendimento rápido, educado e bem-humorado da equipe. Uma avaliação reclama que o refrigerante é servido quente de forma recorrente e que não há gelo, o que considera inaceitável pelo preço.
Restaurante Spoleto;-1.44576120376587;-48.4895057678223;Especialidade: italiana. Avaliações predominantemente negativas sobre a unidade da praça de alimentação do Boulevard Shopping. Reclamam do autoatendimento com filas desrespeitadas, de atendente ríspida e desatenta, de pouca massa no prato, da falta de queijo ralado e torradinhas e de o prato Mamma não vir separado. Uma avaliação relata bom atendimento e prato farto.
Restaurante Takita;-1.43911230564117;-48.4634857177734;Avaliações elogiam a comida caseira e saborosa, as opções de salada, o prato feito com duas proteínas, o buffet, o preço justo e o atendimento. O ambiente é descrito como limpo, climatizado e espaçoso, mas pouco aconchegante, mais adequado a uma refeição rápida.
Restaurante Tempero Manero Belem;-1.45164275169373;-48.5004119873047;A única avaliação com texto descreve lugar com variadas opções de pratos, entre prato feito e self-service, com preço muito acessível, bom para um almoço rápido sozinho ou em grupo.
Restaurante Tetto;-1.44231849908829;-48.4900131225586;Avaliações concordam que o lugar é bonito, aconchegante e confortável. Parte elogia a comida, citando coxinha de cupim, filé ao poivre e massas bem servidas. As críticas falam de cardápio com poucas opções, hambúrguer ruim, entrada que não chegou após uma hora porque o pedido não foi lançado e acabamento do teto descolando.
Restaurante Tetto;-1.29807013273239;-48.4895896911621;Especialidade: brasileira. Três avaliações curtas e positivas, sem detalhes. Duas avaliações longas são muito negativas, relatando demora, comida queimada e sem sabor, suco quente, talheres e mesa sujos, local quente e atendimento péssimo.
Restaurante Tropical;-1.06729906797409;-48.3857421875;Especialidade: frutos do mar, drinks. Avaliações elogiam o lugar, a música, com cantor ao vivo em algumas tardes, e a estrutura com chuveiro, banheiro e wi-fi. Destacam o caranguejo toc-toc no tucupi, a mujica e o pirão, com preços considerados bons. Uma avaliação diz que os acompanhamentos poderiam ser mais bem servidos e que a caldeirada veio com pouco camarão.
Restaurante Tutubarão;-1.13318377733231;-48.459415435791;A única avaliação elogia o ambiente agradável, a comida boa, o som e o atendimento de qualidade.
Restaurante Universitário;-1.47729647159576;-48.457820892334;Avaliações curtas descrevem refeição farta por preço muito baixo, citando R$ 1,00, boa para estudantes e com qualidade condizente com o preço.
Restaurante Ver O Açaí - Culinária Paraense - Marco;-1.43323302268982;-48.4605255126953;Especialidade: cervejaria. Avaliações elogiam a comida, o ambiente e sobretudo o atendimento, citando garçons pelo nome, inclusive com grupos. Uma avaliação diz que a comida estava boa mas demorou mais de uma hora e quinze para chegar.
Restaurante Xique Xique;-1.33527445793152;-48.4502944946289;Avaliações descrevem lugar simples, com comida boa, barata e farta, sem requinte, e dono presente e atencioso. Um avaliador diz que é frequentado por policiais e que o estacionamento é difícil. Há reclamação de atendimento grosseiro de uma funcionária e de muita demora no peixe sem aviso do tempo de espera.
Restaurantes a La Grega;-1.44935142993927;-48.4645652770996;Avaliações falam de comida caseira bem temperada, com destaque para açaí, peixe e rabanada, atendimento elogiado e preço na média da cidade, perto do terminal rodoviário. Há quem ache a comida apenas razoável e reclame de demora por haver poucos funcionários. Não tem estacionamento.
Resto 104;-1.44814765453339;-48.469799041748;Especialidade: brasileira. Avaliações elogiam a comida caseira e variada, vendida por peso ou em prato feito, o preço justo e o atendimento atencioso. É sugerido para refeições rápidas do dia a dia. Um avaliador cita que o restaurante serve comida funcional.
Restô Ancoradouro;-1.13268446922302;-48.4578475952148;Avaliações descrevem ambiente de praia calmo e familiar, com MPB em volume baixo, peixe saboroso e garçons elogiados pelo nome. Há uma crítica forte de uma família que relata mesa suja, resposta grosseira de funcionário, pedido ignorado e ter sido mandada embora porque iam fechar. Também citam banheiro com estrutura fraca.
Restô da Gilma;-1.37787461280823;-48.4787368774414;Avaliações elogiam a pizza, apontada como a melhor da Pratinha, a comida caseira bem feita, o atendimento e os preços acessíveis. Um avaliador diz que é ótimo para levar crianças.
Restô da Vila;-1.29697573184967;-48.4890518188477;Avaliações curtas e positivas, sem detalhes. Uma delas diz que o serviço foi rápido e os pedidos foram anotados logo.
Restô do Vicente;-1.07276207208633;-48.3991737365723;Especialidade: brasileira. Avaliações descrevem restaurante familiar e rústico na praia do Marahu, com mesas sob árvores à beira da água, redes para descanso, música calma e banheiros limpos. Elogiam o peixe frito fresco, a comida bem servida, o preço justo e a cordialidade do dono. Há uma queixa de clientes impedidos de deixar as motos no local, que desistiram de almoçar.
Restô dos Amigos;-1.46992564201355;-48.4907341003418;Avaliações curtas e positivas. Uma delas conta que alugou o espaço físico para um evento e que tudo atendeu ao que precisavam.
Resto ÉGua Da Comida Caseira;-1.45838618278503;-48.4810523986816;Uma avaliação descreve lugar simples com cardápios ótimos, destacando o fígado acebolado, e parabeniza a dona. A outra apenas pergunta pelo contato do restaurante.
Restô Majim;-1.30011016130447;-48.4855270385742;Avaliações falam de comida caseira, música boa, hambúrgueres saborosos e ambiente agradável com paredes cheias de coleções, além de bom atendimento. Há uma crítica dura dizendo que a comida não é boa, com farofa com gosto de mofo e carne salgada, ambiente com aspecto sujo e dono mal-humorado que trata mal os clientes.
Restô Marajó;-1.29779446125031;-48.4896354675293;Especialidade: brasileira. Avaliações descrevem restaurante aconchegante e climatizado na orla de Icoaraci, com comida preparada na hora, cardápio variado, chapas e caldeirada elogiadas e serviço atencioso. Citam o almoço de fim de semana vendo a prática de kitesurf. Sobre preço, uns acham na média e outro um pouco salgado, mas que vale a pena.
Restô Mirante Gourmet;-1.46923518180847;-48.5059585571289;Avaliações citam a coxinha como ponto alto e o lugar como bom para tomar um suco e ver a vista. Há uma crítica detalhada de preço considerado extremamente caro para sucos e salgados, demora no preparo e pastéis de que o avaliador não gostou, dizendo que não pretende voltar.
Resto Pointer da lora;-1.43943804502487;-48.4646034240723;Avaliações descrevem local agradável para almoçar, com várias opções de comida e bebida a bom preço e serviço rápido mesmo com movimento. Elogiam o bife empanado. Um avaliador achou o macarrão fraco e outro diz que a comida estava sem sabor e não vale a pena.
Restô samauma;-1.45952665805817;-48.4237365722656;Avaliações descrevem espaço de lazer arborizado com piscinas, banho de igarapé, música e entrada paga, bom para confraternização, família ou casal. Elogiam a paisagem e o dono atencioso. Criticam preços altos, sobretudo da cerveja, poucos garçons, picanha dura e queimada, piscina sem escada, acesso ruim ao igarapé para PCD e dificuldade de conseguir transporte na saída.
Resto são Braz;-1.45019567012787;-48.46630859375;Avaliações descrevem restaurante popular de preços bem acessíveis, com comida simples e bem preparada, cardápio pouco variado servido com espetinho à escolha e sopa. Elogiam o atendimento gentil e a porção farta. Indicado por um avaliador para quem trabalha perto de São Brás e não pode gastar muito.
Restô Umarizal;-1.44078695774078;-48.486701965332;Especialidade: buffet (rodízio). Avaliações descrevem restaurante simples de almoço, com buffet por quilo e prato feito de comida caseira, boa variedade que muda a cada dia, sucos de frutas da região, ambiente limpo e bom atendimento. A maioria acha o preço justo, um avaliador considera salgado para o dia a dia e outro pede mais opções.
Retiro da sé;-1.45571684837341;-48.5044174194336;Especialidade: buffet (rodízio). Avaliações descrevem self-service de comida caseira e regional saborosa, em ambiente familiar e acolhedor, com proprietária muito gentil e preço compatível com a qualidade. Um avaliador achou a comida abaixo de visitas anteriores e outro avisa que em alguns dias há fila de espera.
Retiro dos Bragantinos;-1.4452897310257;-48.4620933532715;Avaliações elogiam a comida fresca e pouco salgada, o peixe frito, o preço justo com opções de comercial e executivo, o ambiente e o atendimento pessoal do proprietário.
Retrô Buteco;-1.46009695529938;-48.4984474182129;Avaliações descrevem bar e restaurante de esquina, bem ventilado, com música ao vivo, bebida gelada, carta de bebidas variada, petiscos e chapa de picanha marajoara muito elogiados, além de prato feito no almoço. Citam atendimento rápido e banheiros em boas condições. Um avaliador nota preços acima da média dos bares da redondeza, mas acha que vale.
Rezeks Mix Pizzaria;-1.47084319591522;-48.4794731140137;Especialidade: pizza. Avaliações elogiam as pizzas, com sabores variados, os sanduíches, a maionese caseira, o atendimento e a entrega rápida em casa. Um avaliador diz que presencialmente a demora é grande, sobretudo com borda recheada.
Rio Vibe Carioca;-1.40558004379272;-48.4531021118164;Avaliações de tom misto descrevem bar com mesas na calçada, sem ar-condicionado, com música ao vivo. Elogiam a comida, como o filé Oswaldo Aranha, e o preço da cerveja, vendo o lugar como bom para casais. Criticam preços acima da média, cadeira quebrada sem troca, espera de mais de uma hora, banheiros sujos, banda fraca e garçons atrapalhados, com relato de piora em relação a anos atrás.
Roan Lanches E Espetinhos;-1.38116788864136;-48.4497833251953;A única avaliação com texto elogia o atendimento, o churrasco e o lanche, e diz que pretende voltar.
Rob’s Pane e Pizza;-1.42646169662476;-48.4560546875;Especialidade: pizza. Avaliações elogiam muito a pizza de estilo napolitano feita em forno a fogo, a focaccia e os ingredientes de qualidade, com farinha e maquinário importados da Itália. Destacam os donos e a equipe como simpáticos e atenciosos. Uma avaliação chama de melhor pizza de Belém.
Rock no Porão;-1.45401537418365;-48.4951438903809;Avaliações descrevem bar de rock com churrasco bem servido, cerveja e chope gelados e preço acessível, em ambiente familiar e acolhedor para todas as idades, bom para reunir amigos. Um avaliador chama de melhor espaço underground de Belém. Há uma crítica dizendo que é só mais um espaço de venda que se diz casa de rock.
Rock Pub 1051;-1.42126977443695;-48.4658164978027;Especialidade: gastropub, drinks, hambúrguer. Avaliações descrevem pub de rock climatizado e bem decorado, com área externa para fumantes, entrada paga, cerveja e chope artesanal e hambúrguer de pão preto elogiado. Citam público mais velho, saudoso de rock clássico, e anfitrião atento. Uma avaliação recente critica demora no atendimento e porções pequenas e das mais caras da cidade.
Rodela's Bar;-1.44470942020416;-48.4570503234863;Avaliações curtas e positivas, sem detalhes.
Roger lanches PA;-1.43828797340393;-48.4729347229004;Especialidade: lanchonete. Avaliações elogiam o lanche, a maionese caseira, os sucos naturais, o preço justo e a entrega rápida, com pedidos pelo iFood. Há ressalva sobre o ponto da carne e uma reclamação de espera de horas por um lanche simples quando a casa não dá conta da demanda.
Rosário Lanches;-1.45411884784698;-48.4928016662598;Especialidade: lanchonete, cachorro-quente. Avaliações, em inglês, descrevem comida de rua tradicional, com cerca de 50 anos de história, em espaço ao ar livre perto do teatro e do movimento da cidade. Elogiam hambúrgueres, o sanduíche de carne picada e o cachorro-quente. Um avaliador descreve o lugar como caótico mas saboroso e outro acha um pouco caro.
Rota do Peixe;-1.46619665622711;-48.5021286010742;Avaliações elogiam a moqueca, a comida saborosa, a música ao vivo, a cerveja gelada e a simpatia da equipe. Há críticas à música muito alta, ao preço um pouco alto para a porção, à falta de ar condicionado e a um dia em que o peixe veio salgado e as batatas cruas.
Route Burger and Beer;-1.43853998184204;-48.4674110412598;Especialidade: hambúrguer. Avaliações elogiam os hambúrgueres na brasa, os ingredientes frescos e o atendimento simpático. Uma avaliação reclama que a carne veio ao ponto quando havia sido pedida bem passada. As demais são curtas e positivas.
Roxy Bar;-1.38884556293488;-48.464714050293;Especialidade: gastropub. Avaliações curtas e positivas, citando lugar agradável, bom preço e cerveja, sem mais detalhes.
RS Hotel;-1.4043104;-48.4297789;Avaliações curtas e positivas, dizendo que o lugar é muito bom, bem localizado, perto de tudo e com pessoas legais. Uma avaliação reclama que o telefone de contato divulgado não funciona.
Rubão Cidade Velha;-1.45974183082581;-48.5025367736816;Avaliações elogiam a comida bem temperada, os preços acessíveis, o ambiente descontraído com mesas na rua e a simpatia da atendente e do dono, Rubão. Uma avaliação avisa que o lugar é pequeno e os pratos demoram um pouco por haver poucos atendentes, mas diz que vale a espera.
Rusty Pub;-1.43923699855804;-48.4633102416992;Avaliações curtas elogiam a música divertida e o happy hour. Uma avaliação reclama de cheiro de esgoto no terraço e de banheiros muito ruins, dizendo que o lugar tem potencial para mais.
Rusty Umarizal;-1.44244778156281;-48.4806594848633;Avaliações são divididas. Elogiam a música ao vivo, sobretudo o pagode, o happy hour e os preços justos, e parte elogia o atendimento. Há reclamações fortes de cerveja quente, demora, falta de copos, chope que acabou cedo, petisco ruim e de proprietários descritos como mal educados.
Ryori Sushi;-1.39025783538818;-48.4647483825684;Especialidade: japonesa. Avaliações elogiam a comida japonesa, a sequência, o guioza de brie, a apresentação dos pratos, o ambiente bonito e o atendimento, avisando que o preço é alto. Uma avaliação relata, na véspera do Dia dos Namorados, uma hora de fila, longa demora nos pedidos e peças com gosto de estragado.
S.O.S - Depósito de Bebidas 24h;-1.43133008480072;-48.4490623474121;Avaliações curtas elogiam o atendimento, as atendentes dedicadas e divertidas e a cerveja bem gelada.
Sabor Da Ilha;-1.22109115123749;-48.5501976013184;Avaliações descrevem uma pousada básica de praia com bar e restaurante, tranquila para ir com a família durante a semana. Predominam críticas: hospedagem e comida caras, sem café da manhã incluso, lençol rasgado, cerveja pouco gelada, moscas e sujeira na areia. Uma hóspede relata grosseria do dono. Os garçons são elogiados em uma avaliação.
Sabor da Mi;-1.46770584583282;-48.4486541748047;Avaliações elogiam a comida caseira saborosa, o atendimento e o ambiente limpo e agradável. Uma avaliação relata péssima experiência com entrega: almoço pedido de manhã que não chegou após horas de espera.
Sabor da WAL;-1.46506762504578;-48.4735946655273;Avaliações descrevem local simples de comidas típicas, elogiando o sabor, o tempero, a variedade, o preço justo, a higiene e o atendimento atencioso. Uma avaliação reclama de vatapá muito aguado e mal embalado.
Sabor De Pizza;-1.46795094013214;-48.4971618652344;Especialidade: pizza. Avaliações são mistas. Parte elogia a pizza bem recheada, o preço acessível, a entrega rápida e os funcionários. Outras reclamam de pedido cancelado após duas horas de espera, atendimento péssimo, excesso de sal e massa dura.
Sabor Do Açaí Pará;-1.45684397220612;-48.4831085205078;Especialidade: lanchonete. Avaliações elogiam o açaí e a refeição, com uma chamando de o melhor de todos. Uma avaliação relata péssima experiência ao tentar pedir entrega por telefone, dizendo que a atendente não conseguia anotar o endereço.
Sabor do Bosque;-1.43235957622528;-48.4547920227051;Especialidade: lanchonete. Avaliações descrevem uma padaria de bairro conhecida, com salgados, bolos, tortas e almoço, em ambiente simples e confortável. Parte elogia os lanches. Há várias críticas ao atendimento, descrito como lento, desorganizado e indiferente, a preços altos, a café e bolo sem sabor e a um caso de pães mofados.
Sabor do Espetinho Oficial;-1.45642971992493;-48.4763069152832;Avaliações descrevem um lugar para almoço, ventilado, com buffet de acompanhamentos e proteína servida pela casa. Elogiam a comida, os preços baixos, a variedade, o atendimento rápido e gentil e os donos. Uma avaliação nota que alguns itens do buffet ficam frios e que as cadeiras não são confortáveis.
Sabor e Arte;-1.44014251232147;-48.4831199645996;Avaliações elogiam o atendimento, a comida saborosa, como peixe frito, yakisoba e pizza, o preço justo e o suco gratuito.
Sabor Especial;-1.4360865354538;-48.4815444946289;Avaliações descrevem um restaurante simples, pequeno e climatizado, procurado para almoço de peixe frito, camarão e caranguejo, com destaque para a unha de caranguejo às sextas. Elogiam o sabor, as porções que servem dois e a recepção. Há ressalvas pontuais: peixe e batata um pouco secos, omelete sem tempero e cerveja pouco gelada.
Sabor Gaúcho;-1.46284657716751;-48.4892959594727;Avaliações curtas e positivas, sem detalhes.
Sabor Maroca's;-1.40495508909225;-48.4392738342285;Especialidade: hambúrguer, lanchonete, fast-food. Avaliações descrevem um lugar simples de hambúrguer artesanal, elogiando o sabor, o tempero, o preço em conta, os sucos e o atendimento das funcionárias. Uma avaliação relata péssima experiência com entrega: demora, itens errados no lanche e contato difícil por respostas automáticas no WhatsApp.
Sabor Mister;-1.45772302150726;-48.4740562438965;Avaliações são mistas. Elogiam pratos como peixe e vatapá, o custo-benefício e o ambiente simples, limpo e tranquilo. Há críticas a atendimento muito lento e garçons atrapalhados, espera de 45 minutos pela comida, salão quente, picanha dura e um peixe que parecia velho. Outras avaliações consideram o atendimento ótimo.
Sabor Selvagem;-1.34035700559616;-48.4573554992676;Especialidade: brasileira. Avaliações descrevem um local rústico e acolhedor, com boa comida, e destacam o chef Ofir, que conta histórias e apresenta a cultura local, tornando a visita uma experiência única.
Sabores da Pizza;-1.37489432096481;-48.4598350524902;Especialidade: pizza. Avaliações são divididas. Uma elogia as pizzas como das melhores, sobretudo na entrega, embora a localização seja pouco acessível. Outras relatam pedido pago e não entregue, falta de resposta no WhatsApp e pizza queimada após três horas de espera.
Sagica Restaurante;-1.46165764331818;-48.4998893737793;Avaliações elogiam a comida bem temperada e quase caseira, o churrasco feito na hora, o atendimento simpático, o preço honesto e o estacionamento gratuito na frente. Recomendam para ir com a família.
Saladerí;-1.44618141651154;-48.483325958252;Avaliações descrevem um lugar de saladas montadas pelo cliente, servidas em instantes, com ingredientes frescos, ambiente limpo e agradável e atendentes simpáticas. Indicam para refeição rápida e saudável durante a semana. Uma avaliação nota que há poucos lugares para sentar.
Salão de eventos Bella Festa;-1.46682727336884;-48.4683876037598;Avaliações descrevem um salão de eventos amplo, climatizado e bonito, usado para aniversários e festas de cerca de 120 pessoas, com atendimento elogiado. Uma avaliação reclama de louças entregues sujas e copos com odor desagradável.
Salgados do PAULÃO;-1.42843103408813;-48.4896965026855;Especialidade: lanchonete. Avaliações elogiam os salgados bem recheados e crocantes, em especial a coxinha, os sabores variados, a maionese caseira e o preço. Há críticas a salgado encharcado de óleo, suco aguado, ambiente descrito como um tanto insalubre e atendimento de má vontade em uma avaliação.
Salgados do Pio;-1.46692454814911;-48.4923362731934;Especialidade: lanchonete. Avaliações descrevem um ponto simples de salgados com mesinhas na calçada, elogiando a variedade, o recheio e a fritura, com sabores como camarão e caranguejo, e avisam que acaba rápido. Uma avaliação critica o preço alto, o gosto de óleo e diz que o local é perigoso.
San Gennaro Beer;-1.41374272108078;-48.4402694702148;Avaliações são divididas. Uma elogia o atendimento, a cerveja gelada e o tempero da comida. Duas reclamam: atendimento ruim por telefone com comida entregue fria e em endereço errado, e prioridade às quentinhas de entrega em vez do cliente presencial.
San Paolo;-1.44602954387665;-48.4897727966309;Especialidade: sorvete, doces. Avaliações descrevem uma sorveteria e café no shopping, elogiando os gelatos, o café expresso servido com sorvete e o atendimento atencioso de funcionários citados pelo nome. Uma avaliação critica uma atendente displicente, que pareceria julgar os clientes pela aparência.
San Tito;-1.45459127426147;-48.4876976013184;Especialidade: buffet (rodízio). Avaliações descrevem um buffet por quilo de almoço, elogiando a comida saborosa e fresca e a carne suculenta. Várias notam que o preço é alto para ir todos os dias.
Sansei Temakeria;-1.44604754447937;-48.4835166931152;Especialidade: japonesa, japonesa (sushi). Avaliações curtas e positivas, sem detalhes. Uma considera o temaki apenas ok.
Santa Chicoria;-1.43819010257721;-48.4884033203125;Avaliações elogiam muito a comida e o atendimento, citando ossobuco, filé mignon com cogumelos, lasanha e frango à parmegiana, em pratos grandes e bem servidos. Uma avaliação observa que os preços são altos em comparação com outros restaurantes de Belém, mas diz que a qualidade compensa.
Santa Grelha Belém;-1.38992416858673;-48.4646072387695;Especialidade: churrasco. Avaliações descrevem uma steakhouse sofisticada e aconchegante, com piano ao vivo, atendimento atencioso e boa seleção de cortes, a preços mais altos. Há críticas pontuais a um rib eye duro, que foi trocado sem custo, a um hambúrguer de wagyu sem gosto e à iluminação forte. Acompanhamentos e sobremesa são elogiados.
Santa Pizza Bistrô;-1.4153299331665;-48.474292755127;Especialidade: drinks, pizza. Avaliações elogiam bastante a pizza, de massa leve e saborosa, e o atendimento gentil. Uma pessoa conta que fez um evento no local e outra que vai toda sexta-feira. Há uma reclamação de atendimento péssimo num dia em que não havia mais ingredientes para pizza.
Santalice Hotel;-1.45536661148071;-48.4979858398438;Avaliações são majoritariamente críticas: descrevem o hotel como simples e barato, com boa localização, mas sujo, sem infraestrutura e precisando de reforma urgente. Uma diz que não chega a ser péssimo, mas que não se deve esperar grande coisa.
Santana Restaurante;-1.16068261861801;-48.4721717834473;Especialidade: brasileira. Avaliações descrevem um restaurante familiar na praia do Bispo, em Mosqueiro, com cardápio regional, comida deliciosa e bem servida, bom atendimento e preço acessível. Citam a feijoada de sábado e o filé de filhote à milanesa. Uma avaliação reclama do ambiente um pouco quente, outra o descreve como limpo e arejado.
Santo Buteco;-1.4432817697525;-48.4871940612793;Especialidade: drinks. Avaliações descrevem um bar animado e descontraído, bom para grupos, com cerveja gelada, drinks, carnes e petiscos, jogos de futebol na TV e música ambiente. Há reclamação de clientes fumando vape na área interna com permissão do dono e de mesas ocupadas por conhecidos de um sócio que quase não consomem, deixando outros clientes sem lugar.
Santos Burger;-1.40165686607361;-48.4599571228027;Especialidade: lanchonete. Avaliações elogiam os sanduíches e a educação dos atendentes e recomendam o lugar. Uma avaliação diz que é agradável, mas reclama da espera para receber o lanche.
Santos Espetaria;-1.46720170974731;-48.4609260559082;Especialidade: churrasco. Avaliações elogiam a espetaria do Guamá pelos pratos bem servidos, carnes como alcatra, picanha e costela no bafo, bom atendimento e preços abaixo do mercado, sendo citada para jantares e comemorações em família. Uma avaliação destoa e reclama de batata encharcada de óleo, baião sem graça e vinagrete só com gosto de limão.
Sapore Di Casa;-1.45788788795471;-48.4948883056641;Especialidade: fast-food. Avaliações são na maioria curtas e positivas, sem detalhes. Uma avaliação mais longa diz que a comida estava muito boa, mas reclama de 20 minutos de espera, do prato servido frio e da má vontade da atendente em esquentá-lo.
Sapporo Restaurante;-1.4307336807251;-48.4741325378418;Especialidade: japonesa. Avaliações curtas e de tom misto, sem detalhes: algumas dizem que amam ou que é chique, outras classificam como regular ou razoável.
Sapucaia Restaurante e Pizza;-1.29648232460022;-48.488697052002;Avaliações de tom misto. Algumas elogiam o ambiente agradável, o estacionamento e os atendentes atenciosos, e contam ter feito confraternização no local. Outras relatam espera de cerca de duas horas pelo almoço, prato esquecido, atendimento péssimo, calor no ambiente e comida mediana.
Sauros BAR;-1.35769444704056;-48.4311561584473;Especialidade: drinks. Avaliações descrevem um bar tranquilo, com cerveja bem gelada, música boa e uma sala de sinuca separada da sala para beber.
Sauva Cultural;-1.4526653;-48.4885231;Especialidade: balada. Uma avaliação menciona casa colonial e cerveja geladíssima. Outra relata que o grupo foi expulso do local, mas diz que estava bêbado demais para se incomodar.
Senhor Paleto;-1.44612240791321;-48.4782485961914;Especialidade: sorvete, doces. Avaliações descrevem uma loja de picolés e sorvetes de marca própria, com sabores de frutas regionais como açaí, bacuri e cupuaçu, além de pistache, tiramisu e torta gelada. Elogiam a qualidade, os preços, o estacionamento e o atendimento. Uma avaliação diz que funciona como compra para levar, outra que o espaço é bonito para fotos.
Sensei Miyagi Sushi Delivery;-1.4624617099762;-48.480354309082;Avaliações elogiam o sushi, o tempurá de camarão crocante e sequinho e o yakisoba, além do bom atendimento e do lugar agradável. Uma avaliação achou estranha a entrada do estabelecimento.
Seu Pai Artesanal;-1.43922185897827;-48.4845275878906;Especialidade: drinks. Avaliações curtas e positivas, sem detalhes.
Seu Saint;-1.47199499607086;-48.4758796691895;Avaliações divididas. Algumas elogiam o bar como um dos melhores do bairro da Condor, com qualidade e atendimento atencioso. Outras reclamam de preços altos, porção pequena, falta de serviço de mesa com cobrança de 10%, espaço apertado e quente, demora da comida, mau cheiro do lado de fora e falta de segurança diante de abordagem insistente de uma pessoa na rua.
Shake Burger Belém;-1.4550701379776;-48.4889297485352;Especialidade: hambúrguer. Avaliações elogiam o ambiente bonito, o atendimento e os hambúrgueres caseiros bem servidos, além da batata que serve duas pessoas. Há críticas ao cardápio com pouca variedade e sem descrição dos lanches, à falta de serviço de mesa, às poucas bebidas além de refrigerante e, em uma avaliação, a um hambúrguer fino e malfeito para o preço.
Shekinah Assados & Grelhados;-1.33146673440933;-48.4421882629395;Avaliações são majoritariamente negativas: reclamam de atendimento péssimo, espera de mais de uma hora, pedido de almoço que não chegou em duas horas, sucos que não vieram e carne dura e fria. Uma avaliação elogia a comida gostosa e o preço acessível.
Shekinah Lanches Maguari;-1.33141994476318;-48.4422378540039;Especialidade: hambúrguer, lanchonete. Avaliações curtas, na maioria positivas, sem detalhes. Uma classifica o lugar como normal.
Shiitake Sushi;-1.44021010398865;-48.4685096740723;Especialidade: japonesa. Avaliações descrevem um ambiente bom e arejado, com música suave que permite conversar. Elogiam os combinados e o rodízio com temakis, entradas e bebida inclusos, de preço considerado justo e serviço rápido em dia de pouco movimento. Uma avaliação classifica o sushi apenas como ok.
Siguaraya Latino Gastropub;-1.44225907325745;-48.4808464050293;Avaliações descrevem um lugar de música latina e comida latina, com tacos, arepas, patacones e drinks, mesas na calçada, danças latinas depois da meia-noite e atendentes venezuelanos elogiados. Elogiam preços baixos e promoção de litrão. A crítica recorrente é haver um único banheiro unissex, o que gera fila.
Silene Doces e Salgados;-1.39658534526825;-48.4528198242188;Especialidade: doces, buffet (rodízio), padaria. Avaliações elogiam a variedade e a qualidade dos doces e salgados, a pontualidade nas entregas e citam torta nega maluca, mini pizza e docinhos. Um cliente de cerca de dez anos recomenda e outro relata coffee break corporativo bem avaliado. As demais são curtas e positivas.
Silva Lanches;-1.44781255722046;-48.4514236450195;Especialidade: lanchonete. Avaliações elogiam a pizza, os hambúrgueres e o serviço, descrevem o lugar como aconchegante para ir com amigos e de fácil acesso, e citam que o dono faz ações sociais com a comunidade. Há reclamação de entrega péssima, com mais de uma hora de espera e mensagens sem resposta.
Silva's Bar;-1.43162310123444;-48.4902839660645;Especialidade: cervejaria. As avaliações devolvidas falam de uma loja de eletrônica, com grande variedade de componentes, cabos e instrumentos musicais, preços às vezes altos e atendimento considerado razoável a demorado nos horários de pico. Nenhuma descreve um bar.
Silveira's Hot Dog's;-1.3484023809433;-48.4641532897949;Especialidade: lanchonete, fast-food. Avaliações elogiam os lanches como muito bons e deliciosos e o atendimento, dizendo que serve bem para ir em família. As opiniões sobre a entrega divergem: uma diz que é super rápida e outras duas que demora.
Sintonia Premium;-1.45187318325043;-48.458065032959;Avaliações descrevem um espaço para eventos e festas, com ambiente agradável e estacionamento próprio. Uma avaliação diz que o tamanho é bom para no máximo 100 pessoas e que acima disso fica apertado.
Sítio Danielly;-1.34143972396851;-48.4741706848145;Avaliações elogiam o espaço, a piscina e o campo de futebol. Uma avaliação diz que o ambiente é adequado para esporte mas impróprio para descanso em família, porque o material do teto deixa a temperatura desagradável.
Sitio's Bar;-1.47260749340057;-48.47998046875;Avaliações são em maioria curtas e positivas. Uma relata comemoração com amigos na primeira visita. Outra diz que já foi um lugar muito procurado para curtir a noite, mas que hoje está decaído e sem atrativos.
Só Porco torresmo e Cia;-1.4301078915596;-48.4698753356934;Avaliações elogiam o torresmo e o sanduíche de pernil e dizem que a comida é boa, mas o ambiente é quente. Há críticas: acompanhamentos e joelho de porco abaixo do esperado, conta considerada cara no almoço por peso sem entrega da comanda, e um relato de o dono gritar e humilhar uma funcionária diante dos clientes.
Society Encontro dos Boleiros;-1.39936888217926;-48.4805564880371;Avaliações descrevem uma quadra sintética de futebol society, recém-reformada e com espaço grande, boa para uma pelada com os amigos, com hora a 140 reais segundo um avaliador. Há reclamação de falta de água para tomar banho depois do jogo.
Soho Sushi e Steak;-1.4432464838028;-48.4839897155762;Especialidade: japonesa (sushi), churrasco, japonesa. Avaliações descrevem um restaurante japonês e de steaks pequeno, aconchegante e com decoração atual, bom para ir com amigos. Elogiam yakisoba generoso, sushi, cerveja gelada, atendimento atencioso e rápido, preço justo e muitas promoções. Citam dias com apresentação de DJs e público em geral jovem.
Sol Cake;-1.36755603551865;-48.4323883056641;Especialidade: doces, padaria. Avaliações curtas e positivas, sem detalhes.
Sol Panificadora e Confeitaria;-1.45001721382141;-48.4826507568359;Especialidade: padaria, doces. Avaliações descrevem uma padaria com salão amplo para tomar café, com tapiocas feitas na hora, tortas, bolos e bons pães. Há críticas ao atendimento: demora mesmo com a casa vazia, funcionários que priorizam conhecidos, desorganização e falta de cardápio com preços dos salgados e bolos.
Solar Da Ilha;-1.48984003067017;-48.4636878967285;Especialidade: brasileira. Avaliações descrevem um restaurante do outro lado do rio, com vista para Belém, comida regional como filhote e macaxeira frita, equipe simpática e clima para relaxar, bom para almoço de fim de semana. Recomendam ir em dias de semana para evitar lotação. Uma avaliação critica preços altos, serviço lento e comida mediana.
Solar Da Praça;-1.45458686351776;-48.4989204406738;Avaliações descrevem um lugar agradável, aconchegante, animado e limpo, com música ao vivo, boas opções no cardápio e funcionários atenciosos, bom para ir com amigos. Uma avaliação diz apenas que é um ótimo local para estacionar durante o dia.
Solar Fonteles Hospedaria;-1.13827276229858;-48.457389831543;Avaliações descrevem uma hospedaria familiar, tranquila e organizada, a poucos passos da praia, com quartos confortáveis com TV, frigobar, ar-condicionado e internet, estacionamento e preço justo, sem café da manhã. Uma avaliação relata constrangimento com uma cobrança que havia sido informada como inexistente.
Sonho Meu;-1.22128814458847;-48.5524940490723;Especialidade: brasileira. Avaliações descrevem um restaurante calmo no fim da praia do Vai Quem Quer, em Cotijuba, com mesas na areia, vista, pôr do sol e MPB. Elogiam atendimento, filhote, camarão e chapa mista a preço justo. Há críticas: um grupo esperou mais de três horas e saiu sem receber o pedido, e outro achou alguns pratos com pouco sabor.
Sopa Boas Novas;-1.33134138584137;-48.4432907104492;Avaliações elogiam principalmente o churrasco, descrito como excelente e entre os melhores do Conjunto Maguari, além do atendimento e do lugar arejado.
Sopa da Jack;-1.46806144714355;-48.4930458068848;Avaliações curtas e positivas, dizendo que a sopa é muito boa.
Sopão e Companhia;-1.47301864624023;-48.4759178161621;Avaliações curtas, em maioria positivas e uma dizendo regular, sem detalhes.
Soprano Resto & Pub;-1.44841480255127;-48.5000267028809;Avaliações são mistas. Parte elogia a comida regional, o tacacá, o bufê da tarde com bom preço e o ambiente da Estação das Docas. Outras reclamam de cobrança acima do preço informado, de pedido esquecido, macaxeira servida crua duas vezes e salgado em falta depois de quase uma hora. Uma define a comida como apenas ok pelo preço.
Sorfrut Sorveteria;-1.40884029865265;-48.4274826049805;Especialidade: sorvete, doces. Avaliações elogiam o sabor dos sorvetes, o milk shake, as taças e sobremesas, o atendimento e os preços acessíveis.
Sorvete do Baldinho;-1.42100656032562;-48.474250793457;Especialidade: sorvete, doces. Avaliações elogiam o sorvete de produção própria, com diversos sabores e preços muito bons, e dizem que é um bom lugar para tomar sorvete com amigos e família.
sorveteria;-1.34884893894196;-48.4691390991211;Especialidade: sorvete, doces. Uma avaliação descreve sorvete na chapa, delicioso e diferente, com preços medianos e ótimo atendimento. A outra é curta e positiva.
Sorveteria Americana (Fone: 9 8707-1000);-1.36972987651825;-48.4399070739746;Especialidade: sorvete, doces. Avaliações vêm em parte de revendedores, que elogiam o sabor dos sorvetes, a limpeza do lugar e a boa aceitação entre seus clientes. Há pedido de mais variedade de sabores, uma crítica ao atendimento e um relato de que não vende água.
Sorveteria Arthur;-1.25585317611694;-48.4520111083984;Especialidade: sorvete, doces. Avaliações elogiam o sorvete, a variedade de sabores e o atendimento, e a citam como uma das melhores sorveterias da ilha. Um cliente antigo, que vai com os filhos, diz que faltam mesas e cadeiras para ficar com a família e que o acesso para cadeirantes na entrada precisa melhorar.
Sorveteria Baruk;-1.40797990560532;-48.4679107666016;Especialidade: sorvete, doces. Avaliações curtas e positivas, sem detalhes.
Sorveteria Beijo Gelado;-1.30694717168808;-48.4812202453613;Especialidade: sorvete, doces. Avaliações elogiam o sorvete, o atendimento e os preços acessíveis, descrevem o ambiente como agradável e familiar e a citam como a melhor opção de sorvete de Icoaraci.
Sorveteria Blaus;-1.40388405323029;-48.4306297302246;Especialidade: sorvete, doces. Avaliações a situam na praça de alimentação do shopping Castanheira, vendendo picolés, sorvetes variados e também sanduíches, como alternativa mais cara ao fast-food. Uma elogia o atendimento e outra diz que só o sorvete vale, criticando atendente, falta de troco e conexão lenta no caixa.
Sorveteria Cairu;-1.44910085201263;-48.4806442260742;Especialidade: sorvete, doces. Avaliações elogiam muito o sorvete, com sabores regionais amazônicos como cupuaçu e tapioca, opções sem lactose e degustação antes de escolher, em loja limpa, confortável e bonita. Há ressalvas de preço alto e duas críticas ao atendimento, uma delas de cliente estrangeiro.
Sorveteria Cairu;-1.4488650560379;-48.5004119873047;Especialidade: sorvete, doces. Avaliações apontam como possivelmente o melhor sorvete de Belém, com muitos sabores de frutas amazônicas como mestiço, carimbó e maracujá, e atendimento paciente que deixa provar. Os preços são considerados altos, e uma avaliação reclama de sabor trocado, pedaço de plástico no sorvete e produto superestimado.
Sorveteria Cairu;-1.12489461898804;-48.4486618041992;Especialidade: sorvete, doces. Avaliações curtas e positivas, uma diz que é o melhor sorvete da vila.
Sorveteria Caribe Belém;-1.43598008155823;-48.4710502624512;Especialidade: sorvete, doces. Avaliações curtas e positivas, elogiam a qualidade e o sabor e citam o picolé.
Sorveteria Carimbó;-1.29661333560944;-48.4898567199707;Especialidade: sorvete, doces. Avaliações elogiam os sorvetes, com sabores como castanha com creme de cupuaçu, bacuri e tapioca com cupuaçu, e há quem ache os preços justos. Uma avaliação reclama que os preços subiram bastante, que a qualidade caiu e que a salada de frutas veio fraca, dizendo ser a única sorveteria da orla.
Sorveteria Casa da Vovó;-1.3741101026535;-48.4561347961426;Especialidade: sorvete, doces. Avaliações descrevem espaço pequeno, confortável, limpo, calmo e bem organizado, que lembra casa de vó. Elogiam sorvetes, picolés e milk shake, o atendimento gentil, os preços acessíveis e a entrega rápida.
Sorveteria Decápolis;-1.41231143474579;-48.4681739807129;Especialidade: sorvete, doces. Avaliações descrevem lugar agradável, de fácil acesso e ambiente familiar na Sacramenta, com sorvetes cremosos e boa variedade. Recomendam o sabor que leva o nome da casa e citam picolés e opção para levar.
Sorveteria do Careca;-1.44221436977386;-48.4548454284668;Especialidade: sorvete, doces. Avaliações dizem que é um lugar divertido e bom para levar crianças, com muitos brinquedos, e que as pessoas são bem recebidas.
Sorveteria do Mário;-1.41432285308838;-48.4780731201172;Especialidade: sorvete, doces. Avaliações descrevem lugar pequeno e bom para lanchar e tomar sorvete ou picolé com namorada ou namorado, família e amigos. Elogiam o sorvete cremoso, a variedade de sabores, o floresta negra, as promoções, os preços acessíveis e o atendimento do proprietário e dos funcionários.
Sorveteria e Lanchonete Sr. Mix;-1.38197326660156;-48.457462310791;Especialidade: sorvete, lanchonete, doces. Avaliações curtas e positivas, uma elogia o atendimento.
Sorveteria e Pizzaria Beira-Mar;-1.25858289003372;-48.470142364502;Especialidade: sorvete, pizza, doces. Avaliações elogiam o sorvete, principalmente o de coco com uva, e o bom atendimento. Uma cita festa de São João no local.
Sorveteria Geladoce;-1.46733999252319;-48.4910430908203;Especialidade: sorvete, doces. Avaliações elogiam sorvetes e picolés com gosto de fruta, em especial os sabores regionais, além de salgados e bolos. Citam ambiente agradável, bom atendimento, entrega rápida e bem embalada e espaço kids.
Sorveteria Ice Bode;-1.46136593818665;-48.4880218505859;Especialidade: sorvete, hambúrguer, lanchonete. Quatro avaliações curtas e positivas. Uma avaliação detalhada diz que o ambiente é bonito, amplo e confortável, mas reclama de péssimo atendimento em duas visitas, com funcionários pouco profissionais e desprezo ao cliente.
Sorveteria Ice Club;-1.44079840183258;-48.457878112793;Especialidade: sorvete, doces. Avaliações curtas e positivas. Uma elogia o sanduíche mas acha os preços altos.
Sorveteria Ice Club;-1.45471584796906;-48.4925003051758;Especialidade: sorvete, café, doces. Avaliações descrevem sorveteria familiar, com espaço amplo, muitas mesas e brinquedos para crianças, boa para reunir família e amigos. Elogiam a variedade de sorvetes, inclusive sabores regionais, doces e salada de frutas. Uma reclama da falta de controle no pula-pula, onde crianças maiores que o limite entram.
Sorveteria Ice Porto;-1.32638829946518;-48.4316596984863;Especialidade: sorvete, doces. Avaliações curtas e positivas, elogiam os sabores, a qualidade do sorvete e o atendimento.
Sorveteria Mdk;-1.43027687072754;-48.4650955200195;Especialidade: sorvete, doces. Uma avaliação curta diz que é o melhor da Pedreira.
Sorveteria Poco Loco;-1.30236166715622;-48.4834861755371;Especialidade: sorvete, lanchonete, café. Avaliações elogiam o sorvete artesanal, os sabores diferenciados, os preços acessíveis e o atendimento, e indicam para a família. Uma avaliação diz que produtos e ambiente são os pontos fortes mas critica a organização e a lentidão do caixa no pagamento.
Sorveteria Puro Sabor;-1.43406617641449;-48.4736976623535;Especialidade: sorvete, doces. Avaliações elogiam o sorvete gostoso e barato, com preço condizente com a qualidade e a quantidade, o atendimento rápido e o proprietário simpático. Dizem que o lugar está sempre cheio.
Sorveteria Real;-1.33169603347778;-48.4425659179688;Especialidade: sorvete, doces. Avaliações descrevem sorveteria pequena, simples, aconchegante e familiar, a mais antiga do Conjunto Maguari, com sorvete de produção própria e boa variedade de sabores. Elogiam a simpatia da senhora que atende.
Sorveteria Rosa de Saron;-1.27715671062469;-48.4734382629395;Especialidade: sorvete, doces. Avaliações elogiam os sorvetes firmes e gostosos, o ambiente agradável e familiar e o atendimento rápido. Citam também salgados e pratos como salpicão e arroz com galinha, e uma considera o melhor sorvete de Outeiro.
Sorveteria Sabor da Fruta;-1.45928478240967;-48.4533309936523;Especialidade: sorvete, doces. Avaliações elogiam picolés, sorvetes e moreninhas com sabor de fruta, a qualidade dos produtos e o atendimento. Uma diz que não perde para as concorrentes.
Sorveteria Sabor Delícia;-1.4678099155426;-48.4688415527344;Especialidade: sorvete, doces. Avaliações elogiam o sorvete, a variedade de sabores, o preço, o bom espaço e as atendentes atenciosas, e citam idas em família. Duas reclamam da limpeza, com mesas sujas e guardanapos no chão nos fins de semana de movimento.
Sorveteria Santa Clara;-1.44286108016968;-48.4877891540527;Especialidade: sorvete, doces. Avaliações curtas e positivas, uma diz que é possivelmente o melhor sorvete da cidade.
Sorveteria Sordoce;-1.46293246746063;-48.4751853942871;Especialidade: sorvete, doces. Avaliações descrevem ambiente confortável e acolhedor, com brinquedos para crianças, sorvetes de produção própria, preço baixo e opções para quem tem intolerância a glúten. A maioria elogia o atendimento, mas uma avaliação o considera péssimo.
Sorveteria Sorvemix;-1.39750599861145;-48.4775123596191;Especialidade: doces. Avaliações elogiam o sorvete, os salgados e o atendimento acolhedor, indicando para uma visita no fim da tarde.
Sorveteria Suk Suk;-1.42236125469208;-48.4841003417969;Especialidade: sorvete, doces. Avaliações mistas. Algumas elogiam os produtos, os picolés com cobertura e os preços justos. Há reclamações de queda de qualidade, com picolés aguados e um estragado, demora para responder no WhatsApp e ambiente muito quente.
Sorveteria tropical;-1.43296849727631;-48.4687919616699;Especialidade: sorvete, doces. Uma avaliação curta e positiva, sem detalhes.
Sorveteria Tropical;-1.33167010545731;-48.4476165771484;Especialidade: sorvete, doces. Avaliações curtas e positivas, uma diz que o sorvete é bom e tem boa variedade de sabores.
Sorveteria Vkin;-1.29442822933197;-48.4703254699707;Especialidade: sorvete, doces. Avaliações elogiam os sorvetes, com destaque para lama negra, amendoim trufado e floresta negra, os preços acessíveis, o ambiente familiar e o atendimento, inclusive no delivery.
Sorvetes Laiun;-1.13358223438263;-48.4572639465332;Especialidade: sorvete, doces. Avaliações divididas. Há elogios ao sorvete, ao milkshake e ao ambiente agradável. Três avaliações detalhadas reclamam de atendimento ruim e arrogante, desorganização, pedidos anotados errados, lanche fraco e sorvete de ovomaltine aguado.
Soul açaí;-1.40593016147614;-48.4531021118164;Avaliações descrevem lugar aconchegante, com preço justo e açaí gostoso. Há reclamações de que o atendimento deixou a desejar e de que a entrega anunciada não funciona nem atendem o telefone.
Soul Fit Gourmet Saudável;-1.45699179172516;-48.4909477233887;Avaliações descrevem como empresa de comida saudável com entrega de marmitas e combos, elogiando sabor, cardápio variado, porções adequadas a dietas, custo-benefício e atendimento educado pelo WhatsApp. Uma avaliação reclama que as embalagens são frágeis e algumas chegaram danificadas.
Space Club;-1.45185446739197;-48.486385345459;Especialidade: balada. Avaliações lidas são todas negativas: reclamam de seguranças e funcionários grosseiros e despreparados, bebidas caras, ambiente desagradável e banheiros sujos. Uma avaliação relata segurança homofóbico em dia de festa voltada ao público LGBT. Os avaliadores dizem que não voltariam nem recomendam.
Spoleto;-1.38912689685822;-48.4647483825684;Especialidade: italiana. Avaliações da unidade do shopping Grão Pará são mistas. Há elogio a uma atendente simpática e prestativa, mas a maioria reclama de espera de cerca de 40 minutos por um prato, do novo sistema de pedido por totem, de pouca atenção a quem não sabe usá-lo, de um atendente desinteressado e de salada de massa servida gelada.
Spoleto;-1.45432245731354;-48.4860610961914;Especialidade: fast-food, italiana. Avaliações elogiam massas e saladas rápidas montadas na hora com ingredientes à escolha do cliente, preço justo, boa variedade de vegetais e equipe gentil, que chegou a atender em inglês. O ambiente é descrito como positivo.
Spoleto;-1.45860624313354;-48.4948501586914;Especialidade: italiana. Avaliações da unidade do Shopping Pátio Belém são mistas. Há elogios a massas saborosas montadas com ingredientes escolhidos e servidas em menos de 20 minutos. Há reclamação de salada de massa que veio sem a massa e com pouca proteína, e relato de uma atendente que constrange entregadores na retirada de pedidos.
Sport Pizza;-1.36932241916656;-48.4392547607422;Especialidade: pizza. Avaliações são divididas. Parte elogia pizza saborosa, ingredientes de qualidade, bom atendimento e entrega rápida. Uma avaliação considera a pizza ruim, enjoativa e cara e desconfia das notas positivas, outra acha o preço um pouco alto, e uma diz que os telefones não funcionam.
Sr. Forneria Pizzas Umarizal;-1.44032716751099;-48.4778518676758;Especialidade: pizza. Avaliações elogiam pizza boa, suculenta, barata e servida muito rápido, com bom custo-benefício. Uma avaliação critica o atendimento pouco simpático e o banheiro sujo.
Sr. Marmita;-1.44649940729141;-48.4781875610352;Avaliações lidas são todas negativas e tratam de pedidos por entrega: relatam atrasos de horas, pedidos que não chegaram, comida azeda, fria ou sem tempero, itens diferentes do pedido, atendimento grosseiro por telefone e dificuldade de contato e reembolso. Uma pessoa diz que o primeiro pedido tinha sido bom e o seguinte, péssimo.
Sr. Tomate Pizzaria;-1.45845687389374;-48.4957847595215;Especialidade: pizza. Avaliações elogiam pizza grande, bem recheada, de massa crocante e molho saboroso, atendimento atencioso, cardápio variado e serviço rápido, em ambiente despojado atrás do Shopping Pátio Belém. Há quem ache que a massa poderia ser mais saborosa pelo preço e quem diga que a qualidade caiu em relação a um ano antes. Uma avaliação cita mau cheiro de uma vala próxima.
Stadium Boliche Sport Bar;-1.39670157432556;-48.4536094665527;Avaliações curtas e positivas, sem detalhes.
Stand de Vendas Gran Paraíso;-1.33090567588806;-48.4497604370117;Avaliações são poucas e sem descrição do lugar: uma pergunta o horário de abertura, uma anuncia venda de lotes parcelados com construtora e uma elogia o serviço.
Sterna Café Belém;-1.44583994150162;-48.480167388916;A única avaliação elogia o atendimento, a comida e os lanches, gostosos e bem servidos, e descreve o lugar como aconchegante e limpo.
Street Pub;-1.43776005506516;-48.4648475646973;Avaliações descrevem um pub simples, pequeno e aconchegante, com cerveja barata, happy hour de chope em promoção até mais tarde, rock ambiente e hambúrguer elogiado. Há reclamações de música muito alta, de troca do rock por pagode à noite, de lotação por causa do espaço pequeno e da qualidade do chope.
Studio Jamile Nery;-1.44026744365692;-48.4674110412598;Especialidade: balada. Avaliações descrevem o lugar como clínica de estética e salão de beleza, elogiando o atendimento e a competência das profissionais, em especial a esteticista que dá nome ao espaço.
Studio Pub;-1.4575071;-48.4925172;Avaliações descrevem como casa de rock com música ao vivo quase todas as noites, boa estrutura de som e palco e um salão separado onde dá para comer e conversar sem o som das bandas. Elogiam pizza, comida, cerveja, atendimento e clima, e indicam para ir à noite com amigos ou em casal.
Suburbia Burgers;-1.46719944477081;-48.462474822998;Especialidade: hambúrguer. Avaliações elogiam os lanches, o serviço sério e atencioso e o preço justo, e uma delas considera a melhor hamburgueria do bairro.
Subway;-1.43721807003021;-48.4555244445801;Especialidade: fast-food. Avaliações curtas, em geral positivas, sem detalhes. Uma classifica como regular.
Subway;-1.44281280040741;-48.4903717041016;Especialidade: fast-food. Avaliações elogiam o horário de funcionamento estendido, o atendimento simpático, rápido e dedicado e a comida, com pagamento fácil por cartão. As demais são curtas e positivas, sem detalhes.
Subway;-1.4518985748291;-48.4804039001465;Especialidade: fast-food, lanchonete. Avaliações curtas e positivas, citando boa comida e bons preços, sem mais detalhes.
Subway;-1.41687726974487;-48.4787216186523;Especialidade: fast-food. Avaliações curtas e positivas, sem detalhes.
Subway;-1.43209791183472;-48.463134765625;Especialidade: fast-food. Avaliações curtas e positivas. Uma cita boa comida, bom atendimento e ambiente seguro e confortável.
Subway;-1.45914912223816;-48.4893188476562;Especialidade: fast-food. Avaliações curtas e positivas, uma delas citando serviço rápido e comida saborosa, sem mais detalhes.
Subway;-1.40887236595154;-48.445915222168;Especialidade: fast-food. Avaliações elogiam atendentes atenciosas, simpáticas, bem-humoradas e ágeis, lanches saborosos e ambiente agradável e refrigerado, com várias mesas, fácil acesso e estacionamento. Uma avaliação indica para ir com a família ou em um encontro.
Subway;-1.45802772045135;-48.495433807373;Especialidade: fast-food, lanchonete. Avaliações são mistas sobre o atendimento: uma elogia atendente simpática e atenciosa e outra fala em atendentes despreparadas, embora a comida seja considerada boa. Uma avaliação reclama que a máquina não aceita cartões internacionais.
Super Mario Lanche;-1.4224573969841;-48.4751892089844;Especialidade: lanchonete. Avaliações são mistas. Há elogio ao lanche e ao preço, mas várias críticas ao atendimento lento e desatento, com poucos funcionários, à falta de cuidado de higiene no preparo na chapa, a pão frio e a atraso de mais de 40 minutos em pedido por aplicativo.
Superbad Rock Bar;-1.41134679317474;-48.4320831298828;Avaliações descrevem um bar de rock e heavy metal clássico, com cerveja bem gelada e ambiente agradável para ir com família, amigos ou um encontro. Elogiam a localização, junto a uma praça cercada de lanchonetes, comidas típicas, sorveteria e parquinho.
Suprema Pães e Doces;-1.45573425292969;-48.4854125976562;Especialidade: padaria. Avaliações são mistas e puxam para o negativo. Há reclamações de demora nos pedidos, comida servida fria, atendentes mal-educados, ambiente desorganizado, mal ventilado e com paredes mofadas, e queda de qualidade após troca de funcionários. Um avaliador elogia os pratos executivos fartos e baratos no almoço e os salgados.
Sushi Boulevard;-1.43993878364563;-48.488826751709;Especialidade: japonesa, japonesa (sushi). Avaliações falam de comida japonesa boa e compatível com o preço, com rodízio barato e delivery bem embalado. Há reclamações de atendimento lento quando a casa está cheia e de garçons que pressionam pelo pagamento de gorjeta. Um avaliador acha caro.
Sushi Boulevard Duque de Caxias;-1.44169217348099;-48.4691581726074;Especialidade: japonesa (sushi), japonesa. Avaliações são mistas. Parte elogia o serviço rápido, garçons atenciosos e pratos bem feitos, embora pouco tradicionais, com muito cream cheese e frituras. Há reclamações de demora, peixe pouco fresco, sistema de pedidos complicado, preços altos e de taxa de 10% apresentada como obrigatória.
Sushi Donshen Duque;-1.43524134159088;-48.4652328491211;Avaliações descrevem sushi servido em esteira e são majoritariamente críticas: reclamam de sujeira no ambiente e nas mesas, peças repetitivas e com pouco recheio, frango cru no yakisoba, preços diferentes do cardápio e taxa de serviço não avisada. Há elogios ao combo com bom custo-benefício, ao temaki e ao ambiente climatizado para conversar.
Sushi Expresso;-1.46311581134796;-48.4982376098633;Especialidade: japonesa, japonesa (sushi). Avaliações curtas e positivas, sem detalhes.
Sushi Haddock Expresso;-1.42912995815277;-48.4626007080078;Especialidade: japonesa (sushi), japonesa. Avaliações elogiam a comida japonesa a preço justo, com destaque para temaki, yakisoba farto, hot sushi e hambúrguer de sushi, além de promoções diárias e delivery eficiente. Descrevem o espaço como pequeno e aconchegante. Há uma reclamação de falhas no atendimento, como bebidas esquecidas e falta de retorno no WhatsApp.
Sushi Inkasa Belém;-1.44504004716873;-48.4841270446777;Especialidade: japonesa (sushi), japonesa. Avaliações elogiam o ambiente bonito, limpo e confortável, com luz baixa e pedidos por tablet, e o atendimento atencioso. A comida divide opiniões: há quem tenha achado o rodízio delicioso e quem o considere limitado, com muito arroz e quase só salmão. Há reclamações de demora e de promoção anunciada no Instagram que não foi honrada.
Sushi Ro;-1.43353652954102;-48.4586563110352;Especialidade: japonesa (sushi), japonesa. Avaliações curtas, em geral positivas sobre o sushi e a comida japonesa. Uma delas elogia o sushi mas chama o atendimento de horrível.
Sushi Ruy Barbosa;-1.44605481624603;-48.489616394043;Especialidade: japonesa, japonesa (sushi). Avaliações elogiam a comida, em especial os pratos com peixes amazônicos, os coquetéis, o serviço profissional e o ambiente bonito. Uma avaliação diz que a qualidade da comida e do serviço caiu e que o público virou gente em busca de foto para rede social. Outra reclama de a gorjeta ser pedida em dinheiro sem aviso.
Sweet Art Hall;-1.45198655128479;-48.4713935852051;Especialidade: música ao vivo. Avaliações descrevem uma sala de concertos bem projetada para orquestras, com boa acústica, música clássica, contemporânea e trilhas de filmes. Citam concertos no último domingo do mês, aulas-concerto, cursos de música para alunos de escola pública e estacionamento privativo em frente.
Sweet By Bebel Lima Gastronomia;-1.44335675239563;-48.4827651977539;Especialidade: café, doces. Avaliações curtas e positivas. Uma delas descreve um casarão antigo bonito com bons lanches, recomenda o folhado de camarão com jambu, cappuccino e suco de cupuaçu, e avisa que é difícil estacionar.
Taberna Premium;-1.44626128673553;-48.4781646728516;Avaliações elogiam o churrasco e a cerveja, a comida saborosa, o preço acessível e o ambiente aconchegante.
Taberna Triunfo;-1.43465459346771;-48.4593315124512;Avaliações elogiam a comida pelo sabor e apresentação, o ambiente aconchegante e o atendimento atento e rápido. Uma avaliação cita música ao vivo de qualidade com couvert artístico de R$ 10 por pessoa e público de alto padrão.
Tacacá 474;-1.46332454681396;-48.4895133972168;Avaliações elogiam o tacacá como um dos melhores de Belém, servido quente e com quantidade padronizada de camarão, além do vatapá com arroz paraense, bolo de macaxeira e docinhos, com atendimento rápido. Uma avaliação reclama de ter encontrado fechado no horário em que o Google indicava aberto.
Tacacá D´Marina;-1.44962048530579;-48.4865264892578;Avaliações chamam de melhor tacacá de Belém, elogiando o tucupi saboroso, sem açúcar, a boa quantidade de camarão, o atendimento e a gentileza da dona. Citam que fica na esquina da Doca com a João Balbi.
Tacacá Da Diva;-1.43374943733215;-48.4717178344727;Avaliações curtas e positivas sobre o tacacá. Uma delas diz que é delicioso e diferente, no bom sentido.
Tacacá da Dona Vica;-1.30785238742828;-48.4811172485352;Avaliações elogiam o tacacá e o pastel de carne e de camarão, apontados como os melhores de Icoaraci, com preço justo e bom atendimento. Há crítica ao espaço, com área coberta pequena que não protege da chuva apesar do grande movimento, e à cobrança de R$ 1 a mais no cartão.
Tacacá Da Flavia;-1.43554681539536;-48.4616470336914;Avaliações descrevem uma barraca sob uma tenda na calçada, com espaço limpo e atendimento simpático. A maioria elogia o tacacá quente, saboroso e bem servido, e o vatapá. Uma avaliação se diz decepcionada com tucupi adocicado, gosto forte de glutamato e jambu cozido demais.
Tacacá da Flávia;-1.43052589893341;-48.4735145568848;Avaliações curtas e positivas, sem detalhes.
Tacacá Da Juliana;-1.35965847969055;-48.4285125732422;Avaliações elogiam o sabor das comidas típicas, como vatapá, caruru e arroz paraense, o espaço agradável e o bom atendimento. Há reclamações de porções pequenas para o preço e de pratos que demoraram e chegaram em tempos diferentes. Citam vaga de estacionamento na frente.
Tacacá da Lica;-1.47469115257263;-48.4758758544922;Avaliações chamam de melhor tacacá do bairro da Condor, servido há mais de 20 anos pela tia Lica, com bom atendimento. Também elogiam a maniçoba e o caruru.
Tacacá da Milóca;-1.45184898376465;-48.4764404296875;Avaliações elogiam o tacacá e o vatapá como saborosos, a higiene e dizem ser um dos tacacás mais tradicionais de Belém.
Tacacá da Olinda;-1.16456705331802;-48.4724807739258;As duas avaliações divergem: uma elogia muito a qualidade das comidas paraenses e diz ser o tacacá mais antigo de Mosqueiro, a outra diz que o tacacá estava muito ruim e não conseguiu tomar.
Tacacá da Sandra Do Mendara;-1.40546333789825;-48.453239440918;Avaliações elogiam o tacacá quente e o tucupi de qualidade, com várias opções de comida regional e bom atendimento. Uma avaliação reclama de péssima organização, dizendo que ficou em pé esperando e outra pessoa foi atendida na sua vez.
Tacacá da Socorro;-1.42074662446976;-48.4781646728516;Especialidade: brasileira. Avaliações elogiam o tacacá, a maniçoba e o vatapá, a qualidade dos produtos e o bom atendimento. Uma avaliação curta classifica como regular.
Tacaca da Teka;-1.34659123420715;-48.4497146606445;Especialidade: lanchonete. Avaliações elogiam as comidas típicas, como a unha de caranguejo e o caruru, o atendimento e o ambiente limpo e organizado. Há reclamações de preço alto para a qualidade e de péssimo atendimento no delivery.
Tacaca Da Tia;-1.43448889255524;-48.4533004760742;Especialidade: lanchonete. Avaliações elogiam o tacacá, as coxinhas e os bolos, o atendimento e o bom preço, com um cliente que frequenta há mais de 10 anos. Uma avaliação elogia o atendimento mas não gostou do salgado.
Tacacá do dodô;-1.46319401264191;-48.480354309082;Avaliações curtas e muito positivas, sem detalhes.
Tacacá do Nilson;-1.45038425922394;-48.4600448608398;Avaliações curtas e positivas, sem detalhes, uma delas elogia o tacacá.
Tacacá do Quincas;-1.45636904239655;-48.4807281494141;Especialidade: brasileira. Avaliações elogiam o tacacá como um dos melhores de Belém, além de maniçoba, vatapá e bolo de macaxeira, e o bom atendimento. Citam dificuldade para estacionar. Uma avaliação reclama de tacacá com sabor forte de tempero pronto e diz que não recomendaria.
Tacacá do Renato;-1.42697954177856;-48.460319519043;Avaliações elogiam a comida regional paraense, com destaque para tacacá e vatapá, citados entre os melhores da cidade. Descrevem o lugar como aprovado pelos moradores e bom também para turistas, com atendimento simpático.
Tacacá do Thiago O original;-1.38179731369019;-48.4572906494141;Avaliações elogiam o tacacá, com tucupi saboroso, camarão grande e jambu farto, e o bolo de macaxeira, com preços bons. Há quem ache o tacacá adocicado demais. Críticas à infraestrutura, ao local quente e sem ventilação, a não aceitar débito e a uma coxinha fria e cara com atendimento ruim.
Tacacá do Zecão;-1.46025025844574;-48.4768333435059;Avaliações descrevem um carrinho simples de comida típica na rua, com prato bem servido, preço justo e atendimento simpático, elogiando o vatapá. Uma sugere padronizar a identificação de quem trabalha lá.
Tacaca e Comidas Gourmet Sao Jorge;-1.45986807346344;-48.4656219482422;Uma avaliação elogia o tacacá e cita no cardápio pastéis, vatapá, hambúrguer e yakisoba, com uma opção diferente a cada semana.
Tacacá e Tucupi da Elaine;-1.43813741207123;-48.4809646606445;Especialidade: brasileira. Avaliações elogiam o sabor e a tradição do tacacá e do tucupi e o bom atendimento. Há crítica à infraestrutura, e uma avaliação diz que o tucupi veio morno, sem tempero e que a qualidade caiu.
Tacaca e Tucupi O Melhor do Para;-1.46019649505615;-48.4867706298828;Avaliações apontam o tacacá e o tucupi como dos melhores de Belém. Uma reclama de atendimento ríspido perto da hora de fechar.
Tacacá Paraense - Neide;-1.45205330848694;-48.4825668334961;Uma avaliação diz que vatapá e tacacá são saborosos, com preço na média.
Taco Belém;-1.45780611038208;-48.4948387145996;Avaliações tratam de uma loja de roupas: elogiam a qualidade das peças, há quem ache que ficou mais cara, e os relatos sobre o atendimento se dividem entre tranquilo e pouco atencioso.
Taiko Sushi;-1.29807168245316;-48.4803352355957;Especialidade: japonesa (sushi), japonesa. Avaliações lidas são na maioria negativas: reclamam de preços altos, porções pequenas e atendimento ruim, com relato de atendente mal-educada. Uma elogia o yakisoba.
Taiyo Sushi Belém;-1.40481948852539;-48.4532852172852;Especialidade: japonesa. Avaliações elogiam cardápio variado, custo-benefício, temakis grandes, yakisoba e entrega rápida. Críticas ao shoyu e ao teriyaki aguados, à falta de personalização dos combos e, em um relato, à queda de qualidade com preços maiores e descaso com reclamação de peixe passado.
Tap House Ver-A-Cerva;-1.45875930786133;-48.4877853393555;Especialidade: drinks, gastropub, cervejaria. Avaliações descrevem um bar de cervejas artesanais com 20 torneiras de cervejarias locais, drinques, música ao vivo e ar-condicionado. Elogiam muito a equipe, simpática e atenciosa, o ambiente e a comida, como o escondidinho amazônico de camarão com jambu.
Taperebar Bar e Restaurante;-1.45619869232178;-48.4760131835938;Avaliações elogiam a comida, o caranguejo e os sucos de frutas regionais. O atendimento divide opiniões, de regular a péssimo, e há relato de demora para servir em um dia sem água.
Tapioca da Dina;-1.44570970535278;-48.468677520752;Avaliações recomendam para café da manhã e lanche, com cardápio variado, cuscuz e suco de cupuaçu elogiados, preço justo e atendentes atenciosas. Uma avaliação elogia as funcionárias mas critica o dono, dizendo que ele trata melhor clientes com aparência de ricos e é grosseiro com quem parece pobre.
Tapioca da Dora;-1.16470259428024;-48.4728622436523;Especialidade: café da manhã. Avaliações descrevem barraca simples e movimentada, com tapioca, cuscuz e café a preços acessíveis. Há elogio ao atendimento afável e também relato de atendimento no automático por causa do movimento. Críticas pontuais à qualidade do queijo e da manteiga e à falta de sal na tapioca.
Tapioca da Rosa;-1.44136607646942;-48.4853477478027;Especialidade: café. Uma avaliação descreve barraca familiar que só abre aos domingos de manhã, com tapiocas de recheios regionais, cuscuz com leite de coco, pão na chapa, chocolate quente e café, preço baixo, higiene e ingredientes frescos.
Tapioca da Vovó Vanda;-1.40364277362823;-48.4531021118164;Especialidade: café. Uma avaliação elogia o atendimento rápido e a tapioca molhada, achou a de queijo e ovo com manteiga demais, e informa que a casa não cobra 10% e que as tapiocas custam de 7 a 18 reais.
Tapioca e Cia;-1.4393322467804;-48.4792175292969;Especialidade: fast-food. Avaliações curtas e positivas. Uma diz que é tapiocaria tradicional, desde os anos 90.
Tapioca&cia;-1.40145170688629;-48.4568672180176;Especialidade: café. Avaliações descrevem lugar simples para café da manhã e fim de tarde, com cardápio variado de tapiocas, cuscuz, sanduíches e omeletes e bom custo-benefício. Há elogios ao atendimento rápido, mas uma avaliação reclama de espera de mais de 45 minutos e de falta de ordem de chegada, com prioridade a clientes nos carros.
Tapiocaria Belém;-1.44836461544037;-48.4775238037109;Avaliações curtas e positivas, sem detalhes.
Tapiocaria da 25;-1.43476998806;-48.4614944458008;Especialidade: café. Avaliações elogiam tapiocas bem servidas, com destaque para a de queijo cuia, cafés, cuscuz e bolos, em espaço ao ar livre ou coberto entre árvores, com atendentes simpáticas. O atendimento por ordem pode demorar. Uma avaliação se frustrou por faltar cuscuz com leite de coco e tapioca molhada e achou o preço salgado.
Tapiocaria da Nilce;-1.13403874635696;-48.4572639465332;Especialidade: café. Uma avaliação elogia a qualidade e o preço camarada da barraca, citando tapiocas de ovo com queijo cuia, de banana com canela e molhada com leite condensado.
Tapioquinha da Amazônia;-1.43667602539062;-48.4933776855469;Especialidade: café. Avaliações descrevem tapiocaria no Ver-o-Rio, com vista e vento do rio, muitos sabores doces e salgados, café e atendimento gentil, boa para o fim de tarde. Citam demora em dias cheios, preço um pouco salgado e banheiro compartilhado. Uma critica cuscuz seco e sem sal e diz que o músico salvou a noite.
Tapioquinha Da Ana;-1.29405105113983;-48.4869117736816;Especialidade: café. A única avaliação relata péssima experiência com o atendimento, sem gentileza nem respeito com o cliente.
Te Puxa bar e conveniência;-1.40252208709717;-48.4450416564941;Avaliações elogiam o ambiente aconchegante, a cerveja sempre gelada, o atendimento e o pessoal carismático, com promoções diárias, preços acessíveis e bons tira-gostos.
Teatro Margarida Schivasappa;-1.45670080184937;-48.4860153198242;Avaliações curtas e positivas, sem detalhes.
Teatro Maria Sylvia Nunes;-1.44850170612335;-48.4991874694824;Avaliações curtas e positivas, uma delas citando instalações limpas e elegantes.
Tempero Goiano;-1.45181977748871;-48.4999618530273;Avaliações mistas. Elogiam o tempero, a carne no ponto, o prato feito bem servido e o atendimento. Há reclamações de preço alto para a qualidade, arroz meio cru e frango seco às vezes, ambiente sujo e desorganizado, falta de nota fiscal e segundo andar sem ar condicionado.
Tempero Paulista;-1.40299797058105;-48.4529495239258;Especialidade: pizza, padaria. Avaliações mistas, com várias críticas. Há reclamações de pizza com massa crua e fina, pouco recheio, ingredientes escassos e entrega fria no delivery. Uma avaliação elogia a qualidade e o sabor das pizzas, o atendimento atencioso do dono e a boa ventilação do local.
Tempero Secreto;-1.45548975467682;-48.4833564758301;Avaliações curtas e positivas, elogiando comida saborosa e fresca, o almoço, o ambiente agradável e o bom atendimento.
Teodoro Bar;-1.442731320858;-48.4827041625977;Especialidade: drinks. Avaliações descrevem um bar bonito, com boa música, cerveja gelada e atendentes gentis. Há críticas a poucas mesas, porção menor que o anunciado, torresmo fora do ponto, opções limitadas de vodka nos drinks e queda do atendimento e da temperatura da cerveja quando a casa lota.
Terrace Açai Gourmet;-1.44859635829926;-48.5002174377441;Especialidade: açaí, brasileira, frutos do mar. Avaliações elogiam o ambiente refrigerado e confortável, os pratos típicos bem servidos, como pato no tucupi, vatapá e açaí com peixe filhote, e o atendimento simpático, que explica os pratos a quem é de fora.
Terrace Pub Rota 66;-1.47075974941254;-48.4747657775879;Avaliações mistas. Dizem que o ambiente é agradável, ventilado e bom para tomar cerveja ou para reuniões durante o dia. Há críticas a banheiros sem iluminação, sem maçaneta e mal cuidados, ao acesso por escadas íngremes, à falta de ventiladores e à rua insegura à noite.
Terrace São Francisco;-1.40927881002426;-48.4694519042969;Avaliações descrevem um espaço para eventos nos altos, usado para aniversários e festa de 15 anos, arejado, bem localizado e com valores ajustáveis. Citam que o acesso é complicado para crianças e uma avaliação fala em atendimento mediano e cardápio que deixa a desejar.
Terraço Burger & Beer;-1.45105457305908;-48.4777374267578;Especialidade: hambúrguer. Avaliações elogiam os hambúrgueres, o milkshake, a música, a decoração e a equipe simpática, que ajuda estrangeiros a traduzir o cardápio. Uma avaliação acha um pouco caro.
Terraço Burger e Beer;-1.3314288854599;-48.4495315551758;Especialidade: hambúrguer, fast-food. Avaliações curtas e positivas, uma delas elogiando o sabor do hambúrguer.
Terraço Pará;-1.44889360666275;-48.4982757568359;Avaliação única, só com emojis, sem conteúdo.
Terrazzo Sunset - Gastronomia & Drinks;-1.47893488407135;-48.4600257873535;Avaliações mistas. Elogiam os vários ambientes, com área climatizada e piscina, o visual bom para fotos, pratos, drinks e garçons atenciosos, com entrada convertida em consumação. Há reclamações de sujeira, banheiros sem água, demora, comida fria, porção cara e drink amargo sem troca.
Teu Cardápio;-1.46305632591248;-48.4639930725098;Avaliação única, curta e positiva, sem detalhes.
Texas Restaurante;-1.42991364002228;-48.4697799682617;Avaliações mistas. Várias elogiam a comida caseira bem temperada, as porções generosas de prato feito e chapa, o ambiente espaçoso e ventilado, a música ambiente e o delivery caprichado. Há reclamações de garçom impaciente e de um cliente que pediu picanha e recebeu bisteca.
The Burger Black;-1.36838448047638;-48.4367027282715;Especialidade: hambúrguer. Avaliações descrevem ambiente aconchegante e donos simpáticos. Há reclamações de demora no atendimento e de o Google indicar aberto no domingo quando o local estava fechado.
The Coffee;-1.45736944675446;-48.5014610290527;Especialidade: café. Avaliações descrevem um café pequeno e acolhedor na Cidade Velha, bom para um café rápido, com bebidas e salgados bem feitos, como croissant, e pedido por autoatendimento em tablet ou app. Dizem ser frequentado por servidores do fórum e advogados e que no começo da tarde há menos opções de comida.
The Pug Pizza;-1.45508337020874;-48.4892158508301;Especialidade: pizza, italiana. Avaliações elogiam a pizza como uma das melhores de Belém, o arancini, a música dos anos 90 e o atendimento simpático, com garçons que falam inglês. Citam pizza pequena e casa cheia, com mesas que giram rápido. Há uma reclamação grave de pedido que não chegou após mais de duas horas na área externa.
The Sailor;-1.43640625476837;-48.4626350402832;Avaliações descrevem um bar com cerveja bem gelada, cardápio variado e bem servido, música ao vivo e karaokê, com bom atendimento nas áreas interna e externa. Há críticas à organização da lista do karaokê, com pessoas cantando várias vezes e longa espera.
The Wine Experience;-1.45278763771057;-48.4776954650879;Avaliações descrevem um restaurante sofisticado, com boa carta de vinhos, tábua de queijos e pratos elogiados, bom para jantar a dois e para almoço. Elogiam o atendimento discreto, embora uma avaliação diga que o garçom dava poucas explicações. Citam preço justo e estacionamento fácil.
Tia Maria Doceria;-1.45371067523956;-48.488697052002;Especialidade: doces. Avaliações descrevem doceria em casarão bonito e bem localizado, elogiando o sabor das tortas, como a de queijo cuia com cupuaçu, e a unha de caranguejo frita na hora. Há críticas à falta de manutenção do local, à vitrine pouco cuidada e aos preços altos, e relato de atendentes gentis mas sobrecarregados.
Tio Armênio;-1.4486790895462;-48.4999046325684;Especialidade: brasileira. Avaliações elogiam o bacalhau, as carnes macias, a caldeirada de tacacá e o atendimento educado, com cardápio em inglês. Há reclamações de recusa em servir mais de uma hora antes do horário de fechamento anunciado, de chope com metade de espuma, de garçons desatentos e de preço alto pelo serviço.
Tio Armênio Grill;-1.40373623371124;-48.4302406311035;Avaliações elogiam pratos bem servidos como o camarão ibérico, a rapidez, o atendimento atencioso, o chope gelado, os telões e a música, citando como opção mais calma que a praça de alimentação do shopping, para família ou happy hour. Uma avaliação critica a comida, com carne dura e sem tempero e preço inflacionado.
Tio Donda;-1.45873963832855;-48.4951286315918;Especialidade: fast-food. Avaliações divididas sobre lanchonete de praça de alimentação. Parte elogia o sanduíche, a batata, os molhos à vontade sem custo extra e o combo barato. Outras reclamam de porções muito pequenas, calabresa fina demais, feijão servido frio, comida sem tempero, demora na retirada do pedido e pratos diferentes da propaganda.
Tio Donda;-1.41657292842865;-48.4793586730957;Especialidade: fast-food. Avaliações elogiam o lanche de bacon com cheddar e o milk shake. Há reclamações de pouca comida pelo valor pago, inclusive em marmitas, de calabresa muito fina, de mostarda azeda e de falta de resposta pelas redes sociais.
Tio Pança pizzaria;-1.44175934791565;-48.4899406433105;Especialidade: pizza. Avaliações descrevem pizzaria pequena, bem decorada, limpa e tranquila, com pizza individual de estilo napolitano de massa fina e bem recheada, muito elogiada. Há críticas a atendimento distraído, mesas que balançam, itens do cardápio em falta e a um funcionário que foi grosseiro com uma senhora na entrada.
Tio tetel Salgados;-1.29643368721008;-48.4757232666016;Especialidade: lanchonete. Avaliações curtas e positivas, elogiando salgados variados e deliciosos e chamando-os de os melhores de Icoaraci.
Tipioka Gourmet;-1.44563281536102;-48.4759368896484;Especialidade: café da manhã. Avaliações elogiam a variedade e o sabor das tapiocas, o ambiente pequeno, limpo, climatizado e acolhedor, o atendimento e o Wi-Fi. Há críticas ao café, ao cardápio confuso, à cobrança de 10% de serviço, a preços considerados altos por parte dos clientes, à falta de estacionamento e ao fato de não aceitar crédito.
Tivoli Maiorana Belem Para Hotel;-1.44851064682007;-48.4981307983398;Avaliações descrevem hotel novo e de luxo, com quartos amplos, camas boas, piscina ampla, equipe simpática e boa localização perto da Estação das Docas. Há críticas de que o hotel ainda não estava pronto, com spa e hidromassagem anunciados que não existiam, poucos funcionários falando inglês, serviço de quarto fraco e falhas no café da manhã.
Toc Toc do Nonato;-1.40702450275421;-48.4467964172363;Avaliações em maioria curtas e positivas. Uma mais detalhada elogia a mamadeira, crocante e sem óleo, e o ambiente limpo, mas diz que a carne de sol deixou a desejar e que no almoço o garçom demorava a atender e não registrava os pedidos.
Toca Restô Bar;-1.45519453287125;-48.4913902282715;Avaliações em maioria curtas e positivas. Uma descreve o lugar como casual e confortável, limpo, com drinks muito bons e ótimo atendimento.
Tokai Express;-1.44570797681808;-48.4889526367188;Especialidade: asiática, japonesa (sushi), fast-food. Avaliações em maioria curtas e positivas. Uma elogia o bom serviço e o produto, o cardápio diário variado além do sushi, a venda por quilo e o suco natural, e observa que numa segunda-feira todos os sushis eram de salmão e que o movimento é maior nos fins de semana.
Tokyo Temakeria e Fresh Fish;-1.42975246906281;-48.4584159851074;Especialidade: japonesa, japonesa (sushi). Avaliações curtas e positivas. Uma diz que é bom, mas que o cardápio de sushi só tinha salmão e camarão.
Tomaz;-1.4386442899704;-48.4640922546387;Avaliações curtas e positivas. Uma elogia a comida e o excelente atendimento.
Tomaz Culinária Do Pará;-1.44712102413177;-48.4879341125488;Avaliações elogiam a comida típica paraense, em especial o tacacá, as porções generosas e os preços baixos, em um lugar simples, limpo e com atendentes simpáticas. Uma avaliação reclama de serviço lento e outra classifica como regular.
Tomaz Lanches;-1.42835307121277;-48.4876480102539;Especialidade: hambúrguer. Avaliações elogiam o lanche. Há uma reclamação de pedido feito pelo iFood e pago por pix que não foi entregue, sem resposta a mensagens nem a ligações.
Tonecas Drinks;-1.45911240577698;-48.5028991699219;Avaliações descrevem uma bodega de bairro simples que também funciona como mercearia, com cerveja gelada a preço justo, boa música e clima de conversa entre vizinhos e frequentadores. Uma avaliação avisa que não há banheiro feminino.
Top Açaí Sorvetes;-1.41615033149719;-48.4494285583496;Especialidade: sorvete, doces. Avaliações elogiam o açaí, o atendimento atencioso, a limpeza e o espaço aconchegante para ir com família ou amigos, com cardápio variado e preços justos. Um cliente relata que uma atendente foi arrogante ao ser perguntada sobre o cartão fidelidade.
Top beira mar;-1.42688143253326;-48.4926795959473;Avaliações descrevem um bar simples na orla fluvial, em área pobre, aconchegante, com música, bebidas, petiscos e bom atendimento. Uma diz que funciona às sextas e sábados e recomenda chegar cedo para ver o pôr do sol na baía. Outra elogia o atendimento e a aceitação de cartões. Há uma reclamação de muito barulho e baderna.
Tradicional Chapa Mista;-1.40197890996933;-48.4793739318848;Especialidade: churrasco. A única avaliação com texto reclama que a entrega demora muito.
Trattoria Godiva;-1.35328412055969;-48.4535293579102;Especialidade: italiana. Avaliações elogiam o local bonito e bem decorado, a carta de vinhos e cervejas, a música ao vivo, a comida e os pratos de peixe e camarão. Há reclamações repetidas de itens do cardápio em falta e de atendimento pouco cordial e desatento no pagamento. Uma avaliação diz que a casa mudou de dono e melhorou.
Triângulo Bar;-1.30414092540741;-48.4854507446289;Avaliações descrevem um bar agradável e confortável, com área reservada para família e amigos, pessoas simpáticas, bebida bem gelada e preços acessíveis. Uma cliente que alugou o bar para aniversário relata que o dono foi rude e grosseiro e jogou fora um item da decoração sem autorização.
Triboss;-1.44849407672882;-48.4650611877441;Especialidade: lanchonete, hambúrguer, fast-food. Avaliações elogiam a decoração temática paraense, o ambiente aconchegante, os sanduíches com nomes de gírias regionais e os preços acessíveis. Algumas dizem que o sabor é razoável, sem surpreender, e que o tempo de espera poderia melhorar, pois havia só um atendente, embora simpático.
Trick sushi Delivery;-1.43340402841568;-48.4695205688477;Especialidade: japonesa, japonesa (sushi). Avaliações descrevem um lugar simples, sem requinte, com comida bem preparada e preço justo. Elogiam o sabor e o valor. Criticam atendentes distraídos que exigem paciência, a falta de estacionamento por ficar em rua residencial e o espaço pequeno para o movimento. Uma avaliação classifica como regular.
Tropical Açai;-1.43446433544159;-48.460865020752;Especialidade: sucos. Avaliações divididas. Há elogios ao açaí, à higiene do local, à entrega em domicílio e ao selo de qualidade do açaí. Há reclamações de açaí azedo, de pedido pago adiantado e não recebido, de entrega demorada e incompleta e de calçada em más condições.
Tsuji Smoked e BBQ;-1.44016814231873;-48.4876556396484;Avaliações elogiam os hambúrgueres, o pulled pork, os bolinhos de cupim, o chope gelado, os garçons atenciosos e o ambiente casual com música boa. Uma avaliação relata experiência ruim num domingo, com carnes defumadas duras e ressecadas no combo para dois e cobrança de molho extra sem aviso.
tutanosteakeria;-1.4440199136734;-48.480297088623;Avaliações descrevem um lugar com bom atendimento, boa comida, carne no ponto, bons drinks e cerveja gelada, e também como casa de shows de sertanejo e pagode, boa para dançar. Uma avaliação reclama do som muito alto, que impedia a conversa na mesa, e diz que o grupo nem ficou.
Uata Duque;-1.43134671449661;-48.4625968933105;Especialidade: hambúrguer, fast-food. Avaliações curtas e positivas. Uma elogia o hambúrguer, os preços justos e o ótimo atendimento.
UATA?! Shopping Grão Pará;-1.39076244831085;-48.4651832580566;Especialidade: hambúrguer. Avaliações em maioria negativas. Reclamam de pratos diferentes do anunciado no cartaz, pouca proteína, batata fria, arroz duro e cobrança extra pelo feijão. Dois relatos dizem ter passado mal depois de comer na unidade, e um cita atendente mal-humorada. Uma avaliação gosta dos pratos executivos, rápidos e ainda acessíveis.
Uata?! Shopping Pátio Belém;-1.4585587978363;-48.4948997497559;Avaliações mistas. Elogiam o lanche bem feito, a batata crocante, os pratos executivos baratos e o combo grátis no dia do aniversário. Reclamam de porções muito pequenas, taxa pela embalagem para viagem, batata diferente da anunciada e de um hambúrguer para viagem entregue só com uma fatia de pão e a carne.
Uata?! Umarizal;-1.44544959068298;-48.4859580993652;Especialidade: hambúrguer. Avaliações curtas e positivas, uma delas dizendo que é um bom lugar para se reunir com amigos.
Um Doce de Canto;-1.45909881591797;-48.4624176025391;Especialidade: café. Avaliações elogiam os doces e salgados, o atendimento e o ambiente, descrito como bonito, agradável e aconchegante.
Umarizal show;-1.41233992576599;-48.4844131469727;Avaliações descrevem o local como espaço para realizar eventos, amplo, aconchegante, acessível e seguro, com bom atendimento.
Universal Una - PA;-1.37429571151733;-48.4338836669922;Avaliações são de frequentadores de uma igreja, que relatam encontrar paz, fé e acolhimento no local e dizem que está sempre de portas abertas. Uma menciona a falta de lugar apropriado para estacionar.
Usina 265;-1.44499003887177;-48.4946174621582;Avaliações curtas e positivas, sem detalhes, uma delas chamando o lugar de underground chic.
Usina das Icamiabas;-1.29869413375854;-48.4869613647461;A única avaliação com texto descreve um espaço agradável e agregador em Icoaraci, que preza pelo respeito à diversidade, à arte e à educação, recomendado para quem quer aprender e compartilhar arte e cultura.
Vala's Bar;-1.4538066983223;-48.4638824462891;Avaliações descrevem bar a céu aberto para tomar cerveja bem gelada, ouvir boa música, conversar e assistir a jogos, com dono simpático e atencioso. Uma avaliação observa que só servem cerveja e petiscos básicos.
Valent's Lanches & Cia;-1.44433677196503;-48.4598770141602;Especialidade: lanchonete. Avaliações curtas e positivas, elogiando o atendimento e o lanche, descrito como delicioso e de preço acessível.
Varanda Boi Novo;-1.45622861385345;-48.4825859069824;Avaliações elogiam a comida, com destaque para carnes e risoto, as porções bem servidas e principalmente o atendimento educado e atencioso, com garçons citados pelo nome e que falam inglês. Uma avaliação descreve o restaurante como cheio, com música e clima animado.
Veg Burger;-1.44494652748108;-48.4827842712402;Especialidade: hambúrguer, vegana, vegetariana. Avaliações elogiam muito os hambúrgueres vegetarianos e veganos, descritos como dos melhores que já provaram, com boas opções, sabores típicos e preparo caprichado. Avaliadores dizem que voltariam e recomendam.
Veloso Sport Bar;-1.46443438529968;-48.4811820983887;Avaliações descrevem como lugar para beber e assistir jogo, tranquilo e com frequentadores gente boa. Há uma reclamação forte de vizinho sobre som muito alto que incomoda o bairro.
Venancios Bar;-1.25202584266663;-48.4558601379395;Avaliações descrevem como lugar bom e barato, com ambiente limpo e arejado, comida e atendimento elogiados. Também citado como excelente para assistir jogo.
Ver O Açaí;-1.43725633621216;-48.4882469177246;Especialidade: açaí, brasileira. Avaliações recomendam para provar comida local, citando o buffet regional, o peixe fresco e o açaí. Elogiam o atendimento simpático, atencioso e rápido, com garçom que fala inglês, e o bom custo-benefício.
Ver-o-Pesinho Básico;-1.47570490837097;-48.4566841125488;Avaliações descrevem um espaço de alimentação dentro da UFPA, com vários quiosques que servem café, tapioca, salgados, almoço e lanches rápidos para estudantes e visitantes. Elogiam o tempero e os preços acessíveis para opções simples. Uma avaliação nota que não há banheiro próprio.
Vera's Bar;-1.45470058917999;-48.4710235595703;Avaliações descrevem um bar simples para tomar cerveja gelada, com atendimento rápido, telão para jogo, espaço para dançar e petiscos a preços acessíveis. Marmitas por delivery são elogiadas como caseiras e bem servidas. Há crítica ao som alto que compete com o bar vizinho e atrapalha a conversa, e um relato de item faltando no pedido.
Veras Apart Hotel;-1.44750517606735;-48.493522644043;Avaliações descrevem hotel familiar, simples e limpo, com bom custo-benefício e localização que permite ir a pé aos pontos turísticos. Elogiam muito a hospitalidade dos donos e as refeições caseiras. Críticas à estrutura datada, TV ruim, banheiro pequeno e escada de acesso apertada, sem acessibilidade.
Vero;-1.37098622322083;-48.4474067687988;Avaliações divididas. Há reclamações graves de carne estragada, demora de quase uma hora no prato, porções pequenas, comida requentada e sem tempero e preço alto. Outras elogiam a chapa mista, o camarão empanado, os sucos e a cerveja bem gelada.
Via Paulista;-1.4397555;-48.4868067;Especialidade: pizza. Avaliações divididas. Algumas elogiam a picanha suculenta, os acompanhamentos bem servidos, o ambiente agradável e os preços. Outras reclamam de atendimento grosseiro, donos arrogantes, divergência entre o valor informado e o cobrado na pesagem e baião de dois sem graça.
Via Show;-1.3568022;-48.4530187;Especialidade: balada. Uma única avaliação curta, elogiando o atendimento.
Vibe Conveniência;-1.44982624053955;-48.4677581787109;Avaliações descrevem bar e restaurante com comida saborosa, pizza elogiada e preço justo, bom para almoçar ou tomar cerveja, inclusive em família. O atendimento é o ponto mais elogiado, com garçons citados pelo nome, e o couvert é considerado barato. Uma avaliação reclama de atendente de cara fechada.
Victória Régia;-1.45748019218445;-48.4943313598633;Especialidade: lanchonete. Avaliações descrevem restaurante de almoço com comida boa e bem servida, preço baixo, ambiente climatizado e sossegado e cartão fidelidade. Há críticas ao cardápio com pouca variedade, à falta de orientação para quem vai pela primeira vez, à falta de estacionamento e um relato de que o local se recusou a dar um copo de água ao cliente.
Vida Mais Culinária Saudável;-1.4592832326889;-48.4890098571777;Avaliações elogiam a comida saudável e saborosa, com pratos regionais bem feitos e porções fartas, em ambiente climatizado, tranquilo e acolhedor, com vista bonita e estacionamento gratuito. Fica na sobreloja de uma loja de produtos naturais na praça Batista Campos. Uma avaliação achou um pouco caro para almoço.
Vikings Burger;-1.42732656002045;-48.4599800109863;Especialidade: hambúrguer, fast-food. Avaliações elogiam os hambúrgueres suculentos e feitos na hora, as batatas crocantes, os milkshakes, o preço razoável e o atendimento rápido e simpático, com garçom que fala inglês. Uma avaliação achou o hambúrguer pequeno.
VILA Sushi & Pastel;-1.43182861804962;-48.4597129821777;Avaliações elogiam o atendimento, o ambiente agradável ao ar livre e a qualidade do sushi, apontado como melhor opção do bairro. Uma avaliação achou o temaki muito pequeno, embora gostoso.
Villa Burguer artesanal;-1.29648303985596;-48.4887886047363;Especialidade: hambúrguer. Avaliações descrevem hamburgueria pequena, limpa e organizada em Icoaraci, com ambiente refrigerado e mesas na rua, hambúrgueres e milkshakes gostosos, combos com bom custo-benefício e atendimento cordial. Um cliente antigo reclama de queda de qualidade, com pedidos errados e hambúrguer menor. Não há estacionamento próprio.
Villa do Espeto Belém;-1.43697100877762;-48.4892616271973;Especialidade: churrasco. Avaliações descrevem restaurante de almoço com self-service variado e churrasco, comida boa e barata e bom atendimento. Há uma reclamação de pouca proteína pelo valor pago, carne passada demais e salgada e refrigerante caro.
Villa Marquês Bar e Restaurante;-1.43317425251007;-48.4714431762695;Avaliações descrevem espaço amplo e familiar, com estacionamento, playground pago, telão para jogos e opções de sushi, churrasco e hambúrguer. Elogiam cerveja gelada, petiscos e rapidez dos pedidos. Há críticas a carne dura ou salgada, a um poke servido cru apesar de informado como cozido, a salsicha com cheiro de estragada e a garçom que pouco passa no andar de cima.
Vini restaurantes;-1.43176901340485;-48.4852523803711;Avaliações descrevem restaurante tradicional, frequentado há muitos anos, com pratos saborosos e rápidos, preço justo e equipe atenciosa. Uma avaliação cita coma à vontade por preço baixo.
Vino;-1.45555734634399;-48.4913940429688;Avaliações descrevem uma adega-restaurante pequena, aconchegante e sofisticada, com ampla carta de vinhos vendidos em garrafa ou taça e sugestões de harmonização. Elogiam a comida, a apresentação dos pratos e o atendimento. Indicado para comemorações íntimas, encontro de amigos e jantares românticos.
Violão do Porto;-1.12547773122787;-48.4486389160156;Avaliações descrevem restaurante tradicional de Mosqueiro, de ambiente familiar e agradável, com música ao vivo nas noites de fim de semana. Elogiam a comida, em especial o filhote à paraense e o pirão, a cerveja gelada, o bom preço e o atendimento.
Vitrine Lounge;-1.44771122932434;-48.4900970458984;Especialidade: drinks. Avaliações elogiam o clima do lugar, a banda ao vivo, os coquetéis, o atendimento e o público. Uma diz que é um bom lugar para quem gosta de pagode. As demais são curtas e positivas.
Wanda's Recepções;-1.451376080513;-48.4841728210449;Avaliações descrevem um salão de eventos amplo, climatizado e modernizado, com piscina na área externa, boa comida e bom atendimento, usado para almoços e eventos fechados. Uma avaliação pede que nivelem o piso na entrada do salão e na saída para a piscina para evitar tropeços.
Wasabi Sushi;-1.45454335212708;-48.4857215881348;Especialidade: japonesa, japonesa (sushi). Avaliações elogiam a comida japonesa e dizem que o preço condiz com a qualidade. Uma considera sem graça pelo preço, embora o melhor que encontrou em Belém. As demais são curtas e positivas.
Way Home;-1.40166920423508;-48.4307594299316;Avaliações curtas e positivas, elogiando a comida, o preço e o atendimento delicado e atencioso, e chamando de a melhor refeição da redondeza.
WestWood Belém;-1.4479877948761;-48.4948768615723;Avaliações descrevem bar e restaurante temático country, com decoração, música e funcionários vestidos a caráter e interação com os clientes, e elogiam o ambiente e o atendimento. Há críticas ao preço alto, a acompanhamentos frios e sobremesa doce demais, e a um funcionário que fechou a cara ao ser pedido para tirar fotos.
Xícara da Silva;-1.44704687595367;-48.488037109375;Avaliações descrevem um restaurante pequeno e aconchegante, de ambiente charmoso e bom para um jantar romântico, com cozinha italiana e regional paraense. Elogiam as pizzas, as entradas, o cappuccino, a sobremesa de chocolate, os preços e o atendimento simpático e rápido. Há crítica a uma massa salgada demais, a coquetéis pouco equilibrados e à cobrança da taxa de serviço.
Yakisoba da hora;-1.30451536178589;-48.4835243225098;Avaliações elogiam o yakisoba e os lanches, a comida saborosa e quentinha, o atendimento, o ambiente e os preços acessíveis. Citam que o pedido sai rápido, é preparado na frente do cliente e que a casa aceita cartões.
Zarabe Lebanese Street Food;-1.43934881687164;-48.4635467529297;Especialidade: lanchonete, árabe. Avaliações elogiam a comida libanesa de sabor autêntico e bem servida, com destaque para shawarma, esfirra de queijo com zaatar e kibe, além de preços acessíveis e atendimento atencioso, com chá de cortesia na chegada. Há mesas ao ar livre. A crítica recorrente é o barulho na área externa, por causa de bares vizinhos com som alto.
Zio Cucina Belém;-1.38998705148697;-48.4646453857422;Especialidade: italiana. Avaliações descrevem um restaurante italiano dentro de um shopping, elogiando carpaccio, filhote com arroz paraense ou molho de camarão, saladas para dois, sobremesas, happy hour e atendimento simpático. Uma avaliação critica bastante o serviço: ambiente quente, pratos do cardápio em falta, ponto da carne não perguntado e chope com muito colarinho.
Zuvi - Belém;-1.45635652542114;-48.4856758117676;Especialidade: drinks. Avaliações descrevem um lugar bonito, acolhedor e sofisticado, bom para encontrar amigos e tomar drinks, que são elogiados. A comida divide opiniões: há elogios ao croquete de beterraba e críticas à isca de peixe, à paella salgada e a porções pequenas. Dois relatos de Dia dos Namorados reclamam de desorganização e espera de quase duas horas pelo prato principal.
+Mais Churrasco;-19.939245223999;-44.1635055541992;Avaliações elogiam o churrasco e o espetinho, descritos como saborosos, quentes e com carne macia, além do bom atendimento e do preço acessível. Uma delas relata pedido feito por aplicativo de entrega.
365 Beers;-19.9853820800781;-44.1956329345703;Especialidade: drinks. Avaliações descrevem um lugar aconchegante e agradável para tomar cerveja e comer churrasquinho. Elogiam a cerveja bem gelada, o churrasco, o preço justo, o atendimento e as pessoas que frequentam.
415 Açaí;-19.9410057067871;-44.179407119751;Especialidade: coreana. Avaliações falam em ambiente agradável e bom espaço para receber amigos, elogiando o açaí. Uma avaliação elogia a pizza.
88 Bros;-19.9704828262329;-44.1933879852295;Avaliações elogiam bastante o atendimento, descrito como educado e simpático, e o espaço alegre e com muito verde. Citam macarrão, porções de batata, espetinho e petiscos que saem rápido, drinks diferentes com opção sem álcool, cervejas variadas, sucos naturais e preço justo. Uma avaliação chama de um achado em Betim.
A Fábrica Hamburgueria Artesanal;-19.9438047409058;-44.1265163421631;Especialidade: hambúrguer. Avaliações são muito elogiosas ao hambúrguer, chamado por vários de o melhor que já comeram. Elogiam também o atendimento atencioso, a espera curta, o ambiente limpo e organizado e a música. Parte dos relatos é de pedidos para entrega.
A Panilar Panificadora e Confeitaria;-19.9663896560669;-44.1948528289795;Especialidade: padaria, doces, café da manhã. Avaliações são na maioria curtas e positivas. Uma descreve como ótima padaria, com preço justo e lugar agradável para um lanche. Há uma reclamação detalhada de bolo azedo e pães mofados poucos dias após a compra, dizendo que a qualidade vem caindo.
A pizza nossa de cada dia;-19.9584865570068;-44.1904945373535;Especialidade: pizza. Avaliações divididas e curtas. Duas são positivas, citando bons sabores e bom atendimento. Uma reclama de péssimo atendimento e de comida ruim e queimada.
AABB Betim;-19.9471807479858;-44.1891021728516;Avaliações descrevem um clube agradável para ir com a família, se divertir e praticar esportes, com bares e restaurantes de boas opções e preço justo e administração elogiada. Há uma reclamação de atendentes de um dos bares, descritas como de má vontade e sem educação.
Açaí da Polly;-19.9611434936523;-44.1403789520264;Especialidade: coreana. Avaliações elogiam o açaí e os cremes de frutas, como os de morango e cupuaçu, e parte elogia o atendimento. Há uma reclamação detalhada sobre a entrega, com atraso de quase duas horas, pedido errado e falta de retorno dos atendentes.
Açaí Sabor e Cana;-19.9316635131836;-44.1099376678467;Especialidade: lanchonete. Avaliações curtas e positivas, sem detalhes.
Açaí Super Prime Fabrica;-19.9390888214111;-44.1742973327637;Especialidade: sorvete, doces. Avaliações lidas são quase todas negativas. Várias relatam que, apesar do horário divulgado até 23h, por volta das 22h os itens já estavam recolhidos e o banheiro fechado, inclusive para criança pequena, com funcionária descrita como mal-educada. Há queixa de loja suja e de sorvete de pote de 1 litro de má qualidade. Uma avaliação diz que o local em si é bom.
Açaiteria e Sorveteria Sabor Da Serra;-19.9757928848267;-44.163402557373;Especialidade: sorvete, doces. Avaliações elogiam o sorvete cremoso e o açaí, chamados por alguns de os melhores de Betim, o preço acessível e o lugar limpo, organizado e agradável. Há uma reclamação forte de atendimento frio e desinteressado de uma atendente.
Ágape Sorvetes;-19.9553728103638;-44.2001552581787;Especialidade: sorvete, doces. Avaliações elogiam os sorvetes, descritos como cremosos, saborosos e bem servidos, o preço e o custo-benefício, o ambiente agradável e principalmente o atendimento simpático e atencioso, com um atendente citado pelo nome.
Albergue Vitor Braighi;-19.9455881118774;-44.1986618041992;Avaliações tratam o local como albergue de acolhimento para pessoas em situação de rua. Algumas elogiam a organização, a alimentação e as doações. Outras criticam o atendimento de funcionárias, alegam desvio de doações e reclamam das regras de permanência.
Alice's Burguers;-19.9345016479492;-44.1280879974365;Especialidade: lanchonete. Avaliações elogiam os lanches, descritos como bem servidos, caprichados e saborosos, os molhos, o preço e o atendimento gentil, inclusive online. Há crítica a uma pizza considerada de baixa qualidade pelo preço e a entregas que ultimamente demoram cerca de uma hora e meia.
All Night Lounge;-19.9510765075684;-44.1946659088135;Especialidade: balada. Avaliações descrevem uma boate de música alta, principalmente funk, indicada para um after. A maioria é negativa: relatam seguranças que tratam mal e perseguem clientes, expulsão sob acusação de uso de drogas sem ouvir a pessoa, banheiro feminino obrigado a ficar com a porta aberta, pouco espaço e sujeira do lado de fora. O atendimento de caixa e bar é chamado de mediano.
American Pizza Betim;-19.9461727142334;-44.1746520996094;Especialidade: pizza. Avaliações falam sobretudo de pedidos por entrega. A maioria elogia a pizza saborosa, que chega rápida, quente e bem embalada. Uma relata pizza amassada e vazando, refrigerante trocado e a pizzaria se recusando a resolver, atribuindo o problema ao aplicativo de entrega.
Andrezza Bolos;-19.9471616744995;-44.1537628173828;Especialidade: doces. Avaliações são na maioria curtas e positivas. Uma cliente recorrente elogia os bolos de aniversário, dizendo que o trabalho é impecável no sabor e na decoração.
Angu A Baiana do Galin;-19.949559211731;-44.1970806121826;Avaliações descrevem um lugar de comida muito popular entre os moradores, que serve principalmente caldos tradicionais e baratos, mais procurados no inverno. Elogiam a comida e as demais são curtas e positivas.
Angulandia Bike Bar;-19.9661016464233;-44.1930046081543;Avaliações descrevem um lugar aconchegante e diferenciado, com pessoas legais, cerveja gelada, sinuca e música boa. Elogiam muito a comida, em especial o costelão com milho servido às quartas e a galinhada das segundas.
Arena Carioca;-19.9718160629272;-44.1910705566406;Avaliações descrevem um lugar agradável para tomar cerveja gelada com amigos e família. Elogiam o atendimento, o preço justo e os tira-gostos, com destaque para o pastel de angu.
Armazém Lounge Beer;-19.9695243835449;-44.2054901123047;Especialidade: balada. Avaliações são mistas. Há elogios ao lugar aconchegante, ao atendimento atencioso, à música e aos DJs. Uma diz que toca funk, que o ambiente fechado é abafado e que há muitos menores de idade e consumo de drogas. Outra reclama de um evento com open food insuficiente, cerveja aguada, TV pequena e funcionária mal-educada.
Artesanato Do Japa;-19.9582605361938;-44.1908493041992;Especialidade: japonesa. Avaliações elogiam a comida japonesa, com sushi fresco e bem temperado e hot crocante. Há ressalvas a peças com arroz demais e a poucas opções. Uma avaliação reclama do atendimento e de ter encontrado o local fechado à tarde, apesar do horário divulgado até 22h.
Assados Ville Doratta;-19.9417314529419;-44.1652183532715;Avaliações curtas e positivas, elogiando atendimento, qualidade e sabor, sem mais detalhes.
Autêntico Sabor;-19.9468431472778;-44.192361831665;Avaliações elogiam a comida e o atendimento do restaurante de almoço, que durante a pandemia atendia por retirada e entrega. Uma avaliação afirma que o restaurante não existe mais e que no local funciona apenas uma pizzaria de entrega à noite.
Bahia Lanches;-19.934850692749;-44.1195449829102;Especialidade: drinks. Avaliações elogiam o atendimento simpático, a cerveja gelada e o ambiente agradável. Destacam as porções, os sanduíches e hambúrgueres, o espaguete e a tilápia. Uma avaliação recomenda o lugar para assistir aos jogos do Galo.
Bangalô Restaurante;-19.9278650283813;-44.1808929443359;Especialidade: brasileira. Avaliações elogiam a comida mineira bem temperada, com destaque para a feijoada de sexta, o bom preço e as opções do cardápio. Parte elogia o atendimento atencioso e uma avaliação reclama de não haver garçom por perto.
bar canequinho;-19.9613332748413;-44.1687507629395;Avaliações elogiam os espetinhos, a cerveja bem gelada, o ambiente agradável e a música. Uma avaliação diz que o lugar fecha às 22h e que perto do fechamento os atendentes ficam mal-educados e de má vontade.
Bar Casal 20;-19.9542789459229;-44.2016372680664;Avaliações descrevem um barzinho simples, movimentado e bem frequentado, com cerveja gelada e tira-gosto, bom para conversar por não ter som alto. Duas avaliações reclamam do atendimento, chamado de horrível e demorado. Uma menciona que moradores dos apartamentos acima se incomodam quando clientes ligam som alto.
Bar da Branca;-19.9433479309082;-44.174934387207;Avaliações descrevem um bar agradável e de ambiente familiar, elogiando o atendimento, o acolhimento e a comida.
Bar do André;-19.9410371780396;-44.1746253967285;Especialidade: drinks. Avaliações descrevem um lugar familiar e descontraído, confortável e limpo, elogiando a cerveja gelada, o tira-gosto e o atendimento eficiente.
Bar do Capixaba;-19.9583644866943;-44.1587162017822;Avaliações curtas e positivas, citando ambiente familiar, boa recepção, produto de qualidade e serviço excelente.
Bar Do Chapisco;-19.932580947876;-44.1079616546631;Avaliações descrevem um lugar calmo e de ambiente familiar, bom para tomar cerveja e encontrar amigos, com preço bom e cerveja gelada. O dono é citado como atencioso, simpático e carismático.
Bar Do Coxinha Betim;-19.9584894180298;-44.2009181976318;Especialidade: lanchonete. Avaliações curtas e positivas, sem detalhes.
Bar Do Julião;-19.9558982849121;-44.2032051086426;Avaliações em sua maioria curtas e positivas. Uma delas, de frequentador desde a infância, descreve um excelente bar de espaço arejado, elogia o prato tradicional de traíra sem espinha e o atendimento do dono.
Bar Do Kverinha;-19.9413576126099;-44.2307052612305;Especialidade: música ao vivo. Avaliações curtas e positivas, uma delas descrevendo como bar familiar.
Bar do Marcão;-19.8788871765137;-44.1810054779053;Especialidade: drinks. Avaliações descrevem um lugar agradável, com comida caseira mineira muito elogiada, cerveja gelada, bom atendimento e donos simpáticos. Uma avaliação avisa que o endereço cadastrado está errado e que o bar fica no condomínio Serra das Flores.
Bar do Peixe;-19.9595556259155;-44.1417407989502;Avaliações descrevem ambiente familiar e agradável, elogiando a porção de peixe, criado no próprio local, e o atendimento do chef da casa.
Bar Do Piriá;-19.9424486160278;-44.1797065734863;Avaliações curtas e positivas, citando cerveja gelada, tira-gosto bom, atendimento excelente e lugar aconchegante.
Bar do Renato;-19.9607858657837;-44.2016887664795;Avaliações descrevem um buteco raiz, com mesas na praça, bom para ir com amigos e família, elogiando o atendimento, o dono, a cerveja bem gelada e os tira-gostos. Uma avaliação diz que é reduto de torcedores do Atlético em dias de jogo.
Bar do Romeu;-19.9465961456299;-44.2333984375;Avaliações em sua maioria curtas e positivas. Uma delas o recomenda como um dos melhores restaurantes de Betim para comer comida mineira autêntica.
Bar Do Ronaldo Rei Do Caldo;-19.9477691650391;-44.1779098510742;Avaliações mistas: três são curtas e positivas, e duas trazem críticas detalhadas à comida, relatando tábua mista mal preparada e sem tempero e caldos de feijão e de mandioca sem carne e sem sabor.
Bar do Sexta - Buteco Do Dada;-19.9441213607788;-44.179988861084;Avaliações descrevem ambiente familiar, tranquilo e aconchegante, com cardápio variado e cerveja bem gelada. Uma avaliação relata que um acompanhante não foi bem atendido, embora tenha gostado dos tira-gostos.
Bar Do Tico;-19.9492273330688;-44.1740875244141;Avaliações elogiam a cerveja gelada, o tira-gosto, o preço justo e o atendimento, destacando a simpatia dos proprietários. Descrevem ambiente familiar, bom para tomar cerveja e assistir a jogos.
Bar do Tomate;-19.9545822143555;-44.2007522583008;Avaliações curtas e positivas. Uma delas diz que é o melhor lugar para assistir aos jogos do Cruzeiro.
Bar do valsin;-19.9848623275757;-44.1514320373535;Avaliações curtas e positivas, chamando de melhor bar do bairro, bom para tomar uma, com bom atendimento.
Bar Dona Rosa;-19.9709415435791;-44.1992473602295;Avaliações descrevem um lugar bom e seguro para curtir a noite em Betim e se divertir.
Bar e Mine Mercearia do Perninha;-19.9562253952026;-44.1641998291016;Avaliações curtas e sem detalhes, uma delas dizendo que o lugar salva pelas variedades.
Bar e Restaurante Santa Gula;-19.9607667922974;-44.1990699768066;A única avaliação com texto o chama de melhor self-service de Betim.
Bar Estrada Real;-19.9473581314087;-44.1894626617432;Avaliações em geral positivas, citando boa carta de cervejas, cardápio saboroso, wifi e preços acessíveis. Uma avaliação elogia a cerveja gelada e o lugar, mas não gostou muito da porção.
Bar Lado B;-19.9531173706055;-44.1969089508057;Avaliações curtas e positivas, sem detalhes, uma delas mencionando rock and roll.
BBQ Cervejas Betim;-19.9641027450562;-44.2011814117432;Especialidade: cervejaria. Avaliações elogiam o chopp, o ambiente agradável e familiar, o atendimento e os tira-gostos, com destaque para a porção de camarão. Há reclamação de porção de contra filé pequena e cara e outra de que em uma visita a casa não tinha cervejas artesanais nem chopp.
Beach80_;-19.9507741928101;-44.2371215820312;Avaliações descrevem um espaço para esportes de praia com 10 quadras, lanchonete e áreas de convivência, em clima praiano. Elogiam o ambiente acolhedor para família e amigos, a organização, os preços justos e o day use. Uma crítica aponta que os bebedouros ficam dentro dos banheiros.
Bebi's Bar;-20.0215721130371;-44.2243156433105;Avaliações descrevem um bar de bairro com ambiente familiar e aconchegante, cerveja gelada de várias marcas e tira-gostos variados, com elogio à porção de peixe. Citado como bom para tomar uma cerveja no fim do dia e como o melhor da região.
Beer Point;-19.9393377304077;-44.1249713897705;Avaliações curtas e positivas: citam cerveja bem gelada, local tranquilo, bom atendimento e sinuca.
Bet's Burguer;-19.9631233215332;-44.2028007507324;Especialidade: hambúrguer, fast-food. Avaliações curtas e positivas, sem detalhes.
Beth Gourmet;-19.96812915802;-44.1999816894531;Especialidade: brasileira. Avaliações descrevem um restaurante popular de almoço com self-service variado e bem temperado, bom atendimento e ambiente tranquilo e familiar. Um avaliador vegano diz que encontra opções. Há ressalvas de espaço um pouco apertado no sábado e de um prato que passou do sal.
Betinho do Sanduíche Inga Betim;-19.9539489746094;-44.1980361938477;Especialidade: lanchonete, fast-food. Avaliações curtas e positivas, uma delas elogiando a simpatia da equipe, sem mais detalhes.
Bistrô Serra De Minas;-19.9380960464478;-44.1983375549316;Avaliações elogiam o chef que comanda a casa, os pratos saborosos, o ambiente acolhedor e os eventos realizados no local, com menção às noites de hambúrguer artesanal.
Black Jack Burgers;-19.9595746994019;-44.2013168334961;Especialidade: hambúrguer. Avaliações têm tom misto. Há elogios aos hambúrgueres, à temática da casa, à batata rústica e aos molhos. As críticas citam carne fora do ponto pedido, cerveja choca, lanche gorduroso, problemas no aplicativo e no WhatsApp e atrasos longos na entrega. Um avaliador diz que as mesas na calçada atraem pedintes.
Blackbull Steakhouse;-19.958685874939;-44.1905059814453;Especialidade: churrasco. Avaliações curtas e positivas, sem detalhes.
Bocca Hamburgueria Gourmet;-19.9434251785278;-44.1270904541016;Especialidade: hambúrguer, lanchonete, sucos. Avaliações curtas e positivas, sem detalhes.
Boi Lourdes;-19.958065032959;-44.189567565918;A maioria das avaliações é curta e positiva, sem detalhes. Uma reclamação longa elogia apenas o ambiente e relata péssimo atendimento, com hambúrgueres que demoraram duas horas e chegaram frios, dizendo preferir a outra unidade da rede.
boi na brasa carnes;-19.9732084274292;-44.1436424255371;Avaliações tratam o lugar como açougue que também vende bebidas geladas e churrasquinho. Há elogios à qualidade das carnes e ao churrasquinho. Críticas dizem que o atendimento e a qualidade pioraram após troca de funcionários e que alguns preços são mais altos que em outros açougues.
Bololo Gastrobar;-19.9694023132324;-44.2025108337402;Especialidade: gastropub. Avaliações muito positivas descrevem ambiente aconchegante, com decoração charmosa e equipe atenciosa, simpática e ágil mesmo com casa cheia. Elogiam o cardápio de almoço com preço justo, os pratos bem apresentados, a batata, as sobremesas e a cerveja gelada. Um avaliador comemorou aniversário no local e elogiou o cuidado dos proprietários.
Bolos BomPreço;-19.9417924880981;-44.1037216186523;Especialidade: doces, padaria. Avaliações elogiam os bolos bem recheados e os docinhos, o preço, a pontualidade e o atendimento personalizado e atencioso da responsável. Soam como encomendas de bolos e doces.
Bolos e Salgados | Vanda Leles Gourmet;-20.0136957168579;-44.1213798522949;Especialidade: doces, lanchonete, padaria. Avaliações tratam de encomendas de bolos, doces e salgados para festas e aniversários. Elogiam o sabor, os salgados bem recheados, o capricho, a embalagem, o custo-benefício e o atendimento rápido e atencioso.
Bom de Boca Lanches Betim;-19.9526519775391;-44.1862678527832;Especialidade: hambúrguer, fast-food. Avaliações elogiam os lanches e principalmente o macarrão na chapa, o atendimento, a entrega rápida e os preços justos. Um avaliador destaca que fica aberto até mais tarde em dias de semana.
Bom Demais Lanches e Açaí;-19.9483709335327;-44.1991577148438;Especialidade: lanchonete, sorvete, doces. Avaliações têm tom misto. Clientes antigos dizem que a qualidade caiu após mudança de gestão, com atrasos na entrega, itens faltando, refrigerante quente, falhas no aplicativo e demora no WhatsApp. Uma avaliação elogia tudo o que é servido e só pede que nivelem a área das mesas externas.
Bom drink bar;-19.9311017990112;-44.161434173584;Especialidade: música ao vivo. Avaliações elogiam o atendimento, a cerveja bem gelada, a música ao vivo, o preço justo e o ambiente familiar. A comida é destacada, com menção à galinhada, às porções e ao fígado com jiló. Um avaliador conta que foi com seu par e gostou do som.
Bora Bora Açaí;-19.9630975723267;-44.2089767456055;Especialidade: lanchonete. Avaliações elogiam o açaí cremoso e bem montado, o atendimento e o ambiente agradável para ficar. Sobre preço há divergência: um avaliador acha justo e outro acha meio caro, embora diga que a qualidade compensa.
Boteco Joana;-19.9670848846436;-44.19114112854;Avaliações descrevem um boteco familiar, com cerveja bem gelada, tira-gostos elogiados, bom atendimento e gente legal. Citado como bom lugar para happy hour.
Bottija Grill;-19.9393634796143;-44.1637153625488;Especialidade: churrasco, pizza. Avaliações com texto têm tom misto. Uma elogia a variedade, a carne assada macia e o arroz com pequi, mas diz que a comida estava fria. Outra reclama de poucas opções pelo preço e da regra de cobrança por quilo só para crianças e diz que não volta. As demais são curtas e positivas.
Brasão restaurante e pizzaria;-19.9380464553833;-44.1118392944336;Avaliações têm tom misto. Uma elogia o atendimento, a cerveja barata, a porção bem servida com preço justo e o espaço kids. Duas reclamam da entrega: pizza que passou de duas horas e meia sem chegar e porção que veio fria e incompleta, sem resposta por WhatsApp ou telefone.
Brene Burguer;-19.9359893798828;-44.1139869689941;Especialidade: hambúrguer. Avaliações elogiam o sabor e o tamanho dos hambúrgueres artesanais e, em parte, o atendimento gentil. Há críticas de porção de madrugada com batata queimada e encharcada, de cadeiras desconfortáveis e de um garçom que negou molho a uma mesa e depois o levou a outros clientes.
Brothers Bar;-19.9337921142578;-44.0989036560059;A única avaliação descreve um bar legal, de ambiente familiar e bom atendimento, recomendado para o fim de noite por ficar aberto até as 4h.
BudegaS Rota 76 Bar;-19.9395761489868;-44.1894111633301;Avaliações descrevem um bar tranquilo, agradável e familiar para tomar uma cerveja, com decoração feita com carinho. Elogiam o dono, o sabor da comida, o atendimento e a limpeza. Uma pessoa diz que é seu bar preferido.
Bueno Sabor;-19.9420528411865;-44.1825370788574;A única avaliação elogia a comida como excelente e o bom atendimento, dizendo que vale a pena conferir.
Buenos Lanches;-19.9424753189087;-44.1834468841553;Especialidade: hambúrguer, lanchonete. Avaliações curtas e positivas, sem detalhes, uma delas elogiando o hambúrguer.
Bulldog Dogueria;-19.9393682479858;-44.1271171569824;Especialidade: cachorro-quente. Avaliações curtas e positivas, sem detalhes.
Burgão Beats;-19.9224720001221;-44.2738418579102;Especialidade: pizza, hambúrguer. Avaliações tratam principalmente de delivery e têm tom misto. Parte elogia lanches, pizzas e hambúrgueres, a embalagem e a entrega rápida. Há reclamações fortes de pedidos que demoraram horas ou não chegaram sem nenhuma satisfação, de atendimento sem profissionalismo e de uma pizza com recheio azedo, cara e ruim.
Burger King;-19.9624223709106;-44.1598434448242;Especialidade: fast-food, hambúrguer. Avaliações curtas elogiam os hambúrgueres e os sanduíches de frango. Há uma reclamação de fila grande e espera de quase 40 minutos para receber o pedido.
Burger King;-19.9584379196167;-44.1907501220703;Especialidade: fast-food, hambúrguer. Avaliações curtas e positivas, sem detalhes. Uma diz que é o melhor fast-food do shopping Monte Carmo.
Buteco do Zé - Restaurante & Barzinho;-19.9707679748535;-44.1931343078613;Avaliações de tom misto. Uma cliente que foi com o esposo elogia o atendimento, o ambiente tranquilo e organizado, a comida bem servida, rápida e saborosa e os preços justos, e cita que há comentários negativos sobre o atendimento. Outra relata que o gerente gritou com crianças que brincavam no playground e diz que não volta. As demais são curtas.
Butekus Bar;-19.9472894668579;-44.1771106719971;Avaliações descrevem ambiente familiar, descontraído e agradável, bom para se divertir e levar a família. Elogiam o atendimento, as refeições e os tira-gostos, a cerveja bem gelada e o preço acessível.
Cachaça Patuá;-19.93044090271;-44.2415046691895;Avaliações elogiam a cachaça, chamada por um avaliador de a melhor do Brasil, além do atendimento e dos produtos.
Cafeteria Lusitana;-19.9713068008423;-44.1991996765137;Especialidade: café. Avaliações descrevem ambiente aconchegante, bonito, limpo e confortável, bom para tomar café e para trabalhar com notebook, com tomadas em todas as mesas. Elogiam o atendimento simpático, o cappuccino, os salgados, o waffle de pão de queijo e a variedade de cafés e bebidas. Uma pessoa achou o salão quente, sem ar condicionado.
Cafeteria Mais1. Café - Betim, Centro;-19.9677476882935;-44.1980495452881;Especialidade: café, café da manhã, lanchonete. Avaliações elogiam muito o atendimento atencioso e cortês, os cafés, o cappuccino e o croissant, com música suave e clima acolhedor. Uma pessoa achou o espaço pequeno, com poucos lugares para sentar. Outra, apesar de elogiar o serviço, achou o lugar chique demais e sentiu vergonha por ter chegado suja do trabalho.
Caldo de cana quebra mola;-20.0077753067017;-44.1648693084717;Especialidade: lanchonete. Avaliações descrevem parada de caldo de cana e pastel com bom acesso para quem está na estrada, elogiando o atendimento rápido, a simpatia dos donos e o bolo. As opiniões sobre o pastel se dividem: há quem o considere o melhor, e há críticas à carne, com gosto de óleo velho ou de má qualidade, e ao pastel gorduroso.
Caldos e Cia;-19.9672346115112;-44.2040939331055;Avaliações curtas, na maioria positivas e sem detalhes, com uma que classifica o lugar como regular.
Cantina da São;-19.9727163314819;-44.1649360656738;Avaliações de tom misto sobre comida caseira de bairro. Parte elogia a comida como simples, bem feita e a melhor do bairro. Há reclamações de atendimento ruim, com pedido vindo diferente do solicitado e comentários deselegantes sobre o cliente, de comida requentada e de entregas que passam de uma hora de espera.
Cantina da Val;-19.9615278244019;-44.1378173828125;Avaliações elogiam a comida caseira saborosa e de ótima qualidade, o preço justo e o atendimento excelente.
Cantina Dahlu;-19.9662075042725;-44.2002506256104;Especialidade: brasileira. Avaliações descrevem restaurante simples de administração familiar, com comida caseira bem temperada, local limpo e aconchegante e funcionários atenciosos. Elogiam a proprietária, o custo-benefício e o filé de frango à milanesa das quartas. Uma pessoa acha que o espaço poderia ser maior para organizar melhor as mesas.
Cantina do Neto;-19.9497385025024;-44.2018642425537;Avaliações curtas e positivas, sem detalhes.
Cantinho do Tropeiro;-19.9552097320557;-44.2008247375488;Especialidade: brasileira. Avaliações curtas e positivas, sem detalhes.
Cantinho Lanches;-19.9480590820312;-44.0720062255859;Avaliações curtas, na maioria positivas, citando lugar acolhedor, ótimos profissionais, excelente atendimento e comida deliciosa. Uma avaliação diz apenas que são mal educados.
Carol Lanches;-19.9720001220703;-44.1380805969238;Avaliações falam principalmente de pedidos por entrega e têm tom misto. Há elogios à pizza, ao atendimento e aos preços. Há reclamações de sachês sujos misturados ao lanche, que chegou revirado, e de queda de qualidade depois do primeiro pedido, com horas de demora e comida chegando fria.
Casa da Pizza Betim;-19.9440317153931;-44.1971664428711;Especialidade: pizza. Avaliações elogiam a pizza, com massa bem executada, recheio na medida e variedade de sabores, e o ambiente agradável e aconchegante para família e amigos. Uma pessoa achou o lugar pequeno e muito cheio. Há uma reclamação de três horas de espera pela pizza e de atendente que zombou do cliente.
Casa das Festas;-19.9342107772827;-44.1909980773926;Avaliações de tom misto sobre um espaço de festas. Há elogios ao espaço amplo, bonito e bem cuidado, às pessoas e ao proprietário atencioso. Uma pessoa que foi a uma festa de música de décadas passadas achou o som alto demais e ruim para o tamanho do espaço. Outra alerta que não há segurança nem revista na entrada e recomenda evitar.
Casa de vó;-19.9640016555786;-44.1847362518311;Especialidade: brasileira. Avaliações lidas são quase todas negativas. Reclamam de comida do buffet oleosa, salgada ou fria, pouca variedade, churrasco anunciado sem carne bovina, equipe desorganizada e garçom despreparado. Um frequentador antigo diz que a qualidade caiu muito. Uma cliente achou o café da manhã colonial diferente do divulgado, o ambiente sujo e encontrou uma mosca na bebida.
Casa di João;-19.9590339660645;-44.2009468078613;Avaliações elogiam o atendimento dos proprietários, educados e atenciosos, o tempero, a comida caseira simples, a pimenta e a cerveja gelada. Uma pessoa critica o cardápio por não trazer os preços das porções.
Casa Do Frango Assado Alterosas;-19.9474744796753;-44.1601181030273;Especialidade: frango. Avaliações de tom misto. Há quem considere o melhor frango assado da região, elogiando o frango recheado com bacon, a farofa, a maionese e o atendimento. Há reclamações de frango entregue cru no Dia das Mães, de tropeiro com sal irregular e de pedido que chegou muito depois do prazo sem que atendessem o telefone.
Casa Mineira;-19.9528856277466;-44.1249351501465;Especialidade: brasileira, buffet (rodízio). Avaliações descrevem restaurante de almoço com preço acessível, muitas opções de comida saborosa, ambiente aconchegante e bom atendimento, perto de várias empresas e com grande fluxo de clientes. O estacionamento costuma ficar cheio e uma pessoa sente falta de mais funcionários oferecendo bebidas.
Casa Ybirá;-19.959041595459;-44.2013626098633;Avaliações descrevem restaurante aconchegante na praça da Igreja do Rosário, com meia luz, som acústico em volume baixo, petiscos, pratos e boa oferta de cachaças, cervejas e vinhos. Elogiam o atendimento e o chef. Uma pessoa relata ter sido retirada de uma mesa reservada, colocada em canto desconfortável e não ter gostado do risoto, aguado e de gosto forte.
Casagrande Comunicação e Alimentos;-19.9316129684448;-44.1096363067627;Avaliações curtas e positivas. A única com detalhes elogia a pizza deliciosa e o ambiente familiar e divertido.
Caxixó;-19.9428415298462;-44.2759132385254;Avaliações descrevem restaurante de comida de fogão a lenha em local fresco, arejado e sossegado, com vista para as montanhas e animais no espaço. Elogiam a comida, o chope gelado, o atendimento e o dono. Uma pessoa reclama que o preço por 100 gramas subiu de 4,99 para 6,99 enquanto almoçava.
Cê Ki Sabe Salgados;-19.9659214019775;-44.1993446350098;Especialidade: lanchonete. Avaliações elogiam os salgados, descritos como frescos, bem recheados e saborosos, além do atendimento e do preço justo. Uma cita ambiente aconchegante e outra indica para lanches, festas e confraternizações.
Center Hotel Indaia Ltda;-19.9660968780518;-44.2053031921387;Avaliações mistas e em parte bem negativas. Há reclamações de limpeza péssima, roupa de cama muito simples e de reserva colocada em quarto com banheiro coletivo. Um avaliador elogia as recepcionistas, mas diz que só serve para quem viaja sozinho e passa uma noite sem exigência, e não recomenda para mulheres, casais ou famílias. Outras notas são curtas, de ok a regular.
Cervejaria MagBeer;-19.9494218826294;-44.1389846801758;Avaliações curtas e positivas, uma delas citando bom chope e rock and roll, sem mais detalhes.
Chalanas - Restaurante, Hamburgueria e Pizzaria;-19.951021194458;-44.1172828674316;Especialidade: churrasco, fast-food, pizza. Avaliações mistas. Há elogios à comida caseira e gostosa, ao bom atendimento e a entrega rápida com motoboy simpático. Há reclamações fortes sobre o delivery de marmitas: pedido cancelado duas horas depois por distância, pedidos anotados errado, itens trocados ou faltando e atraso de uma hora e meia.
Chapa Dog Lanches- Lanchonete em Betim;-19.9447422027588;-44.1788387298584;Especialidade: lanchonete, cachorro-quente, pizza. Avaliações curtas e positivas, uma delas elogiando o hot dog, sem mais detalhes.
Cheff Sorveteiro;-19.9440660476685;-44.2045726776123;Especialidade: sorvete, doces. Avaliações descrevem local agradável e organizado, com sorvetes e açaí elogiados, grande variedade de sabores e acréscimos e preço acessível. Elogiam as atendentes, educadas e eficientes. Uma cita pula-pula para crianças nos fins de semana.
Chilli Motel;-19.9556493759155;-44.1241645812988;Avaliações majoritariamente negativas. Há reclamações de ar-condicionado, som, TV, sauna e banheira que não funcionam, mofo no teto, traças, água amarelada na banheira, queda de energia e telefone que não atende. Um avaliador que pagou pernoite diz não ter do que reclamar e que ganhou café da manhã.
Chiquinho Sorvetes Monte Carmo Shopping;-19.9579982757568;-44.1911182403564;Especialidade: sorvete, doces. Avaliações elogiam principalmente o atendimento, citando funcionários pelo nome como educados, gentis e rápidos. Também elogiam os sorvetes e sobremesas e descrevem o ambiente como agradável, limpo e confortável, bom para ir com família, amigos ou sozinho.
Choppana Beer;-20.0017576217651;-44.1730346679688;Avaliações descrevem como restaurante de almoço com self-service e churrasco, elogiando comida, preço, tira-gostos, atendimento educado e ambiente agradável. Uma crítica diz que o churrasco tem pouca opção, carne muito crua e de baixa qualidade.
Churrascaria Boi Brasil;-19.9295597076416;-44.1255836486816;Avaliações bem divididas. Uma elogia o self-service com churrasco, saladas e molhos, o local limpo, coberto, com entrada acessível e área de brinquedos. As outras reclamam de comida ruim e crua, poucas opções no buffet, strogonoff seco no delivery, pedido aceito e não entregue e atendimento ruim por telefone, com relato de ameaça de motoboy.
Churrascaria e Petiscaria do Gaucho;-19.9711971282959;-44.2035293579102;Especialidade: brasileira. Avaliações recentes são em maioria negativas: reclamam de churrasco frio, cru, queimado ou sem tempero, poucas opções de carne, um só garçom no salão, atendimento ruim e preço incompatível com a qualidade, com valores mal sinalizados. Uma avaliação elogia a comida, a variedade e o preço justo.
Churrascaria Pampas;-19.9642572402954;-44.17138671875;Avaliações curtas e positivas, sem detalhes.
Churrasco Mineiro;-19.968074798584;-44.201301574707;Especialidade: churrasco. Avaliações elogiam a comida e o churrasco, e uma descreve ambiente rústico e agradável, donos que atendem à mesa, preço justo e acesso fácil para cadeirantes. Há reclamações repetidas de entregas com atraso de até duas horas e bebida trocada, e um relato de buffet vazio e arroz velho num sábado.
Churrasquinho do Eduardo;-19.9291553497314;-44.2044410705566;Avaliações descrevem ambiente tranquilo, limpo e organizado, com muitas opções de espetinhos, pão de alho, caldo e bebidas, e elogiam o atendimento e o tempero. Há crítica de que os preços subiram enquanto o tamanho dos espetos diminuiu, e outra de que faltou gente para atender em um evento.
Churrasquinho Do Gordinho;-19.9474010467529;-44.1774711608887;Especialidade: árabe (kebab), churrasco. Avaliações curtas e positivas, sem detalhes.
churrasquinho do Léo;-19.9477977752686;-44.1043815612793;Avaliações elogiam o espetinho bem temperado, a cerveja gelada e o atendimento, e uma chama de melhor churrasco do bairro. Há uma crítica longa sobre cachorros rodeando as mesas, lixeira com mau cheiro e demora para repor a cerveja, e outra achando a conta cara.
Claudinho's Burguer Delivery;-19.9472990036011;-44.074089050293;Especialidade: hambúrguer. Avaliações positivas descrevem hamburgueria, espeteria, bar e restaurante com ambiente agradável, comida gostosa, cerveja gelada, bom atendimento, asseio e preços justos. As demais são curtas e positivas.
Club Açaí;-20.0226392745972;-44.2308464050293;Especialidade: doces. Avaliações curtas e em geral positivas, elogiando o açaí como o melhor de Betim e o lugar. Uma diz que o lugar é ótimo, mas o atendimento deixa a desejar.
Com Pressa Lanches;-19.9542417526245;-44.1154842376709;Especialidade: lanchonete, café. Avaliações elogiam o pão de queijo quentinho, os salgados e lanches, o café da manhã a caminho do trabalho, o lugar limpo e organizado, o atendimento e o preço justo.
Cosechas Partage Betim;-19.9628305435181;-44.1598529815674;Especialidade: sucos. Avaliações curtas: uma elogia os produtos como gostosos e naturais, outra diz que o atendimento é bom apesar dos preços elevados.
Deai Sushi Lounge;-19.963960647583;-44.2033252716064;Especialidade: japonesa, japonesa (sushi), gastropub. Avaliações elogiam o sushi, com peixes frescos, pratos saborosos, bem apresentados e em porção grande, serviço rápido, ambiente agradável e garçons atenciosos. Um grupo de quatro pessoas diz que comeu e bebeu bastante e a conta não ficou cara.
Deck Lounge;-19.9590940475464;-44.1909637451172;Avaliações negativas e detalhadas. Reclamam de cobrança de entrada para ver jogos da Copa com telão ruim, espera de quase uma hora para ser atendido, taxa de 10% sem aviso, pedido que não chegou à cozinha, resposta lenta para reservas, cobrança posterior de comanda já paga e entrada cobrada depois de combinada a isenção. Uma delas diz não ter queixa do ambiente nem da comida.
Degusta Pan;-19.9564552307129;-44.1573333740234;Especialidade: padaria. Avaliações descrevem como boa padaria de bairro para café da manhã, com pão fresco, pudim elogiado, variedade, boa localização e atendentes educadas. Uma reclama de uma torta de frango que parecia velha e com recheio ruim.
Delícias da Jurema;-19.9324464797974;-44.1259994506836;Especialidade: doces, buffet (rodízio). Avaliações curtas elogiam os bolos, em especial o bolo no pote, descrito como sempre delicioso.
Deligeli Sorvetes;-19.9298686981201;-44.1147155761719;Especialidade: sorvete, doces, coreana. Avaliações elogiam os sorvetes e o açaí, com bom custo-benefício. Uma informa que a sorveteria mudou de nome para Picoleteria sem perda de qualidade, e outra lamenta que não esteja mais no iFood.
Della Panna Sorveteria Artesanal;-19.9681253433228;-44.1966247558594;Especialidade: sorvete, doces. Avaliações curtas e positivas, sem detalhes.
Delta Pub;-19.9323492050171;-44.106782913208;Uma avaliação elogia o chope e conta que já foi em noites de rock com bandas, mas que durante a pandemia o lugar não estava com perfil de pub e tocava sertanejo. As outras são curtas e positivas.
Dita pizza;-19.9859952926636;-44.1948928833008;Especialidade: pizza. Avaliações elogiam a pizza, descrita como muito recheada e de massa sequinha, e o atendimento. Mais de uma a chama de melhor pizza de Betim.
Diversidade Da Empada;-19.9392976760864;-44.195671081543;Especialidade: lanchonete. Avaliações em geral elogiam as empadas, bem temperadas e fartas, as porções generosas das refeições e o atendimento de uma família atenciosa. Há uma reclamação de empada de frango que não estava fresca, de empada de bacalhau salgada demais e de atendimento que deixa a desejar.
Divino Trattoria;-19.9698629379272;-44.1929130554199;Avaliações descrevem um lugar bonito, intimista e aconchegante, comparado a um quintal de casa sem frescura, com música boa. Elogiam a comida, a cerveja gelada e o atendimento, dizendo que os donos recebem muito bem e que a pessoa se sente em casa.
Doce Mania Sorveteria;-19.9471368789673;-44.1608734130859;Especialidade: sorvete, doces. Avaliações elogiam o sorvete e o açaí, a limpeza e o local agradável. Uma comenta que a TV às vezes ficava alta demais, mas que isso melhorou. Há uma reclamação de que negaram o uso do banheiro a uma criança de 7 anos.
Dogao;-19.9491691589355;-44.1775207519531;Especialidade: fast-food, cachorro-quente. Avaliações curtas e positivas, sem detalhes.
Dona Fulô | Betim;-19.9638814926147;-44.2034301757812;Especialidade: brasileira. Avaliações curtas e positivas. As que dão detalhes dizem que a comida é boa e bem servida e que é um bom lugar para jantar, embora um pouco caro.
Dona Ilda;-19.9434432983398;-44.1294021606445;Avaliações divididas. Parte elogia a comida, o atendimento e a limpeza do ambiente. Outra parte reclama de comida mal feita, ingredientes de baixa qualidade, preço alto para o que entrega, pedidos entregues errados e falta de resposta e de respeito com o cliente.
Dona Maria Betim;-19.9542484283447;-44.1953201293945;Especialidade: brasileira. Avaliações positivas e na maioria curtas. As que dão detalhes elogiam a comida e os drinques, o atendimento e o rodízio de pizza, descrito como bom e de preço acessível.
Duarte - Bar Que Cozinha;-19.960431098938;-44.201587677002;Especialidade: drinks. Avaliações elogiam o espaço bonito, a música ao vivo, o atendimento, os drinques e a comida, com um prato melhor que o outro. Uma delas aponta preços altos. As demais são curtas e positivas.
Duas Irmãs Padaria e Confeitaria;-19.965371131897;-44.2040920257568;Especialidade: padaria. Avaliações em geral curtas e positivas, elogiando o atendimento e os produtos. Há um relato de atendimento muito ruim num pedido de entrega, com atendente mal-humorada que se recusou a cancelar o pedido e usou palavras ofensivas.
Duplos beer pizzaria e bar;-19.928689956665;-44.2050704956055;Especialidade: pizza. Avaliações descrevem ambiente agradável e aconchegante e elogiam a pizza, o hambúrguer, as porções, a caipirinha, o preço justo e o atendimento. Há uma reclamação de pedidos entregues errados repetidas vezes, atribuídos a erro de impressão.
DX Pizzaria;-19.9382591247559;-44.1117820739746;Especialidade: pizza. Avaliações curtas e positivas, sem detalhes.
edsburguerartesanal;-19.9436559677124;-44.1831455230713;Especialidade: hambúrguer. Avaliações elogiam muito o hambúrguer, que vem com batata e molho extra, o barbecue de goiabada e os sucos. Descrevem o espaço como aconchegante, calmo e com personalidade, com música ambiente boa, e destacam a simpatia e a receptividade dos donos.
Empada Especial;-19.9668502807617;-44.1965599060059;Especialidade: lanchonete. Avaliações elogiam bastante as empadas, descritas como molhadas e as melhores de Betim. As críticas são ao atendimento pelo WhatsApp, chamado de grosseiro e pouco profissional, e à loja que vive fechada nos aplicativos e não faz entrega.
Empaderia Niterói;-19.9441652297974;-44.1790542602539;Especialidade: café. Avaliações divididas. Duas elogiam as empadas, a qualidade do lanche e o atendimento. Uma diz que as empadas eram ótimas no começo, mas que hoje a massa é grossa e seca, há pouca variedade de sabores e os atendentes não sabem informar quando haverá outros.
Empório Cervejeiro Trem Caipira;-19.9487819671631;-44.122184753418;Especialidade: gastropub. Avaliações descrevem um lugar aconchegante e de ambiente familiar, bom para ir com família e amigos. Elogiam o atendimento, a cerveja gelada, a variedade de bebidas, o preço e os tira-gostos, com destaque para o torresmo com mandioca e a rabada.
Escondidinho burguer;-19.9389753341675;-44.1812705993652;Especialidade: fast-food. Avaliações em maioria críticas. Há reclamações de muita demora na entrega e no local, comida gordurosa, queda de qualidade, falta de resposta no WhatsApp e grosseria no atendimento. Uma avaliação elogia os hambúrgueres e porções e descreve o lugar como aconchegante e acolhedor para ir com amigos ou família, e outra diz que o lanche é incrível apesar dos atrasos.
Espaço Caipira;-19.9634504318237;-44.1832637786865;Avaliações descrevem um restaurante de almoço e marmita, com comida caseira bem temperada, boa quantidade e preço acessível. Elogiam o atendimento, a limpeza e o ambiente familiar, indicado para almoço em família ou entre amigos.
Espaço Corpo Ativo;-19.930811882019;-44.1060447692871;Avaliações descrevem um espaço de atividades físicas com aulas de taekwondo para crianças e outras modalidades. Elogiam os professores, o profissionalismo e os valores acessíveis.
Espaço Divine;-19.9449491500854;-44.2716979980469;Avaliações curtas e positivas. A única com detalhes descreve um espaço muito bem cuidado, com gramado sem falhas, móveis de madeira nobre e jardins impecáveis.
Espaço Festaki Betim;-19.9485988616943;-44.1390571594238;Avaliações são de quem alugou o espaço para festas. Descrevem um salão arejado, bem localizado, com banheiros organizados, trocador, cozinha espaçosa e mesas e cadeiras novas, com aluguel acessível e donos prestativos. Uma sugere que falta uma mesa de apoio para o buffet.
Espaço Jardins Eventos;-19.9486398696899;-44.1895618438721;Avaliações descrevem um salão de festas grande, aconchegante, de fácil acesso e com ampla área kids. Elogiam a localização e o atendimento. Duas apontam que o lugar é muito quente e falta ventilação.
Espaço Tatiane Queiroz;-19.9356927871704;-44.1986045837402;Especialidade: balada. Avaliações falam de um serviço de manicure e nail art. Elogiam a profissional, a qualidade dos produtos, o atendimento personalizado e o espaço agradável.
Espaço Trindade;-20.0245904922485;-44.2321968078613;Avaliações são de quem alugou o espaço para eventos. Elogiam o tamanho, a piscina grande e a hidromassagem. Há críticas à falta de infraestrutura, tomadas e iluminação, a colchões e quartos ruins para dormir, à falta de manutenção e a um relato de que o dono jogou fora uma caixa de som deixada pelo cliente.
Espeteria Boi Na Brasa;-19.9510154724121;-44.1168060302734;Avaliações curtas e positivas elogiam o ambiente, a comida, o tempero e o atendimento. Uma descreve como ótimo lugar para beber um pouco e curtir.
Espeteria Comis e Bebis;-19.9308433532715;-44.1128349304199;Avaliações descrevem um lugar simples, agradável e de ambiente familiar, com cerveja bem gelada, churrasquinho e tira-gosto elogiados, bom atendimento e preço baixo. Uma brinca que só faltou o limão.
Espeteria do Marlon;-19.9512786865234;-44.1552658081055;Avaliações elogiam o atendimento simpático e atencioso, os caldos, as porções bem servidas, o tropeiro, a chapa e os drinks, com preço considerado justo e ambiente simples e acolhedor para ir com amigos e família. Uma avaliação negativa diz que tudo é caro, que se fica na rua, que o atendimento é fraco e reclama da presença ostensiva de policiais no local.
Espeteria do Zé;-19.9688844680786;-44.2000503540039;Avaliações curtas e positivas, sem detalhes.
Espeteria Do Zezinho;-19.9515972137451;-44.1033782958984;Avaliações elogiam o atendimento, os espetos (citam o de almôndega recheada com mussarela), o caldo, os petiscos e a cerveja bem gelada, em ambiente aconchegante. Uma avaliação observa que o local é de difícil acesso.
Espeteria Lapinga;-19.9574317932129;-44.2004852294922;Especialidade: árabe (kebab). Avaliações curtas e positivas. A única com detalhes diz que o lugar é muito legal, as pessoas são simpáticas e as bebidas vêm bem geladas.
Espeteria Tio Rui;-19.9466743469238;-44.1959648132324;Especialidade: árabe (kebab), brasileira. Avaliações curtas e positivas, sem detalhes.
espeteria_los_primus;-19.9393310546875;-44.1667785644531;Especialidade: espanhola. Avaliações curtas e positivas, sem detalhes.
Espetim do Miúdo;-19.9499053955078;-44.1372623443604;Especialidade: árabe (kebab). Avaliações elogiam as porções, principalmente a de tilápia com banana-da-terra empanada e o molho que a acompanha, a batata recheada, a mandioca, os espetinhos e a cerveja bem gelada. O atendimento é descrito como impecável, atencioso e gentil.
Espetinho da Anely;-19.950101852417;-44.1678504943848;Poucas avaliações, todas positivas. A única com detalhes elogia o local, o ambiente, o caldo e as pessoas receptivas.
Espetinho do Brown;-19.9294576644897;-44.1055011749268;Avaliações curtas e positivas, sem detalhes.
Espetinho Do Gigil;-19.9412660598755;-44.1823081970215;Avaliações descrevem um ambiente simples, acolhedor e familiar, bom para encontrar os amigos, com dono muito receptivo e atendimento elogiado. Destacam a cerveja muito gelada e os espetinhos, em especial o de Romeu e Julieta.
Espeto do Digão;-19.9477367401123;-44.1967658996582;Especialidade: brasileira. Avaliações elogiam o churrasco na brasa, a variedade de pratos, o atendimento educado e o carisma do dono, em lugar agradável, bem frequentado e de preço médio a justo. Há reclamações de pedido esquecido e demorado no salão e de entrega que levou quase duas horas e chegou fria e ressecada.
Estillus Noivas;-19.9667310714722;-44.1966094970703;Avaliações tratam de aluguel de vestidos e são majoritariamente negativas. Há relatos de vestido infantil entregue sem a última prova e sem os ajustes pedidos, de mau atendimento e de dano a um veículo no estacionamento da loja. Uma avaliação elogia o tratamento ao cliente.
Excaliburger Betim;-19.9449853897095;-44.196849822998;Especialidade: hambúrguer. Avaliações elogiam os hambúrgueres bem temperados, o preço justo, o atendimento educado e o local bonito, espaçoso, tranquilo para conversar e aconchegante. Citam uma pequena área kids, que uma avaliação sugere ampliar.
Expresso Pop Açaí;-19.960488319397;-44.2228202819824;Especialidade: lanchonete. Avaliações curtas e positivas. Uma elogia o sabor e diz que o negócio deveria ter outras unidades.
Família chapa quente;-19.9562740325928;-44.1574401855469;As avaliações lidas são todas negativas. Há reclamações de entregas com duas a três horas de atraso, pedidos sem ingredientes ou sem sabor, comida muito salgada, troco não devolvido, dificuldade de contato e de estorno e um cliente que diz ter sido bloqueado ao reclamar. No balcão, relato de espera de cerca de uma hora e lanche com ingredientes faltando.
Fazenda do Cowboy;-19.9221239089966;-44.1801528930664;Especialidade: balada. Avaliações curtas e positivas de frequentadores, sem detalhes. Uma avaliação de morador da região reclama de som extremamente alto que entra pela madrugada, muitas vezes até as 4h, e de falta de respeito com a vizinhança.
Fazendão;-19.9413576126099;-44.1267509460449;Avaliações curtas e positivas, sem detalhes.
Feirinha do Alterosas;-19.9475164413452;-44.1606903076172;Avaliações curtas, na maioria positivas e uma regular, sem detalhes. Uma delas é anúncio de uma banca de temperos, grãos e chás que funciona aos domingos na feira.
Feitosa Espeteria;-19.9471893310547;-44.1900596618652;Avaliações descrevem um ambiente familiar, tranquilo e acolhedor, com música, karaokê às quartas com músicas antigas, espetos gostosos, cerveja bem gelada, caipirinha elogiada, proprietários receptivos e banheiros limpos. Uma avaliação negativa chama o lugar de péssimo e reclama de pessoal mal-educado e da dona.
Festejar Buffet;-19.9427318572998;-44.1810111999512;Poucas avaliações, positivas. Recomendam o buffet e descrevem a proprietária como responsável e com serviços muito requisitados.
Fit Snack. EVS Betim. Espaço vida saudável;-19.9716186523438;-44.2021980285645;Avaliações elogiam o atendimento, a simpatia da dona e o ambiente alegre, receptivo e descontraído. Citam variedade de opções saudáveis como shake, torta, pizza, bolo de pote, empadinha, muffin e pudim, descritas como bem feitas e saborosas.
Flavio Baiano kickboxing Boxe e Muaythai;-19.9574422836304;-44.1590404510498;Avaliações tratam de aulas de artes marciais e elogiam os professores, descritos como bem preparados e atenciosos, e o ambiente bem equipado. Um pai relata que as aulas ajudaram muito o filho.
Fogão A Lenha Comida Mineira;-19.970534324646;-44.2104454040527;Especialidade: brasileira. Avaliações elogiam a comida saborosa, o buffet com muita variedade de verduras e carnes, o bom preço e os funcionários educados e eficientes. Descrevem ambiente limpo, amplo e tranquilo, com música ambiente e acessibilidade para cadeirantes. Não há estacionamento próprio e o local costuma encher, então recomendam chegar cedo.
Fogão de Lenha;-19.9260540008545;-44.1276435852051;Especialidade: buffet (rodízio). Avaliações de tom misto. Há quem elogie a comida como maravilhosa, o atendimento e o ambiente, em um lugar descrito como extremamente simples. Há reclamações de pouca variedade de carnes em um dia e, principalmente, da entrega de marmitas, com atrasos de mais de uma hora, pedido trocado e falta de resposta ao cliente.
Food Truck do Didi;-19.9472789764404;-44.1605682373047;Especialidade: lanchonete. Avaliações elogiam o hambúrguer e o cachorro-quente como dos melhores de Betim, os molhos, o capricho e a simpatia da equipe. Há reclamações de demora na entrega e de bebida que chegou depois, de pedido atendido fora da ordem de chegada no local e do preço do refrigerante, sem opções de tamanhos maiores.
Forró Zé Martins;-19.9339914321899;-44.1910915374756;Especialidade: balada. Avaliações descrevem uma casa de forró com espaço bom para dançar, ambiente tranquilo e bom atendimento. Uma frequentadora reclama que poucos homens chamam para dançar e outra avaliação diz que algumas coisas podem melhorar.
Frango Assado das Meninas;-19.9411592483521;-44.1974639892578;Especialidade: frango, fast-food. Avaliações de tom misto, quase todas sobre pedidos para entrega. Há elogios ao frango assado e ao feijão tropeiro, à entrega rápida e ao preço. Há reclamações de pedido pago e nunca entregue, de espera de mais de uma hora para descobrir que o frango tinha acabado e de marmitas pequenas e caras para o tamanho.
Frango na Brasa;-19.9666433334351;-44.2044372558594;Especialidade: frango. Poucas avaliações. Elogiam a comida, o atendimento e o churrasco, e uma diz que o lugar deveria dar mais liberdade ao cliente para escolher o que quer.
Frescor Sorvetes;-19.9669322967529;-44.1351013183594;Especialidade: sorvete, doces. Avaliações descrevem uma sorveteria self-service com várias opções de sorvetes, açaí e coberturas, ambiente agradável, tranquilo e aconchegante, com playground e espaço kids, aquário e preço justo, boa para ir sozinho ou em família. Uma avaliação reclama que uma promoção só valia na loja e que não aceitaram pagamento por Pix para retirada por terceiros.
Fuego Motel;-19.9503316879272;-44.1662311553955;Avaliações de tom majoritariamente negativo. Há reclamações de cobrança adicional considerada abusiva por dez minutos excedidos, de pagamento antecipado não reconhecido na entrada, de falta de controle e segurança na portaria e de teto do banheiro que desabou durante a estadia. Uma avaliação elogia a suíte temática com hidromassagem, a recepção e a estrutura.
Gaguinhos bar;-19.9618587493896;-44.1877746582031;Avaliações elogiam a cerveja gelada, as várias opções de bebida, o tira-gosto feito à moda antiga, como mandioca com carne cozida, e o atendimento. Uma descreve como ambiente para levar a família.
Garnion Comida e Bar;-19.9593324661255;-44.2005729675293;Avaliações descrevem ambiente aconchegante com música ao vivo, bom para ir em família ou jantar a dois, e elogiam a comida, os drinks e o atendimento atencioso. Há críticas a um drink mediano, a pratos divulgados nas redes sociais que não são servidos normalmente e a cadeiras pouco confortáveis.
Gastrobar Magbeer;-19.9494504928589;-44.1390533447266;A única avaliação lida elogia o lugar, a música e a comida, e destaca o dia de karaokê como o melhor.
Gâteau D'amour Bolos Doces;-19.9271144866943;-44.1292686462402;Especialidade: doces. Avaliações tratam de encomendas de bolos e doces e elogiam o sabor, a massa suave, o recheio caprichado, a decoração, a entrega no prazo, o atendimento e o preço acessível.
Gelateria Cold Sun;-19.971173286438;-44.1786880493164;Especialidade: sorvete, hambúrguer, sucos. Avaliações descrevem ambiente familiar, tranquilo e aconchegante, elogiam o hambúrguer, o atendimento e as opções para quem tem restrição a açúcar e lactose. Há reclamações de encontrar o local fechado no domingo apesar do horário informado no Google e de um pedido de entrega cancelado após erro do motoboy.
Gira Sol Batatas;-19.9630374908447;-44.2017192840576;Avaliações elogiam a batata recheada e os drinks, mas várias reclamam da demora, com esperas de cerca de 50 minutos e até mais de duas horas, e pedem mais garçons. Há relatos graves de mosca na batata, suco estragado e refrigerante quente, e de um gerente que riu do cliente ao receber a reclamação.
Gourmet Plaza;-19.9623918533325;-44.1613121032715;Especialidade: fast-food. Avaliações situam o restaurante na praça de alimentação do Shopping Partage, com pratos executivos em torno de R$40. O tom é misto: há quem elogie pratos bem servidos como arroz piamontese com filé e filé com fettuccine, e há reclamações de peixe amargo e seco, picanha dura com gosto estranho e resposta irônica do caixa a uma reclamação.
Grand Paris Betim Açaí Gourmet;-19.9681415557861;-44.197078704834;Especialidade: açaí, café, brasileira. Avaliações descrevem casa aconchegante e bonita, com jardim externo e boa para fotos, e elogiam açaí, croissants, café e soda italiana. O pedido é feito no caixa e levado à mesa. Há ressalvas à recepção sem ninguém na entrada e uma crítica dura a falta de estacionamento, placa danificada, vitrines vazias e sujeira nos fundos.
Griletto;-19.9627523422241;-44.1601543426514;Especialidade: brasileira, fast-food. Avaliações são majoritariamente negativas: reclamam de atendimento seco e antipático, porções pequenas, carne crua, dura ou cheia de nervo, feijão queimado e tábua servida fria. Por outro lado, há quem considere o melhor preço da praça de alimentação e diga que a tábua grande serve bem quatro pessoas, com ressalva ao tempero e espera de uns 30 minutos.
Gruta do Lapinha;-19.9659376144409;-44.1989765167236;Especialidade: churrasco, buffet (rodízio), balada. Avaliações curtas, na maioria positivas e uma negativa, sem detalhes.
Habib's;-19.9677305221558;-44.2006607055664;Especialidade: fast-food, árabe. Avaliações elogiam lanches, hambúrgueres e a comida em geral e dizem que é bom lugar para comer com amigos. Há ressalvas à falta de atendentes, a uma pizza que veio sem queijo e a um cabelo encontrado na esfiha, caso em que a garçonete foi prestativa.
Hakuna Batata;-19.9621734619141;-44.1603622436523;Especialidade: fast-food. Avaliações são divididas. Parte elogia a batata, as porções caprichadas e os molhos, com ressalva ao preço do refrigerante e do chope. Outra parte reclama de atendimento lento e de má vontade no caixa, atendente distraída com o celular, cardápio que não condiz com o que é servido e hambúrguer fraco.
Hamburgueria Boas Novas;-20.0102090835571;-44.1692581176758;Especialidade: hambúrguer. Avaliações elogiam sanduíches, hambúrguer, pizza recheada, macarrão na chapa e porções, além do atendimento, da entrega rápida e dos preços. Uma avaliação diz que não há mesas para consumo no local e que o foco é entrega. Há uma crítica à pizza, pelo modo de preparo dos ingredientes e pelo preço.
Hamburgueria Sena Bistrô;-19.927921295166;-44.1759243011475;Especialidade: hambúrguer. As avaliações lidas são todas negativas e tratam de entrega: atrasos de duas a três horas, pedidos errados, incompletos ou cancelados, e mensagem ríspida a clientes que demoraram a atender o motoboy. Também dizem que o hambúrguer já foi bom e caiu de qualidade, com ingredientes faltando e batata murcha.
Havalanches;-19.9590158462524;-44.1399574279785;Avaliações são majoritariamente negativas: demora no salão por haver só uma atendente, entregas com mais de uma hora e meia de atraso ou não realizadas, pizza gelada, embalagem suja e lanche com carne borrachuda e osso de frango. Há elogio ao esforço de uma atendente e à comida saborosa, e uma avaliação diz que a gestão anterior era melhor.
HNT Betim Shopping Partage;-19.9627408981323;-44.1603965759277;Especialidade: frango, fast-food. Avaliações curtas, na maioria positivas e uma negativa, sem detalhes.
Hô Açaideiraa;-20.0264301300049;-44.2302589416504;Especialidade: sucos, sorvete, doces. Avaliações elogiam a variedade de açaí montado, os hambúrgueres, os produtos frescos e o local, descrito como agradável e charmoso, além da entrega em casa. A maioria elogia o atendimento, mas um cliente antigo diz que os lanches são bons e o atendimento é ruim.
Hope Music Bar;-19.9709539413452;-44.1993942260742;Especialidade: balada. Avaliações descrevem casa de shows com bandas ao vivo de pop nacional e covers, elogiam as bandas, o ambiente após a reforma, a organização e a revista com detector de metal. Há relatos negativos sobre a equipe: cliente revistado na chuva e barrado aos gritos na saída por falha no controle de pagamento, e outro expulso enquanto esperava carro de aplicativo.
Hotel Abba Uno;-19.9531345367432;-44.1060543060303;Avaliações elogiam cama, café da manhã, academia, piscina, comida, equipe simpática, preço justo e estacionamento. As críticas falam de localização isolada, sem restaurantes por perto, jantar que não é servido todos os dias, falta de almoço, isolamento acústico ruim entre os andares e, em um relato, falta de água quente.
Hotel Betim;-19.9648933410645;-44.1951713562012;Avaliações são divididas. Algumas elogiam o hotel, os quartos, os atendentes e a garagem, com ressalva ao café da manhã. Uma avaliação longa é muito negativa: diz que não parece hotel e sim um conjunto de salas com grades por todo lado, banheiro ruim, sem estrutura e com barulho de pessoas nos corredores à noite.
Hotel Cristália;-19.950213432312;-44.109073638916;Avaliações são mistas. Uma elogia o hotel como limpo e confortável, com atendimento cuidadoso. Outras reclamam de quarto sem toalha e sabonete, vaso sanitário sujo, banheiro ruim e ar-condicionado barulhento. As demais são curtas e positivas.
Hotel Hallas;-19.9652767181396;-44.1955490112305;Avaliações descrevem hotel simples e básico, com atendimento elogiado e limpeza citada por um hóspede, e que aceita pets. As críticas são muitas: falta de toalha, sabonete, papel higiênico, café da manhã, frigobar e ar-condicionado, internet que não funciona, quarto quente, ventilador com defeito, formigas e roupa de cama e cortina em mau estado.
Hotel Nuar;-19.972559928894;-44.1976051330566;Avaliações descrevem ambiente familiar e tranquilo, com quartos independentes e limpos, chuveiro quente, toalhas trocadas todos os dias e café da manhã muito bom. Um hóspede diz ter sido bem atendido mesmo chegando sem reserva. As demais são curtas e positivas.
Hotel Panoramic em Betim;-19.9757452011108;-44.199634552002;Avaliações descrevem hotel simples, com preço de acordo, equipe receptiva e fácil acesso às estradas. O restaurante é o ponto mais elogiado, com comida caseira e bom atendimento, inclusive por quem só almoça lá. Há reclamações de barulho que atrapalhou o sono e de um quarto que inundou durante uma noite de chuva.
Hotel Primavera;-19.9664344787598;-44.1947727203369;Avaliações detalhadas são críticas: consideram caro para o que oferece, com internet instável, TV pequena, quartos sem cortina, banheiro sem box e sem shampoo, café da manhã fraco e barulho de máquinas de lavar à noite. Os pontos positivos citados são quartos, banheiro e roupa de cama limpos, bom chuveiro e atendimento humano muito bom. Duas são curtas e positivas.
Hotel Serra Negra;-19.9663610458374;-44.1816310882568;Avaliações dizem que é bem localizado e serve para estadias curtas, com elogio à atendente do restaurante. As críticas citam quarto antigo e simples, banheiro pequeno, roupa de cama amarelada e toalhas com mau cheiro, uma estadia sem energia, elevador nem água quente, e uma mulher sozinha à noite impedida de aguardar no lobby por não ser hóspede.
Hotel Soma;-19.9577684402466;-44.138614654541;Avaliações lidas são na maioria críticas: limpeza falha, com banheiro molhado, lixo não recolhido, frigobar sujo e baratas, toalha só trocada a pedido, internet ruim, recepcionista grosseira à noite e gerência que não liberou o café no horário combinado. Um hóspede elogia a localização, os quartos, a limpeza e o café da manhã. Outro diz que serve como alojamento para trabalhadores.
Hotelzinho Encantar;-19.9485454559326;-44.1753787994385;Avaliações são de pais e tratam de um espaço de cuidado infantil: a maioria elogia a equipe atenciosa, a organização, a limpeza, a segurança e o carinho com as crianças. Uma avaliação é negativa e relata que o filho adoeceu repetidas vezes e foi encontrado sujo na hora da saída.
Hotelzinho Infantil Tia Coruja;-19.9415197372437;-44.1314544677734;Avaliações são de pais e tratam de um espaço de cuidado infantil: elogiam a atenção, o carinho e a dedicação da equipe com as crianças e dizem confiar no lugar.
Hudson Restaurante e Pizzaria;-19.9722108840942;-44.1970252990723;Especialidade: brasileira. Avaliações elogiam a estrutura, a comida, o atendimento e a localização, citando a vista da varanda em dia de sol. Uma delas o chama de melhor restaurante de Betim. Há uma avaliação de primeira visita insatisfeita com o serviço.
Ice Tasty - Citrolândia;-20.0232219696045;-44.2294769287109;Especialidade: sorvete, doces. Avaliações descrevem sorveteria com açaí self-service, paletas e picolés, ambiente agradável e limpo e atendentes educadas. Elogiam a variedade e a qualidade. Citam que o sorvete é mais caro que na concorrência da região. Há uma reclamação de cliente que não pôde entrar porque o chão estava sendo limpo.
Imperador Eventos;-19.9862833023071;-44.1637535095215;Avaliações descrevem espaço de eventos amplo, com dormitórios, salão de festas, piscina e área de churrasco, considerado bonito, tranquilo e aconchegante. O acesso é por cerca de 3 km de estrada de terra, tido como tranquilo e bem sinalizado. Há críticas à rampa de difícil acesso para idosos e a banheiros entupidos.
Império Do Açaí Betim;-19.9480466842651;-44.1689701080322;Especialidade: sorvete, doces. Avaliações elogiam o açaí, o atendimento e o preço acessível. Há reclamações sobre o processo de pedido para entrega, feito por WhatsApp, com taxa de entrega e de cartão e valor do frete informado só no fim. Uma avaliação não gostou do açaí.
Infire Burger;-19.9352989196777;-44.1742115020752;Especialidade: hambúrguer, lanchonete. Avaliações descrevem hamburgueria artesanal com cozinha aberta e ambiente familiar e agradável. Elogiam hambúrgueres suculentos, batata crocante, molhos e atendimento atencioso, e alguns a apontam como a melhor de Betim. Há uma crítica de hambúrguer pequeno e simples para o valor, com entrega rápida.
Irlene Salgados;-19.9260053634644;-44.1231822967529;Avaliações são na maioria curtas e positivas, sem detalhes. Uma elogia os salgados e a qualidade, mas reclama que as entregas agendadas nunca chegam no horário combinado.
Irmãos Grimm Burgueria;-19.9727458953857;-44.1967430114746;Avaliações elogiam o sabor dos hambúrgueres e indicam o lugar para pequenos grupos. Há críticas ao preço elevado, a hambúrguer salgado, à espera porque o cozinheiro não havia chegado, à maquininha de cartão indisponível e a uma visita com decoração temática de contos infantis considerada desleixada e apenas uma pessoa atendendo.
Ita Açaí - São Luiz;-19.9296140670776;-44.1263217926025;Especialidade: açaí, sorvete, brasileira. Avaliações elogiam o sorvete e o açaí, as muitas opções de cobertura, o preço adequado, o local limpo e agradável e o atendimento educado e atencioso. Uma delas diz ser o melhor sorvete do bairro.
Ital'in House Betim;-19.9554710388184;-44.1957588195801;Especialidade: italiana. Avaliações tratam principalmente de pedidos para entrega e retirada de massas e risotos. Uma elogia um risoto de ragu que chegou quente e caprichado. A maioria reclama de atendimento ruim por WhatsApp e telefone, sem resposta, de pedidos errados ou incompletos, de embalagem que cedeu e de queda na qualidade.
Izzy Burguer;-19.9587736129761;-44.1376953125;Especialidade: hambúrguer. Avaliações elogiam o lanche saboroso, o atendimento e o ambiente limpo, familiar e agradável, tanto no local quanto por entrega. Há uma reclamação forte de um pedido de macarrão por delivery que veio ruim pela segunda vez e sem solução por parte da loja.
Japa Mix Express;-19.9393968582153;-44.1658172607422;Especialidade: japonesa, japonesa (sushi). Avaliações curtas e positivas, sem detalhes, uma delas elogiando a comida como deliciosa.
Jiló;-19.9558134078979;-44.1327209472656;Avaliações descrevem comida caseira em prato feito, farta, variada, rápida e preparada com capricho e higiene, com atendimento simpático. Uma delas cita ter sido indicado por colega de estrada. Há um relato de quem encontrou o local fechado em 01/01/26 apesar de constar aberto no Google.
Joe Restaurante;-19.9705200195312;-44.1947364807129;Especialidade: brasileira. Avaliações elogiam a comida caseira saborosa e o atendimento, tanto em marmitex quanto para comer no local, que é descrito como pequeno e simples. Há críticas à demora, ao local escondido, a funcionárias pouco receptivas e à falta de salada ou legumes no prato.
Johnnie Grill Betim;-19.956732749939;-44.200496673584;Especialidade: hambúrguer, frango, lanchonete. Avaliações elogiam os hambúrgueres, a batata rústica, os molhos à vontade e o ambiente agradável, tanto no local quanto por delivery. Há uma crítica de que o pão brioche e o molho são doces demais, apesar da atendente simpática. As demais são curtas e positivas.
Judith Bolos Alterosa;-19.9492359161377;-44.1587448120117;Especialidade: doces, padaria. Avaliações elogiam os bolos, tortas, doces e salgados, a variedade, as decorações e o custo-benefício para bolos de aniversário. Há uma reclamação grave de encomenda entregue diferente do pedido, com bolo mole e borrado, e de mau atendimento. Citam também demora no atendimento por WhatsApp.
Juicy Burger Shop Betim;-19.9602479934692;-44.2011947631836;Especialidade: hambúrguer. Avaliações elogiam os hambúrgueres, em especial o de frango, bem temperado e suculento, a apresentação e a batata frita. Há uma crítica dizendo que o lugar é barulhento, que os lanches não são levados à mesa, que não acompanham batata e que é caro para a proposta.
Juju Pizzaçaí;-19.9623737335205;-44.2004947662354;Especialidade: drinks. Avaliações elogiam o atendimento dos donos, o açaí, as opções de comida e o ambiente familiar e aconchegante. Uma delas diz ser o melhor açaí da região.
Jump Plus Motel;-19.9637613296509;-44.1745796203613;Avaliações curtas e positivas, sem detalhes, uma delas citando boa recepção e conforto.
Juninhos Bar;-19.9689903259277;-44.2022171020508;Avaliações descrevem bar com cerveja gelada, comida de boteco e tira-gostos elogiados, bom atendimento e karaokê de quinta a sábado. Há uma avaliação negativa que achou o lugar muito barulhento, com pouca opção além de cerveja e ambiente ruim.
Keroz Açaí;-19.9598178863525;-44.1793117523193;Especialidade: lanchonete. Avaliações elogiam o cachorro-quente e o bacon. Sobre o açaí as opiniões divergem: uma diz que é muito bom e outra que tem gosto de xarope e deveria melhorar.
Ki Doido Fast Food e Açaí;-19.9389543533325;-44.1629867553711;Especialidade: hambúrguer, fast-food. Avaliações elogiam os hambúrgueres, o atendimento e o serviço de entrega eficiente, e recomendam o local para um lanche agradável.
King Churros e Crepes Gourmet;-19.9625778198242;-44.1604652404785;Avaliações são mistas. Algumas são curtas e positivas e uma considera a qualidade boa com preço um pouco alto. Há reclamações de churros servido gelado, não frito na hora, e de cliente que não foi atendido.
La Pizza Betim;-19.9417390823364;-44.1905746459961;Especialidade: pizza. Avaliações elogiam as pizzas, em especial a de pernil, a massa e o atendimento. As demais são curtas, a maioria positiva e uma que classifica o lugar como medíocre.
La Pizza Farnetti;-19.9605360031128;-44.2016296386719;Especialidade: pizza. Avaliações elogiam a pizza e o atendimento dos garçons. Uma crítica diz que as pizzas estavam muito salgadas, que não há opções veganas e que, por regra do dono, não deixaram consumir no lado da pizzaria as batatas pedidas na hamburgueria anexa, que divide a área de mesas.
Lagreepe Hamburgueria Artesanal;-19.9417533874512;-44.1109161376953;Especialidade: hambúrguer, açaí, sorvete. Avaliações elogiam o hambúrguer artesanal e o lugar. Há uma reclamação de cliente que pediu por WhatsApp e ficou sem resposta sobre dúvidas e horário da entrega, e outra crítica genérica pedindo melhora na qualidade. As demais são curtas e positivas.
Lanche Da hora;-19.9615716934204;-44.1703243255615;Especialidade: lanchonete, hambúrguer, pizza. Avaliações lidas são quase todas reclamações sobre entrega: pedidos de pizza e lanche que atrasaram de uma a três horas, chegaram frios ou nem foram anotados, com a loja informando que o preparo ainda não havia começado. Há uma avaliação curta e positiva, sem detalhes.
Lanches DLu;-19.9357109069824;-44.1133193969727;Avaliações elogiam o cachorro-quente na chapa, o X-Picanha e o macarrão à bolonhesa, o atendimento educado e ágil e o ambiente limpo e organizado. Clientes antigos dizem que a qualidade se mantém e indicam o lugar para ir com família e amigos.
Lanches Martins;-19.9615802764893;-44.1378898620605;Especialidade: hambúrguer, cachorro-quente, lanchonete. Avaliações elogiam os lanches, o atendimento e principalmente a limpeza e organização do local. Citam espaço para crianças brincarem e que toca hinos, e indicam como lugar para lanchar com a família.
Lanchonete Dirceu;-19.9428148269653;-44.183219909668;Avaliações são na maioria curtas e positivas. Uma descreve lugar tranquilo para tomar uma cerveja ou fazer refeições, com boa comida, bom atendimento e ótimo preço. Há uma reclamação de entrega que passou muito do prazo informado, pela terceira vez.
Lanchonete do bigode;-20.0333395004272;-44.2193222045898;Especialidade: pizza. Avaliações elogiam a pizza e o cachorro-quente, bem recheados, e o atendimento cordial. Há reclamações repetidas de demora na entrega, de uma hora e meia a mais de duas horas e meia.
Lanchonete Pai e Filhos;-19.9322414398193;-44.1883811950684;Avaliações elogiam os lanches, com destaque para o X-Egg bacon, e citam bom ambiente e atendimento.
Lanchonete Sabor Da Fruta;-19.9443101882935;-44.1816368103027;Especialidade: lanchonete, açaí, brasileira. Avaliações são na maioria curtas e positivas. Uma detalha ambiente agradável e tranquilo, atendimento excelente, cardápio variado com combos, hambúrguer e batata frita elogiados, e indica o lugar para ir com família e amigos.
Lanchonete Super Amigos;-19.970196723938;-44.1744346618652;Especialidade: lanchonete. Avaliações curtas e positivas, sem detalhes.
Lanchonete Yasmim Caldos e Hambúrgueres;-19.931471824646;-44.1638870239258;Especialidade: hambúrguer, lanchonete. Avaliações são divididas. Parte elogia os caldos, o macarrão na chapa, o hambúrguer, o suco e o lugar aconchegante com boa recepção. Outra parte reclama de atendimento grosseiro ou inexistente, pedidos errados mais de uma vez, caldo com menos volume que o anunciado e entrega atrasada com comida torrada.
Lili Acai;-19.9418315887451;-44.1270751953125;Especialidade: lanchonete, coreana. Avaliações são na maioria curtas e positivas, sem detalhes. Uma elogia o sorvete e a equipe calorosa e acolhedora.
Louzada Lanches;-19.9527912139893;-44.1176567077637;Especialidade: hambúrguer. Avaliações elogiam os hambúrgueres e o ambiente familiar. Várias, porém, relatam piora recente no atendimento: espera de mais de uma hora no local, pedidos de quem chegou depois servidos antes, dificuldade de contato por WhatsApp e telefone, delivery sem suporte e preços altos para a qualidade.
Luco Gastrobar;-19.9629106521606;-44.2017269134521;Avaliações descrevem restaurante de ambiente moderno, bonito e aconchegante, com música ambiente, atendimento elogiado e pratos bem apresentados, indicado para jantar a dois, comemorações ou com amigos. Uma avaliação mista relata prato indisponível no cardápio, bolinho gorduroso e risoto com arroz duro, embora tenha gostado de outros pratos.
Madá Gastrobar;-19.9482049942017;-44.1894912719727;Especialidade: brasileira. Avaliações mistas. Há quem elogie o ambiente agradável, as porções e a música ao vivo. Várias criticam o buffet com comida e bebida inclusas: pouca variedade, comida fria, ingredientes fracos, bebida que acabou antes do previsto, divulgação que promete mais do que entrega e garçons pouco prestativos. Uma avaliação relata aranha no anel de cebola.
Magia Da Batata;-19.9605226516724;-44.1629447937012;Especialidade: lanchonete. Avaliações elogiam a batata recheada, o bom atendimento e os preços acessíveis, descrevendo o lugar como familiar.
Maná restaurante;-19.9681510925293;-44.198787689209;Poucas avaliações e divididas. Uma diz que o almoço já foi melhor e mais barato e que hoje a comida é ruim, cara, com poucas opções e carne dura. Outra elogia o atendimento educado e profissional.
Mango’s Gastrobar;-19.9638338088989;-44.1907157897949;Especialidade: hambúrguer. Avaliações descrevem ambiente aconchegante, com mesas no andar de cima sob uma mangueira, drinks elogiados, porções e hambúrguer saborosos, bom para ir sozinho, em casal ou em grupo. Há críticas a garçons perdidos, demora, cardápio limitado e banheiro só no andar de baixo. Uma avaliação relata carne dura, batatas queimadas e falta de suco.
Mãozinha Burguer;-19.9336204528809;-44.1261672973633;Especialidade: lanchonete, hambúrguer. Avaliações divididas, quase todas sobre delivery. Uma elogia muito o lanche, o molho especial, o atendimento e a entrega rápida. Outras reclamam de acréscimos pagos que não vieram, de cobrança em dobro no cartão sem devolução e de entrega que levou duas horas, dizendo que a qualidade caiu.
Maresia sushi;-19.9343490600586;-44.1840229034424;Especialidade: japonesa. Avaliações bem divididas. Algumas elogiam o sushi, as peças bem montadas, o preço justo e o esforço dos atendentes, sugerindo reforma no espaço. Outras relatam atendimento péssimo, mesas sujas, peixe com gosto de óleo velho e, em mais de uma visita, cobrança acima do que foi consumido.
Maria do Bolo;-19.9397411346436;-44.095645904541;Especialidade: doces. Avaliações elogiam muito os bolos de aniversário e os bolos caseiros, a qualidade dos ingredientes, o capricho, a limpeza do local e o preço justo, com clientes de muitos anos. Uma avaliação diz que o atendimento às vezes é um pouco rude.
Marreta Gastro Bar Delivery;-19.9602308273315;-44.2013397216797;Especialidade: fast-food, drinks. Avaliações curtas e positivas, sem detalhes.
Matos Padaria;-19.9439830780029;-44.1343879699707;Especialidade: padaria. Avaliações elogiam o atendimento rápido, os funcionários dispostos, o ambiente e a variedade de pães, salgados e doces, com destaque para o bolo. Uma diz que a padaria melhorou em relação a anos anteriores. Há reclamação de preço alto nos salgados.
McDonald's;-19.9626760482788;-44.161262512207;Especialidade: fast-food, café da manhã, hambúrguer. Avaliações curtas e positivas, uma delas elogiando os hambúrgueres, sem outros detalhes.
Mega Tom Pizzaria;-19.9443521499634;-44.125919342041;Especialidade: pizza. Avaliações curtas e positivas, sem detalhes.
Mellows Açaí and Fries;-19.9417505264282;-44.1108932495117;Especialidade: sorvete, doces. As três avaliações são negativas. Reclamam do açaí e dos cremes, de acompanhamentos colocados só por cima, de açaí que chegou derretendo e de creme de morango no lugar de fruta fresca sem aviso.
Mendoza - Casa de Gastronomia;-19.9624071121216;-44.2030220031738;Avaliações muito positivas. Elogiam o atendimento personalizado, a comida, com destaque para o filé no ponto certo, e a carta de vinhos. Descrevem ambiente aconchegante, intimista e charmoso, escolhido por casais para comemorar datas especiais, com mesa preparada pela equipe.
Mestre Bull Burgers;-19.9642705917358;-44.2034950256348;Especialidade: hambúrguer. Avaliações elogiam os hambúrgueres artesanais, a variedade de sabores, as batatas crocantes, as sodas italianas e o atendimento, inclusive em pedidos para entrega e retirada. Descrevem local pequeno e aconchegante, dentro de um posto de gasolina, com opção kids. Uma sugere assentos mais confortáveis.
Meu Bendito Açaí;-19.9634952545166;-44.2004470825195;Especialidade: coreana. Avaliações em sua maioria críticas. Reclamam de açaí entregue mole, de pote vendido como 1000 ml que seria de 750 ml, de falta de banheiro para clientes e de atendentes mal-humoradas, incluindo recusa de pedido com a loja ainda aberta. Uma avaliação diz que é o melhor açaí que provou em Betim e que voltou várias vezes.
Meu Petit;-19.9624938964844;-44.2006435394287;Especialidade: doces, padaria. Avaliações descrevem lugar muito bonito, com decoração temática, e elogiam salgados, croissant, drinks e tortas. O atendimento é apontado como irregular, ora cordial, ora desatento. Uma avaliação recente relata demora, pedido esquecido, itens do cardápio indisponíveis e pão dormido. Avisam que a cozinha fecha cedo no fim de semana.
MG Pizzaria;-19.9311790466309;-44.1242294311523;Especialidade: pizza. Avaliações curtas e positivas, sem detalhes.
Milanetto;-19.9581527709961;-44.1913566589355;Especialidade: italiana. Avaliações em sua maioria negativas e ligadas a pedidos por aplicativo: itens faltando ou trocados, embalagem aberta, molho ácido, massa sem tempero ou derretendo e recusa de reembolso. Um avaliador diz que a qualidade caiu muito. Uma avaliação discorda, elogia o macarrão no ponto e recomenda.
Miscelânia Confeitaria;-19.9277276992798;-44.1169624328613;Especialidade: doces, buffet (rodízio), padaria. Avaliações elogiam os bolos, as cestas e caixas para presente, o capricho nas embalagens, a pontualidade na entrega e o atendimento carinhoso e atencioso. Os relatos são de encomendas e surpresas entregues a terceiros.
Monsenhor Horta;-19.9700937271118;-44.2046012878418;Avaliações descrevem um boteco raiz com grande variedade de tira-gostos, como carnes de panela, pezinho de porco, língua, costela e almôndegas, e cerveja bem gelada. Elogiam também o atendimento e os preços.
Motel Auhê Betim;-19.9435920715332;-44.1598243713379;Avaliações curtas e positivas, sem detalhes. Uma comenta que achou as luzes fortes demais.
Motel Mirage;-19.9813079833984;-44.2018508911133;Avaliações divididas. Há elogios à limpeza, ao quarto amplo, à garagem, ao café da manhã e a uma suíte temática, sendo citado como opção de pernoite na Fernão Dias. As críticas falam de pouca privacidade, com garagem coberta só por lona e barulho de funcionários nos corredores, chuveiro que não esquenta, luzes e TV que não funcionam e preço alto.
Motel Star;-19.9559135437012;-44.125825881958;Avaliações divididas. Algumas elogiam os quartos arrumados, o serviço e o custo-benefício. Outras fazem críticas fortes à limpeza: cheiro de mofo, lençol sujo, colchão rasgado, hidromassagem mal higienizada e falta de papel no banheiro. Também reclamam do café incluso incompleto e servido frio.
Mr. Black Cafe Gourmet;-19.9622936248779;-44.160457611084;Especialidade: café, padaria. Avaliações divididas sobre o quiosque de café no shopping. Uma diz que é o melhor café do Partage, com preço justo, espaço aconchegante e atendentes educados. Outras reclamam de preço acima do mercado, atendente despreparado, sujeira, falta de utensílios e equipe sobrecarregada.
Naipe Burger Hamburgueria;-19.9589986801147;-44.1400032043457;Especialidade: hambúrguer. Avaliações curtas e positivas, sem detalhes.
Nara Ribs RestôBar;-19.9607925415039;-44.201379776001;Avaliações elogiam a comida, citando costela, purê de batata e sobremesas, e a equipe simpática. Uma avaliação reclama de serviço muito lento, a ponto de o prato chegar quando o resto da mesa já tinha terminado.
Natu Açaí Betim;-19.9495325088501;-44.1572952270508;Especialidade: açaí, brasileira. Avaliações todas positivas. Elogiam o sabor e a variedade do açaí, o preço e o atendimento simpático e ágil. Um cliente diz comprar há anos, desde a loja anterior.
Neia Restaurante;-19.9330339431763;-44.2001113891602;Avaliações divididas. Uma elogia a comida, o tempero, as saladas e o marmitex, com atendente atenciosa. Outras relatam atendimento ruim no self-service, panelas vazias e funcionárias falando mal de clientes, além de pedido por aplicativo que veio incompleto e foi mal resolvido.
Nigth Beer;-19.9474105834961;-44.1769828796387;Avaliações curtas e positivas, sem detalhes.
No Selettus;-19.9703435897827;-44.194953918457;Especialidade: drinks, música ao vivo. Avaliações curtas e positivas, sem detalhes.
Nobre Pasteleiro;-19.9642705917358;-44.203498840332;Especialidade: brasileira. Avaliações curtas, em geral positivas e uma que classifica como regular, sem detalhes.
Nóssenhora Bar;-19.9686088562012;-44.1957759857178;Especialidade: drinks. Avaliações descrevem ambiente tranquilo e agradável, bom para ir com familiares e amigos ou comemorar aniversário, com cerveja gelada, porções bem servidas e preço bom. Garçons são elogiados como prestativos, mas um relato reclama de uma garçonete desagradável, compensada por outra muito elogiada. Há quem tenha achado vazio na sexta-feira.
Nosso quintal bar;-20.0192718505859;-44.2266845703125;Avaliações descrevem um espaço agradável e familiar, simples e com carisma, bom para curtir música ao vivo e comer um tira-gosto. Elogiam o atendimento.
O Rango Lanches;-19.9509878158569;-44.1208438873291;Especialidade: lanchonete. Avaliações descrevem um lugar familiar, com comida saborosa e bom atendimento, elogiando hambúrguer, batata com cheddar e bacon e macarrão na chapa. Há uma reclamação sobre o almoço, considerado lento e com marmita quase só de arroz pelo preço cobrado.
Ôh Barba Cervejas;-19.9563913345337;-44.2002639770508;Avaliações descrevem um boteco tranquilo e nostálgico de cerveja artesanal, com dez torneiras de chope, boa variedade, preço baixo, petiscos e rock. Elogiam muito o atendimento e indicam para happy hour depois do trabalho. Citam uma hamburgueria ao lado que combina com as cervejas.
Oka Poke Betim;-19.9485101699829;-44.1832027435303;Avaliações são divididas. Parte elogia a comida, os pratos e a simpatia dos atendentes. Há duas reclamações de pedidos por aplicativo, uma de pedido não entregue e outra de salmão que teria chegado estragado, com cancelamento do pedido pelo restaurante depois da avaliação negativa.
Oliveira's Acai;-19.9343042373657;-44.1834487915039;Especialidade: sorvete, doces. Avaliações elogiam o açaí e a vitamina de açaí, o capricho e a simpatia da equipe, e descrevem o lugar como aconchegante para ir com amigos, namorada ou família. Há uma reclamação forte de cliente antigo dizendo que o atendimento e o açaí pioraram.
Original Cachorro Quente;-19.9583921432495;-44.1374778747559;Especialidade: lanchonete. Avaliações elogiam o cachorro-quente, o preço justo e o atendimento, com cliente de mais de 15 anos dizendo que a qualidade se mantém e que a coxinha é a melhor do bairro. Há reclamações de lanche entregue faltando ingredientes, de pedido não entregue e de dificuldade para reclamar por telefone.
Órion Buffet;-19.942850112915;-44.1748847961426;Avaliações descrevem um salão de festas amplo e agradável, indicado para festas infantis e aniversários, com playground, buffet e salgados elogiados e equipe atenciosa. Uma avaliação sugere melhorar o som ambiente e outra reclama de descarte de material em frente ao estacionamento.
Padaria Arte do Trigo;-19.9637861251831;-44.1912612915039;Especialidade: padaria. Avaliações descrevem uma padaria de bairro simples, limpa e agradável, boa para café da manhã, com pão de queijo, bolo de chocolate e pão francês elogiados, preço justo e atendentes atenciosas. Há reclamações de que o telefone não atende, de falta de pão e de preços que mudam de um dia para o outro.
Padaria Belem;-20.0383911132812;-44.2204246520996;Especialidade: café. Avaliações elogiam a padaria como a melhor da região para café da manhã e lanche da tarde, com pão quentinho, variedade de bolos, doces e salgados e pão de queijo como ponto forte, com bom preço. O atendimento é descrito como cordial e atencioso.
Padaria Bella Pan;-19.9321393966675;-44.1062812805176;Especialidade: padaria. Avaliações curtas e positivas, sem detalhes.
Padaria Belo Horizonte;-19.9535779953003;-44.1107635498047;Especialidade: padaria, doces, lanchonete. Avaliações curtas, em geral positivas e uma que classifica como regular, sem detalhes além de citar o funcionamento 24 horas.
Padaria Biscopao;-19.9327764511108;-44.2040481567383;Especialidade: padaria. Avaliações curtas e divididas. Uma elogia como ótima e caseira, outras acham fraca, e há reclamação de péssimo atendimento e café ruim.
Padaria Café com Prosa;-19.9383516311646;-44.1298141479492;Especialidade: padaria, café. Avaliações curtas e positivas. A única com detalhes elogia o ambiente agradável, os produtos frescos e o atendimento.
Padaria Cantim de Minas;-19.939227104187;-44.1656017303467;Especialidade: padaria. Avaliações descrevem uma padaria pequena, limpa e aconchegante, com bom café, pastel recomendado, preço bom e atendente educada. Há críticas de salgados encharcados de óleo e velhos, de bebidas pouco geladas, de funcionárias desatentas e de um cliente que recebeu pastel frio e disse que não voltaria.
Padaria do Parceiro;-19.9744215011597;-44.1430549621582;Especialidade: padaria. Avaliações curtas e positivas, sem detalhes.
Padaria Dumazinho;-19.945652961731;-44.1672096252441;Especialidade: padaria. Avaliações descrevem uma padaria familiar, grande e aconchegante, com produtos frescos, hambúrguer e misto quente muito elogiados e decoração temática em datas comemorativas. As opiniões sobre o atendimento se dividem: uns acham a equipe atenciosa e simpática, outros reclamam de demora e de funcionárias que ignoram o cliente.
Padaria e Cafeteria Gran La Torre;-19.962212562561;-44.202278137207;Especialidade: padaria, café. Avaliações curtas e positivas, sem detalhes.
Padaria e Confeitaria Bolotari;-19.9473266601562;-44.1772518157959;Especialidade: padaria. Avaliações em geral curtas e positivas. Uma descreve a padaria como referência na região, com pudim, pães e bolos de qualidade. Outra considera razoável e reclama de pães quase sempre pequenos demais, sem interesse do dono em melhorar.
Padaria e Confeitaria Buenopão;-19.9418230056763;-44.1827087402344;Especialidade: padaria. Avaliações descrevem uma padaria pequena, limpa e com o melhor preço e os melhores pães da região, elogiando lanches, bolos e a educação da equipe. Há uma reclamação de bolo de aniversário infantil encomendado com antecedência que não foi feito por erro na data do pedido.
Padaria e Confeitaria da Praça;-19.9493284225464;-44.1141452789307;Especialidade: padaria, doces. Avaliações elogiam o pão, apontado como o melhor da região, a pizza, o ambiente e o atendimento. O lugar é descrito como pequeno. Uma avaliação diz que o atendimento fica precário quando há movimento e que os preços são um pouco mais altos que os das outras padarias da região.
Padaria e Confeitaria Ingá;-19.9496269226074;-44.1969985961914;Especialidade: padaria, doces, café da manhã. Avaliações curtas e positivas, sem detalhes.
Padaria e Confeitaria Lenoir Bicalho;-19.939567565918;-44.1580848693848;Especialidade: padaria. As avaliações lidas são críticas. Dizem que a padaria já foi melhor, que a qualidade caiu, que o espaço está desorganizado e com poucas opções de pães, e reclamam de preços altos em café e refrigerante. Uma relata atendimento ruim e produto vencido à venda, ainda na prateleira na semana seguinte.
Padaria e Confeitaria Parada Obrigatória;-19.9691009521484;-44.1950054168701;São só duas avaliações, opostas. Uma reclama de péssimo atendimento e de pão seco e esfarinhando. A outra recomenda a coxinha, descrita como muito gostosa.
Padaria e Confeitaria Pernambuco;-19.9412813186646;-44.191535949707;Especialidade: padaria, doces. As avaliações lidas são negativas. A maioria reclama de pedidos por aplicativo: itens trocados sem aviso, salgados amassados, refrigerante quente, atraso e telefone que não existe. Uma avaliação presencial elogia a localização e o acesso, mas considera o ambiente apagado, o atendimento fraco, a variedade pequena e os valores altos.
Padaria e Confeitaria Pôr do Sol;-19.927848815918;-44.1268310546875;Especialidade: padaria. Avaliações curtas e positivas se misturam a críticas. Uma reclama de atendentes grosseiras, que não cumprimentam, e de cobrança por sacola. Outra considera o preço ok, mas diz que o espaço é pequeno e muito cheio, com espera de até 30 minutos para comprar pão nos horários de pico.
Padaria e Mercearia Café com Pão;-19.9361209869385;-44.1129245758057;Especialidade: padaria. Avaliações curtas e positivas. As que trazem algum detalhe dizem que é um bom lugar para café da manhã, com boas opções, bons pães e café.
Padaria e Mercearia Sabor do Trigo;-19.9810800552368;-44.1430931091309;Especialidade: padaria. Avaliações positivas descrevem uma padaria completa, com tudo gostoso. Uma agradece o apoio a uma equipe esportiva local com lanches gratuitos para atletas. Outra elogia porções, filé à parmegiana e pizza, citando nomes de outros estabelecimentos.
Padaria Metropolitana;-19.9621601104736;-44.1421165466309;Especialidade: padaria. Avaliações descrevem um lugar agradável, com bom atendimento e pessoas educadas, elogiando pão de queijo, pão francês e biscoito de polvilho. Citam que aceita cartão alimentação. Uma sugere que a padaria informe os horários das fornadas de pão.
Padaria Nutrivida;-19.970139503479;-44.1958351135254;Especialidade: padaria, doces, café da manhã. Avaliações curtas elogiam o café ou classificam como regular. Há duas reclamações detalhadas: uma de pedido por delivery que chegou com gosto e cheiro ruins, sem solução da loja, e outra de cliente antigo sobre desorganização no balcão, com pessoas que chegaram depois sendo atendidas antes.
Padaria Paladar;-19.958797454834;-44.186803817749;Especialidade: padaria. Avaliações curtas e positivas, sem detalhes.
Padaria Paladar;-19.9587526321411;-44.1675567626953;Especialidade: padaria. Avaliações elogiam a qualidade e o frescor de pães, bolos e demais produtos, a limpeza, o preço justo e o atendimento educado, descrevendo o ambiente como familiar e acolhedor. Uma avaliação pondera que o ambiente é apenas razoável, pouco confortável para parar, e que o atendimento é um pouco distraído.
Padaria Palmeiras;-19.9614744186401;-44.1380252838135;Especialidade: padaria. Avaliações elogiam o atendimento, o ambiente agradável e espaçoso e a variedade para o café, com destaque para a coxinha fresca. Citam um café colonial aos sábados, domingos e feriados com valor acessível e elogiam a pizza, apontada por um avaliador como a melhor da região. Clientes dizem frequentar o local para tomar café.
Padaria Palmeiras;-19.9368906021118;-44.1610507965088;Especialidade: padaria, doces, café da manhã. Avaliações curtas e positivas, sem detalhes.
Padaria Pão Maior;-19.9688138961792;-44.184497833252;Especialidade: padaria. Avaliações curtas e positivas em sua maioria. Uma delas descreve como padaria bem simples de bairro, onde se encontra o básico, com preços normais de padaria.
Padaria Paulista;-19.9289598464966;-44.1184539794922;Especialidade: padaria. Avaliações curtas e positivas em sua maioria. Uma delas diz que está sempre aberta e é uma boa opção para o bairro, mas sem nada de especial.
Padaria Petropan;-19.9697961807251;-44.176383972168;Especialidade: padaria. Avaliações curtas e positivas em sua maioria, com elogio ao atendimento bom e rápido para lanches. Há uma reclamação longa de um cliente sobre um pedido grande de cervejas para entrega que foi aceito e depois não pôde ser entregue.
Padaria Plaza Pães;-19.9472761154175;-44.1348915100098;Especialidade: padaria, doces, pizza. Avaliações de tom misto. Há elogios ao local para café da manhã ou da tarde, à variedade de salgados, à facilidade para estacionar e a funcionários receptivos. Uma avaliação relata experiência horrível, com funcionárias conversando muito alto, chão sujo, café servido em copo sujo e deboche após a reclamação.
Padaria Portas Abertas;-19.9637651443481;-44.2088680267334;Especialidade: padaria. Avaliações de tom misto. Há quem ache tudo gostoso e o atendimento excelente e quem diga que os produtos são bons. Há reclamações de preços altos, de padaria antiga que precisa se modernizar, com fila para pesar e outra para pagar, e de uma atendente da manhã descrita como mal educada e desrespeitosa.
Padaria Romeu e Julieta;-19.9354591369629;-44.1172752380371;Especialidade: padaria. Avaliações curtas e positivas, sem detalhes. Uma delas menciona funcionamento 24 horas.
Padaria Rubi;-19.9524526596069;-44.1164779663086;Especialidade: padaria. Avaliações de tom misto. Duas dizem que a padaria mudou de nome e que os itens são bons e o preço justo, mas o atendimento é apressado e abaixo do esperado. Há relato de funcionária manipulando pães sem luvas e de que já foi melhor, com preços mais altos, menos opções e pão queimado. Há também elogios à comida, ao ambiente bonito e a um evento.
Padaria São Judas Tadeu;-19.9598360061646;-44.1377868652344;Especialidade: padaria, café da manhã. Avaliações curtas e positivas, sem detalhes. Uma delas elogia a pizza.
Padaria Silva;-19.9264793395996;-44.1741123199463;Especialidade: padaria. Avaliações curtas e positivas, com um elogio ao atendimento. Uma das avaliações é de alguém que diz nunca ter estado na padaria.
Padaria Várzea;-19.9298372268677;-44.1742973327637;Especialidade: padaria, café da manhã. Avaliações curtas e positivas, sem detalhes.
Padaria Verena;-19.9397974014282;-44.1943283081055;Especialidade: padaria, café da manhã, doces. Avaliações curtas e positivas, sem detalhes.
Padaria Vila Rica;-20.034068107605;-44.2274780273438;Especialidade: padaria. Avaliações descrevem um lugar simples e bacana e elogiam muito os pães, em especial o pão de queijo, o pão sovado e o pão de sal, apontado como o melhor da região. Também elogiam o atendimento.
Pamonharia Mineira;-19.9419250488281;-44.2466506958008;Especialidade: brasileira. Avaliações curtas e positivas, sem detalhes.
Panalle Fábrica de Pães;-19.950719833374;-44.1946716308594;Avaliações elogiam muito a qualidade dos pães, descritos como leves, crocantes e de fermentação natural, feitos com ingredientes especiais. Uma avaliação conta que houve problema com um pedido, resolvido prontamente pela equipe, e outra faz ressalva ao atendimento. Os relatos falam de pedidos e envio.
Panda House Brasa;-19.962854385376;-44.2019519805908;Especialidade: hambúrguer. Avaliações descrevem hamburgueria de ambiente simples, agradável e aconchegante, num quintal, com elogios aos lanches suculentos, à carne na brasa, ao almoço por preço justo e ao atendimento rápido. Há ressalva de atendimento que deixou a desejar e uma avaliação bem negativa, que fala em propaganda enganosa, fritas encharcadas e hambúrguer de pão seco e carne queimada.
Panificadora Lourdes;-19.9947681427002;-44.1122283935547;Especialidade: padaria. Avaliações curtas e positivas. Uma delas diz que o salgado estava bom, mas faltou ketchup.
Panificadora Nobre e Silva;-20.0246171951294;-44.2297019958496;Especialidade: padaria. Avaliações curtas e positivas em sua maioria. Há uma reclamação de um pão de mel comprado com bolor, com promessa de denúncia à vigilância sanitária.
Panificadora Pão de Cada Dia;-19.9317293167114;-44.1255588531494;Especialidade: padaria. Avaliações curtas e positivas, sem detalhes.
Panificadora Semovi;-19.9703550338745;-44.1786289215088;Especialidade: padaria. Avaliações curtas e positivas, sem detalhes.
Panificadora Silva Rocha;-19.9692182540894;-44.1410217285156;Especialidade: padaria. A única avaliação com texto elogia a qualidade do produto, o capricho e os profissionais.
Panificadora Xodó;-19.9417181015015;-44.2020645141602;Especialidade: padaria. Avaliações elogiam os produtos, com destaque para a broa e o pão sempre fresquinho, e o atendimento da equipe. Um cliente frequente comenta que, dependendo do movimento, fica difícil entrar para comprar.
Pântano's Bar;-19.9398641586304;-44.1672058105469;Avaliações descrevem um bar simples, de ambiente familiar e acolhedor, com proposta temática ligada ao Shrek. Elogiam a batata recheada, a comida saborosa, a bebida gelada e o atendimento atencioso. Uma avaliação diz que o prato de um concurso de botecos era pequeno pelo preço e que naquele dia a cerveja não estava gelada.
Pão da Avenida;-19.949330329895;-44.1389713287354;Especialidade: padaria. Avaliações curtas e positivas, sem detalhes.
Pão De Ló Padaria e Confeitaria;-20.0283060073853;-44.2370986938477;Especialidade: padaria. Avaliações de tom misto. Há elogios ao atendimento, ao dono educado e prestativo, ao pão fresquinho, à variedade, aos preços e à facilidade para estacionar. Há reclamações de falta de higiene de atendentes ao manusear alimentos e de pães duros, velhos e com pouca oferta.
Pão de Minas;-19.9622631072998;-44.1603603363037;Especialidade: lanchonete. Avaliações descrevem uma cafeteria e elogiam o pão de queijo, o café expresso, o capuccino, os pães e a higiene do local, citado como bom para relaxar após as compras. O atendimento é elogiado por uns e apontado por outro como a desejar.
Pastel de Quê;-19.9636173248291;-44.1986465454102;Especialidade: brasileira. Avaliações elogiam o pastel gostoso e sequinho, o ambiente limpo, o pedido que sai rápido e o atendimento, e um avaliador o chama de melhor pastel de Betim. Há críticas à massa grossa e pesada, ao preço um pouco alto, ao bacon pouco frito e a uma cobrança de suco maior do que o pedido.
Pastificio Santa Amália;-19.9902172088623;-44.180700302124;Avaliações tratam da empresa fabricante de massas e não de um lugar para comer. Há elogio nostálgico à marca e à educação dos vigilantes e porteiros. Há reclamações de um pacote de massa que veio com bichos e da dificuldade de falar com o SAC.
Pedacinho Doce Confeitaria Artesanal;-19.9780340194702;-44.2124176025391;Especialidade: doces. Avaliação curta e positiva, sem detalhes.
Pedroso Grill;-19.9640913009644;-44.2036437988281;Avaliações de tom misto. Há elogios ao ambiente aconchegante com música, ao atendimento e a pratos como parmegiana, traíra sem espinhos, picanha e costelinha. Há reclamações fortes de picanha que não seria picanha, propaganda enganosa em porção anunciada, espera de mais de uma hora, mandioca dura, atendentes antipáticas e desorganização.
Peixe & prosa;-19.9418172836304;-44.2765808105469;Avaliações descrevem um restaurante simples, familiar e aconchegante, com comida saborosa a preço justo, tilápia elogiada, cerveja gelada e música boa. Citam espaço limpo e organizado, reinaugurado recentemente, e crianças que gostaram de pescar. Uma avaliação sugere um playground.
Peixe e Cia;-19.9724655151367;-44.194221496582;Especialidade: frutos do mar. Avaliações curtas, na maioria positivas e sem detalhes. Uma reclama de comida fria e outra acha caro.
Peixe Vivo;-19.9510478973389;-44.1892318725586;Avaliações curtas e positivas. Uma delas elogia a comida gostosa, o ambiente agradável e a recepção.
Peppe Pazzo Pizzaria;-19.9405860900879;-44.1698322296143;Especialidade: pizza. Avaliações de tom misto. Há elogios à pizza saborosa, aos ingredientes de qualidade, ao ambiente acolhedor, ao atendimento e aos donos. Duas avaliações reclamam de demora na entrega, entre uma hora e meia e quase duas horas, e uma diz que não atendem o telefone.
Pepper Motel;-20.0317411422729;-44.2368984222412;Avaliações de tom misto. Há quem ache o motel limpo, aconchegante e de preço justo. Há reclamações de instalações antigas, ar-condicionado velho ou sem funcionar, chuveiro sem água quente, toalhas encardidas, hidromassagem suja, wi-fi que não funcionou e resposta sarcástica à reclamação. A comida e o café da manhã são elogiados.
Petisqueira Deck Bar;-19.9578704833984;-44.1966514587402;Especialidade: drinks. Avaliações curtas e positivas, sem detalhes.
Picanha Grill;-19.9356164932251;-44.1135387420654;Avaliações curtas e positivas, uma delas elogia o atendimento, sem mais detalhes.
Ping Bakery Bread;-19.9706802368164;-44.1983852386475;Especialidade: padaria. Avaliações curtas e positivas, sem detalhes.
Piu Filhos;-19.9683218002319;-44.1961326599121;Especialidade: fast-food, cervejaria, churrasco. Avaliações descrevem um bar para tomar cerveja e comer espetinho ou churrasco com amigos, inclusive em happy hour. Elogiam o ambiente, o atendimento dos donos, que tratam clientes como amigos, as bebidas geladas e a música ao vivo às sextas.
Pizza do Gordinho;-19.9311256408691;-44.1122016906738;Especialidade: pizza. Avaliações elogiam as pizzas de massa fina e bem recheadas, os preços em conta, o ketchup de goiabada e o atendimento, tanto no local quanto na entrega. Há uma reclamação de pedido por WhatsApp que não foi entregue depois de mais de duas horas e de falta de resposta.
Pizza Pazza;-19.9627752304077;-44.1598873138428;Especialidade: pizza, fast-food. Avaliações curtas, na maioria positivas. Uma diz que as pizzas são muito boas e saborosas e outra classifica como regular.
Pizzaria Bahamas;-19.9583930969238;-44.1988487243652;Especialidade: pizza, fast-food. Avaliações elogiam a pizza, descrita como saborosa e tradicional, o filé à parmegiana e a rapidez no atendimento, e citam ambiente bom para família, amigos e confraternizações. Uma avaliação critica o espaguete, considerado simples demais e com pouco recheio para o preço.
Pizzaria Baviera;-19.9357585906982;-44.1767730712891;Especialidade: pizza. Avaliações elogiam pizzas bem recheadas, que chegam quentes, preço justo, entrega mais rápida que o prazo e bom atendimento. Uma avaliação critica bastante, dizendo que a pizza veio salgada e seca e que a quatro queijos parecia ter só muçarela.
Pizzaria Borda de Ouro;-19.943208694458;-44.1795291900635;Especialidade: pizza. Avaliações chamam de melhor pizza de Betim e da região, citando sabores como nordestina com cream cheese, contra filé e a borda de ouro. Elogiam ambiente limpo, bom atendimento e preço bom, e dizem que vale tanto comer no local quanto encomendar, com combos pelo link do WhatsApp.
Pizzaria Cabana;-20.0283975601196;-44.2363166809082;Especialidade: pizza. Avaliações lidas são majoritariamente negativas. Reclamam de entregas com três a quatro horas de atraso, pedidos errados ou entregues a outra pessoa, falta de devolução do dinheiro e queda na qualidade da pizza, com recheio seco e pouco queijo. Uma delas reconhece que as pizzas são boas, mas relata experiências recentes péssimas.
Pizzaria Columbia;-19.9388294219971;-44.1279716491699;Especialidade: pizza. Avaliações lidas são majoritariamente negativas. Reclamam de entregas demoradas, comida que chega fria ou muito salgada, pizza sem sabor com ingredientes ruins, refrigerante trocado e falta de resposta ou de solução por parte da casa. Uma delas diz que a qualidade é inconsistente, às vezes muito boa e às vezes não.
Pizzaria da Praça;-19.9561796188354;-44.1562995910645;Especialidade: pizza. Avaliações elogiam a pizza, com massa no ponto, o atendimento e o ambiente agradável. Há cliente que diz frequentar há anos e quem a chame de melhor pizzaria da região.
Pizzaria Hamburqueria Meu Xodó;-19.9613628387451;-44.1403732299805;Avaliações divididas. Há elogios aos hambúrgueres, pizzas e sanduíches, ao atendimento e ao local agradável para família, amigos e eventos. Há reclamações de pizza gigante menor que o esperado pelo preço, pedidos errados, batata encharcada, hambúrguer sem tempero e suco aguado.
Pizzaria Meu Rancho;-19.9630270004272;-44.2001056671143;Especialidade: pizza. Avaliações elogiam o ambiente agradável e acolhedor para família e amigos, o atendimento atencioso e rápido, as pizzas de massa leve e recheio generoso com ingredientes de qualidade e a cerveja gelada.
Pizzaria New York;-19.9447832107544;-44.1299057006836;Especialidade: pizza. Duas avaliações curtas elogiam a pizza, uma delas diz que chegou quentinha na entrega.
Pizzaria Pernalonga;-19.9554443359375;-44.200439453125;Especialidade: pizza, fast-food. Avaliações curtas e positivas na maioria. Uma alerta que o pedido vem errado, embora a comida seja boa. Outra, de 2018, elogia a pizza saborosa em promoção e os garçons atenciosos, mas diz que é difícil estacionar e que o atendimento por telefone é relapso.
Pizzaria Romanelli;-19.9391765594482;-44.1660823822021;Especialidade: pizza. Avaliações curtas, na maioria positivas. Uma diz que é bom, mas que a comida não é sensacional e o preço é um pouco caro.
Pizzaria Sabor de Minas;-20.0232067108154;-44.2293739318848;Especialidade: pizza. Avaliações curtas elogiam a pizza e o preço. Duas reclamam de demora na entrega, com pedido ainda no forno ou esperando motoboy depois de mais de uma hora, o que levou um cliente a cancelar.
Pizzaria Thilu;-19.9594392776489;-44.1402931213379;Especialidade: pizza. Avaliações curtas, na maioria positivas, sem detalhes. Uma classifica como mais ou menos.
Pizzaria Trembão Betim;-19.937050819397;-44.1952667236328;Especialidade: pizza. Avaliações descrevem ambiente aconchegante e charmoso, com área kids com monitor, e elogiam a pizza, a cerveja e a equipe, inclusive em aniversário com cerca de 50 convidados. Há queixas de música alta, barulho, demora da comida e dificuldade para chamar garçons, e um relato de frustração numa noite de casa cheia.
Pizzaria Vicente;-19.9397125244141;-44.2020835876465;Especialidade: pizza. Avaliações elogiam o ambiente simples, espaçoso, familiar e acolhedor, bom para ir com amigos, família ou em casal, além das pizzas, caldos e petiscos e do atendimento. Citam a recepção do dono e show ao vivo.
Pizzas Tileila Delivery;-19.9473123550415;-44.0999526977539;Especialidade: pizza. Avaliações divididas. Há elogios ao combo, à porção de batata e ao camarão. Há reclamações de entrega com uma hora e meia de atraso e comida fria, resposta irônica do responsável e mini pizzas de massa grossa que chegaram mornas numa encomenda para aniversário.
Ponto da Pizza;-19.9643135070801;-44.2004547119141;Especialidade: pizza, buffet (rodízio). Avaliações elogiam a pizza, com massa considerada sensacional e bem recheada, o atendimento, as opções de sabores e o ambiente agradável. Uma cita também o hambúrguer feito com massa de pizza.
Ponto da Tábua;-19.9413156509399;-44.1795749664307;Avaliações elogiam o lugar aconchegante, o chope gelado, o atendimento, a porção de carne, a tábua bem servida e a jantinha pedida por aplicativo, com entrega rápida. Uma avaliação reclama fortemente de um caldo que chegou azedo e com mau cheiro.
Ponto do açaí;-19.9458646774292;-44.1014595031738;Especialidade: sorvete, doces. Avaliações elogiam o atendimento, a apresentação das taças e barcas de açaí e sorvete, o açaí cremoso e o ambiente familiar. Uma relata experiência péssima em pedido por aplicativo, com açaí com gosto de gelo, cobertura de má qualidade e espera de duas horas.
Ponto do Peixe;-19.9593648910522;-44.2383117675781;Avaliações divididas. Há quem descreva como restaurante familiar com pratos bem servidos, que dão para quatro pessoas, e peixe sem espinha, recomendando chegar cedo para evitar demora. Outras criticam os acompanhamentos e relatam um peixe duro, longa espera e resposta ruim da casa à reclamação.
Ponto do Tropeiro;-19.9472856521606;-44.1782608032227;Avaliações lidas são na maioria negativas. Reclamam de mau atendimento no caixa, cobrança de acréscimo no cartão de crédito sem aviso, prato cobrado sem a carne e marmitas entregues com mais de uma hora de atraso. Há elogios pontuais à comida bem temperada, ao preço justo e ao churrasqueiro.
Ponto Verde Lanches;-19.9403848648071;-44.1044387817383;Especialidade: lanchonete. Avaliações divididas. Parte elogia os hambúrgueres e o macarrão, o capricho e a entrega rápida. Duas reclamam de batata murcha e oleosa, embalagem quebrada, gosto estranho no lanche e espera de uma hora e vinte.
POP Burguer;-19.965651512146;-44.1382865905762;Especialidade: hambúrguer. Avaliações curtas, na maioria positivas, citando bom hambúrguer e bom custo-benefício do prato feito. Uma diz que não gostou.
Brasília Resorte Hotel Fazenda;-15.9807529449463;-48.1966171264648;Avaliações curtas e positivas, sem detalhes.
Brasília Topokki;-15.8162832260132;-48.118106842041;Especialidade: coreana. Avaliações descrevem comida coreana saborosa e feita com cuidado, com preços considerados ok. Uma avaliação acha os sabores suavizados, estranhou a carne do kimbap e gostaria de um cardápio maior e mais autêntico. Há reclamação de taxa de entrega muito alta.
Brasis Ateliê Gastronômico;-15.6090450286865;-47.9611930847168;Especialidade: brasileira. Avaliações descrevem uma experiência gastronômica com menu degustação de ingredientes brasileiros e combinações incomuns, em porções pequenas que satisfazem ao final. Elogiam o serviço, a decoração criativa e o local diferente. Há elogio ao menu degustação vegano. Citado para comemorações em grupo.
Braz Bier Choperia;-15.8303022384644;-48.0104103088379;Avaliações descrevem um boteco na praça de alimentação de um shopping em Águas Claras, com comida, café da manhã e lanches gostosos e preços bons. Há várias reclamações de atendimento desatento ou de cara fechada e de muita demora nos pedidos. Uma avaliação relata cabelo na comida e outra critica o som alto na porta.
BSB Crispy - O seu frango frito crocante em Águas Claras;-15.840503692627;-48.0275268554688;Especialidade: frango, lanchonete. Avaliações são mistas. Há elogios ao atendimento rápido, à comida e aos drinks. Há também reclamações sérias: um pedaço de plástico encontrado dentro do frango frito com resposta indiferente do atendente, pedido feito pelo site que não estava pronto após a espera, e marmitas de delivery que chegaram abertas e vazando sem que a loja assumisse o problema.
BSB Grill Bar e Restaurante;-15.7745532989502;-47.8857269287109;Especialidade: churrasco, árabe. Avaliações elogiam as carnes, as porções grandes e o atendimento, citando garçons pelo nome. Descrevem como lugar tradicional da Asa Norte para comer carne e recomendam a esfiha.
BSB Grill Sul;-15.8313684463501;-47.9114418029785;Especialidade: churrasco, árabe. Avaliações elogiam as carnes suculentas e bem grelhadas, os acompanhamentos e a equipe simpática e divertida. Citam o almoço executivo com bom custo e porções adequadas. Descrito como churrascaria típica, boa para reuniões de família e para assistir esportes.
BSBeer;-15.8016815185547;-47.9262275695801;Avaliações elogiam a variedade e a qualidade das cervejas e o atendimento simpático, com equipe que dá sugestões e tira dúvidas. Também citam comida competente com bons preços, valendo para um almoço rápido. Ambiente descrito como agradável.
BSquare Pizza e Burger - Pizzaria e Hamburgueria em Asa Sul;-15.8067941665649;-47.8935928344727;Especialidade: pizza, hambúrguer. Avaliações elogiam a pizza com queijo tostado na borda, os hambúrgueres e a sobremesa de pistache, em ambiente agradável e organizado com garçons atenciosos. Há ressalvas pontuais: um primeiro atendente pouco receptivo, pedido que chegou depois do de outra mesa, um hambúrguer seco e demora no brownie.
Bu.té.quim;-15.8113927841187;-47.9017448425293;Especialidade: drinks. Avaliações descrevem um bar de entrequadra amplo, animado e com área descoberta, bom para almoçar e esticar a tarde conversando. Parte elogia pratos saborosos e bem servidos e o atendimento. Outra parte critica a execução e o tempero, um prato feito com arroz duro e carne gordurosa, demora, cardápio extenso sem identidade e atendimento a melhorar.
